{
  "iri": "d54a372a-b13d-479f-b8d8-2ce4c9a06b25/fda6cad3-b442-411b-8a6a-29a75d21a1a7/218a158e-1bb6-45be-a33f-db0c224447c4",
  "types": [
    "http://dataspecer.com/resources/local/package"
  ],
  "userMetadata": {
    "label": {
      "en": "DCAT Default Application Profile",
      "cs": "Výchozí aplikační profil DCAT"
    },
    "description": {},
    "importedFromUrl": "https://mff-uk.github.io/specifications/dcat-dap/",
    "documentBaseUrl": "https://mff-uk.github.io/specifications/dcat-dap/"
  },
  "metadata": {
    "creationDate": "2025-03-17T09:57:07.941Z",
    "modificationDate": "2025-04-03T08:41:25.182Z"
  },
  "_version": 1,
  "_exportVersion": 1,
  "_exportedAt": "2025-04-03T08:46:37.078Z",
  "_exportedBy": "http://localhost:3100"
}