{
  "iri": "d54a372a-b13d-479f-b8d8-2ce4c9a06b25/fda6cad3-b442-411b-8a6a-29a75d21a1a7/218a158e-1bb6-45be-a33f-db0c224447c4/0a170e52-c622-45cd-b497-ce81286b2bef",
  "types": [
    "https://dataspecer.com/core/model-descriptor/pim-store-wrapper"
  ],
  "userMetadata": {
    "documentBaseUrl": "https://semiceu.github.io/Core-Location-Vocabulary/releases/2.00/voc/core-location-ap.ttl",
    "label": {
      "en": "core-location-ap"
    }
  },
  "metadata": {
    "creationDate": "2025-04-15T12:56:02.920Z",
    "modificationDate": "2025-04-24T07:13:19.129Z"
  },
  "_version": 1,
  "_exportVersion": 1,
  "_exportedAt": "2025-04-24T07:16:42.675Z",
  "_exportedBy": "http://localhost:3100"
}