{
  "iri": "d54a372a-b13d-479f-b8d8-2ce4c9a06b25/fda6cad3-b442-411b-8a6a-29a75d21a1a7/218a158e-1bb6-45be-a33f-db0c224447c4/0a4d4021-4ea0-4efb-99b4-6db1466065b9",
  "types": [
    "https://dataspecer.com/core/model-descriptor/pim-store-wrapper"
  ],
  "userMetadata": {
    "documentBaseUrl": "https://datagov-cz.github.io/cache-slovniku/time.ttl",
    "label": {
      "en": "time"
    }
  },
  "metadata": {
    "creationDate": "2025-03-17T09:57:09.342Z",
    "modificationDate": "2025-04-01T18:19:40.633Z"
  },
  "_version": 1,
  "_exportVersion": 1,
  "_exportedAt": "2025-04-01T18:20:44.430Z",
  "_exportedBy": "http://localhost:3100"
}