{
  "iri": "d54a372a-b13d-479f-b8d8-2ce4c9a06b25/fda6cad3-b442-411b-8a6a-29a75d21a1a7/218a158e-1bb6-45be-a33f-db0c224447c4/8498d0e4-3d5c-49d3-803d-ca63674bd4c6",
  "types": [
    "https://dataspecer.com/core/model-descriptor/pim-store-wrapper"
  ],
  "userMetadata": {
    "documentBaseUrl": "https://datagov-cz.github.io/cache-slovniku/skos.rdf",
    "label": {
      "en": "skos"
    }
  },
  "metadata": {
    "creationDate": "2025-03-17T09:57:08.694Z",
    "modificationDate": "2025-03-19T14:52:32.408Z"
  },
  "_version": 1,
  "_exportVersion": 1,
  "_exportedAt": "2025-03-19T14:55:01.278Z",
  "_exportedBy": "http://localhost:3100"
}