{
  "iri": "d54a372a-b13d-479f-b8d8-2ce4c9a06b25/fda6cad3-b442-411b-8a6a-29a75d21a1a7/218a158e-1bb6-45be-a33f-db0c224447c4/b5890024-94ac-41a5-8981-8720b3be97f1",
  "types": [
    "https://dataspecer.com/core/model-descriptor/pim-store-wrapper"
  ],
  "userMetadata": {
    "documentBaseUrl": "https://www.w3.org/ns/prov-o",
    "label": {
      "en": "prov-o"
    }
  },
  "metadata": {
    "creationDate": "2025-04-15T12:56:05.220Z",
    "modificationDate": "2025-04-22T09:05:05.288Z"
  },
  "_version": 1,
  "_exportVersion": 1,
  "_exportedAt": "2025-04-22T09:06:11.737Z",
  "_exportedBy": "http://localhost:3100"
}