{
  "iri": "d54a372a-b13d-479f-b8d8-2ce4c9a06b25/fda6cad3-b442-411b-8a6a-29a75d21a1a7/218a158e-1bb6-45be-a33f-db0c224447c4/d0f43f46-6331-4ded-91d1-6b4a3f885648",
  "types": [
    "https://dataspecer.com/core/model-descriptor/pim-store-wrapper"
  ],
  "userMetadata": {
    "documentBaseUrl": "https://www.w3.org/ns/legacy_locn.ttl",
    "label": {
      "en": "legacy_locn"
    }
  },
  "metadata": {
    "creationDate": "2025-03-17T09:57:11.356Z",
    "modificationDate": "2025-03-19T14:52:31.269Z"
  },
  "_version": 1,
  "_exportVersion": 1,
  "_exportedAt": "2025-03-19T14:55:01.292Z",
  "_exportedBy": "http://localhost:3100"
}