{
  "iri": "d54a372a-b13d-479f-b8d8-2ce4c9a06b25/bf936d61-d277-4d4f-b10c-e20657870580",
  "types": [
    "http://dataspecer.com/resources/local/package"
  ],
  "userMetadata": {
    "label": {
      "en": "DataCite"
    },
    "description": {},
    "importedFromUrl": "https://michalmed.github.io/DataCite/en/",
    "documentBaseUrl": "https://michalmed.github.io/DataCite/en/"
  },
  "metadata": {
    "creationDate": "2025-04-15T12:56:06.161Z",
    "modificationDate": "2025-04-24T07:13:20.479Z"
  },
  "_version": 1,
  "_exportVersion": 1,
  "_exportedAt": "2025-04-24T07:16:42.699Z",
  "_exportedBy": "http://localhost:3100"
}