{
  "iri": "d54a372a-b13d-479f-b8d8-2ce4c9a06b25/bf936d61-d277-4d4f-b10c-e20657870580/vocabulary",
  "types": [
    "http://dataspecer.com/resources/local/semantic-model"
  ],
  "userMetadata": {
    "label": {
      "en": "DataCite"
    },
    "documentBaseUrl": "https://michalmed.github.io/DataCite/en/"
  },
  "metadata": {
    "creationDate": "2025-03-17T09:57:13.073Z",
    "modificationDate": "2025-04-02T11:38:20.364Z"
  },
  "_version": 1,
  "_exportVersion": 1,
  "_exportedAt": "2025-04-02T11:39:20.788Z",
  "_exportedBy": "http://localhost:3100"
}