{
  "iri": "d54a372a-b13d-479f-b8d8-2ce4c9a06b25/6c88e100-c7d2-4009-81d3-2760026bbfa3/54b60737-a241-441c-a339-70867389c4d6/3140062b-9af4-4649-a346-fa42234e172f",
  "types": [
    "https://dataspecer.com/core/model-descriptor/pim-store-wrapper"
  ],
  "userMetadata": {
    "documentBaseUrl": "https://datagov-cz.github.io/cache-slovniku/skos.rdf",
    "label": {
      "en": "skos"
    }
  },
  "metadata": {
    "creationDate": "2025-06-24T12:02:23.916Z",
    "modificationDate": "2025-06-24T13:30:00.549Z"
  },
  "_version": 1,
  "_exportVersion": 1,
  "_exportedAt": "2025-06-24T13:30:48.545Z",
  "_exportedBy": "http://localhost:3100"
}