{
  "operations": [
    {
      "types": [
        "core-operation",
        "https://ofn.gov.cz/slovník/psm/CreateClass"
      ],
      "iri": "https://ofn.gov.cz/operation/1742341087434-8a69-5fe7-822f",
      "parent": null,
      "dataPsmNewIri": null,
      "dataPsmInterpretation": "vdp1ynrj7pnm7yh66bt",
      "dataPsmTechnicalLabel": "distribution_-_data_service",
      "dataPsmHumanLabel": null,
      "dataPsmHumanDescription": null,
      "dataPsmExtends": [],
      "dataPsmIsClosed": null
    },
    {
      "types": [
        "core-operation",
        "https://ofn.gov.cz/slovník/psm/SetRoots"
      ],
      "iri": "https://ofn.gov.cz/operation/1742341087467-e494-79e7-9d7e",
      "parent": "https://ofn.gov.cz/operation/1742341087434-8a69-5fe7-822f",
      "dataPsmRoots": [
        "https://ofn.gov.cz/class/1742341087434-6720-11c4-ae6e"
      ]
    },
    {
      "types": [
        "core-operation",
        "https://ofn.gov.cz/slovník/psm/SetHumanLabel"
      ],
      "iri": "https://ofn.gov.cz/operation/1742341087502-2ef4-9e90-a269",
      "parent": "https://ofn.gov.cz/operation/1742341087467-e494-79e7-9d7e",
      "dataPsmResource": "063905cf-bea1-40ff-91ae-15776fbe89de",
      "dataPsmHumanLabel": {
        "cs": "Distribution - data service",
        "en": "Distribution - data service"
      }
    },
    {
      "types": [
        "core-operation",
        "https://ofn.gov.cz/slovník/psm/SetHumanDescription"
      ],
      "iri": "https://ofn.gov.cz/operation/1742341087533-afab-f879-907d",
      "parent": "https://ofn.gov.cz/operation/1742341087502-2ef4-9e90-a269",
      "dataPsmResource": "063905cf-bea1-40ff-91ae-15776fbe89de",
      "dataPsmHumanDescription": {
        "cs": "Datová struktura pro Distribution - data service. Physical embodiment of the dataset as a particular data service. ",
        "en": "Data structure for Distribution - data service. Physical embodiment of the dataset as a particular data service. "
      }
    },
    {
      "types": [
        "core-operation",
        "https://ofn.gov.cz/slovník/psm/CreateAttribute"
      ],
      "iri": "https://ofn.gov.cz/operation/1742341094773-718c-5b8d-ae77",
      "parent": "https://ofn.gov.cz/operation/1742341087533-afab-f879-907d",
      "dataPsmNewIri": null,
      "dataPsmInterpretation": "0rfjggqq6flm7ymc7kl",
      "dataPsmTechnicalLabel": "description",
      "dataPsmHumanLabel": null,
      "dataPsmHumanDescription": null,
      "dataPsmOwner": "https://ofn.gov.cz/class/1742341087434-6720-11c4-ae6e",
      "dataPsmDatatype": "https://ofn.gov.cz/zdroj/základní-datové-typy/2020-07-01/text"
    },
    {
      "types": [
        "core-operation",
        "https://ofn.gov.cz/slovník/psm/CreateClass"
      ],
      "iri": "https://ofn.gov.cz/operation/1742341094796-2b0b-8337-bb97",
      "parent": "https://ofn.gov.cz/operation/1742341094773-718c-5b8d-ae77",
      "dataPsmNewIri": null,
      "dataPsmInterpretation": "sfsnn65yifm7ymy4qe",
      "dataPsmTechnicalLabel": "documentation",
      "dataPsmHumanLabel": null,
      "dataPsmHumanDescription": null,
      "dataPsmExtends": [],
      "dataPsmIsClosed": null
    },
    {
      "types": [
        "core-operation",
        "https://ofn.gov.cz/slovník/psm/CreateAssociationEnd"
      ],
      "iri": "https://ofn.gov.cz/operation/1742341094820-5e92-e053-867b",
      "parent": "https://ofn.gov.cz/operation/1742341094796-2b0b-8337-bb97",
      "dataPsmNewIri": null,
      "dataPsmInterpretation": "9ffamme2dpsm7ymyv3u",
      "dataPsmTechnicalLabel": "documentation",
      "dataPsmHumanLabel": null,
      "dataPsmHumanDescription": null,
      "dataPsmOwner": "https://ofn.gov.cz/class/1742341087434-6720-11c4-ae6e",
      "dataPsmPart": "https://ofn.gov.cz/class/1742341094796-1c3e-28a7-94e9",
      "dataPsmIsReverse": false,
      "dataPsmIsDematerialize": null
    },
    {
      "types": [
        "core-operation",
        "https://ofn.gov.cz/slovník/psm/CreateClass"
      ],
      "iri": "https://ofn.gov.cz/operation/1742341094850-ca0e-ea6e-8839",
      "parent": "https://ofn.gov.cz/operation/1742341094820-5e92-e053-867b",
      "dataPsmNewIri": null,
      "dataPsmInterpretation": "kzdl89bw9ym7xgj5sm",
      "dataPsmTechnicalLabel": "application_profile",
      "dataPsmHumanLabel": null,
      "dataPsmHumanDescription": null,
      "dataPsmExtends": [],
      "dataPsmIsClosed": null
    },
    {
      "types": [
        "core-operation",
        "https://ofn.gov.cz/slovník/psm/CreateAssociationEnd"
      ],
      "iri": "https://ofn.gov.cz/operation/1742341094877-799b-a569-8ffa",
      "parent": "https://ofn.gov.cz/operation/1742341094850-ca0e-ea6e-8839",
      "dataPsmNewIri": null,
      "dataPsmInterpretation": "95ztxv4zuqfm7ymwb3a",
      "dataPsmTechnicalLabel": "specification",
      "dataPsmHumanLabel": null,
      "dataPsmHumanDescription": null,
      "dataPsmOwner": "https://ofn.gov.cz/class/1742341087434-6720-11c4-ae6e",
      "dataPsmPart": "https://ofn.gov.cz/class/1742341094850-8c0e-cb47-bd9c",
      "dataPsmIsReverse": false,
      "dataPsmIsDematerialize": null
    },
    {
      "types": [
        "core-operation",
        "https://ofn.gov.cz/slovník/psm/CreateClass"
      ],
      "iri": "https://ofn.gov.cz/operation/1742341094909-5cfd-f718-b624",
      "parent": "https://ofn.gov.cz/operation/1742341094877-799b-a569-8ffa",
      "dataPsmNewIri": null,
      "dataPsmInterpretation": "s4oecatrytcm7yma45p",
      "dataPsmTechnicalLabel": "data_service",
      "dataPsmHumanLabel": null,
      "dataPsmHumanDescription": null,
      "dataPsmExtends": [],
      "dataPsmIsClosed": null
    },
    {
      "types": [
        "core-operation",
        "https://ofn.gov.cz/slovník/psm/CreateAssociationEnd"
      ],
      "iri": "https://ofn.gov.cz/operation/1742341094938-e1f0-bfba-896e",
      "parent": "https://ofn.gov.cz/operation/1742341094909-5cfd-f718-b624",
      "dataPsmNewIri": null,
      "dataPsmInterpretation": "i40zftyv4wm7ymaw4t",
      "dataPsmTechnicalLabel": "access_service",
      "dataPsmHumanLabel": null,
      "dataPsmHumanDescription": null,
      "dataPsmOwner": "https://ofn.gov.cz/class/1742341087434-6720-11c4-ae6e",
      "dataPsmPart": "https://ofn.gov.cz/class/1742341094908-8370-3bf5-bb36",
      "dataPsmIsReverse": false,
      "dataPsmIsDematerialize": null
    },
    {
      "types": [
        "core-operation",
        "https://ofn.gov.cz/slovník/psm/CreateClassReference"
      ],
      "iri": "https://ofn.gov.cz/operation/1742341107150-5520-94d9-aaf1",
      "parent": "https://ofn.gov.cz/operation/1742341094938-e1f0-bfba-896e",
      "dataPsmNewIri": null,
      "dataPsmSpecification": "c6aa0a4b-e116-4247-9c26-bb59ad90cb83",
      "dataPsmClass": "https://ofn.gov.cz/class/1742235803801-3bb0-3064-a2dc"
    },
    {
      "types": [
        "core-operation",
        "https://ofn.gov.cz/slovník/psm/SetPart"
      ],
      "iri": "https://ofn.gov.cz/operation/1742341107182-8b62-b686-bade",
      "parent": "https://ofn.gov.cz/operation/1742341107150-5520-94d9-aaf1",
      "dataPsmAssociationEnd": "https://ofn.gov.cz/association/1742341094877-459e-837a-b41d",
      "dataPsmPart": "https://ofn.gov.cz/class-reference/1742341107149-2c1f-0874-bbcf"
    },
    {
      "types": [
        "core-operation",
        "https://ofn.gov.cz/slovník/psm/DeleteClass"
      ],
      "iri": "https://ofn.gov.cz/operation/1742341107189-06e4-176c-b161",
      "parent": "https://ofn.gov.cz/operation/1742341107182-8b62-b686-bade",
      "dataPsmClass": "https://ofn.gov.cz/class/1742341094850-8c0e-cb47-bd9c"
    },
    {
      "types": [
        "core-operation",
        "https://ofn.gov.cz/slovník/psm/CreateClassReference"
      ],
      "iri": "https://ofn.gov.cz/operation/1742341155029-a08e-a23a-af75",
      "parent": "https://ofn.gov.cz/operation/1742341107189-06e4-176c-b161",
      "dataPsmNewIri": null,
      "dataPsmSpecification": "39c6cf99-ac66-4d0c-bbcc-129ac6daeccb",
      "dataPsmClass": "https://ofn.gov.cz/class/1742341119213-d3b3-b949-8fcd"
    },
    {
      "types": [
        "core-operation",
        "https://ofn.gov.cz/slovník/psm/SetPart"
      ],
      "iri": "https://ofn.gov.cz/operation/1742341155062-2de3-ddc7-ba99",
      "parent": "https://ofn.gov.cz/operation/1742341155029-a08e-a23a-af75",
      "dataPsmAssociationEnd": "https://ofn.gov.cz/association/1742341094820-c531-1e6c-a3f2",
      "dataPsmPart": "https://ofn.gov.cz/class-reference/1742341155029-91d0-9a15-a1a8"
    },
    {
      "types": [
        "core-operation",
        "https://ofn.gov.cz/slovník/psm/DeleteClass"
      ],
      "iri": "https://ofn.gov.cz/operation/1742341155068-bf69-1c07-b5c4",
      "parent": "https://ofn.gov.cz/operation/1742341155062-2de3-ddc7-ba99",
      "dataPsmClass": "https://ofn.gov.cz/class/1742341094796-1c3e-28a7-94e9"
    },
    {
      "types": [
        "core-operation",
        "https://ofn.gov.cz/slovník/psm/CreateClassReference"
      ],
      "iri": "https://ofn.gov.cz/operation/1742341158592-bd01-bc80-ab1d",
      "parent": "https://ofn.gov.cz/operation/1742341155068-bf69-1c07-b5c4",
      "dataPsmNewIri": null,
      "dataPsmSpecification": "f5642222-ae65-4b72-8f09-414f74ba7b7e",
      "dataPsmClass": "https://ofn.gov.cz/class/1742341134353-4364-b792-b174"
    },
    {
      "types": [
        "core-operation",
        "https://ofn.gov.cz/slovník/psm/SetPart"
      ],
      "iri": "https://ofn.gov.cz/operation/1742341158633-5c98-3041-a387",
      "parent": "https://ofn.gov.cz/operation/1742341158592-bd01-bc80-ab1d",
      "dataPsmAssociationEnd": "https://ofn.gov.cz/association/1742341094938-b5dd-fe15-a410",
      "dataPsmPart": "https://ofn.gov.cz/class-reference/1742341158592-4fd0-dd06-b5b2"
    },
    {
      "types": [
        "core-operation",
        "https://ofn.gov.cz/slovník/psm/DeleteClass"
      ],
      "iri": "https://ofn.gov.cz/operation/1742341158640-7d22-cdab-8e4d",
      "parent": "https://ofn.gov.cz/operation/1742341158633-5c98-3041-a387",
      "dataPsmClass": "https://ofn.gov.cz/class/1742341094908-8370-3bf5-bb36"
    },
    {
      "types": [
        "core-operation",
        "https://ofn.gov.cz/slovník/psm/SetTechnicalLabel"
      ],
      "iri": "https://ofn.gov.cz/operation/1742341200003-801f-fc4a-81cc",
      "parent": "https://ofn.gov.cz/operation/1742341158640-7d22-cdab-8e4d",
      "dataPsmResource": "https://ofn.gov.cz/class/1742341087434-6720-11c4-ae6e",
      "dataPsmTechnicalLabel": "distribution_data_service"
    }
  ],
  "resources": {
    "063905cf-bea1-40ff-91ae-15776fbe89de": {
      "types": [
        "https://ofn.gov.cz/slovník/psm/Schema"
      ],
      "iri": "063905cf-bea1-40ff-91ae-15776fbe89de",
      "dataPsmHumanLabel": {
        "cs": "Distribution - data service",
        "en": "Distribution - data service"
      },
      "dataPsmHumanDescription": {
        "cs": "Datová struktura pro Distribution - data service. Physical embodiment of the dataset as a particular data service. ",
        "en": "Data structure for Distribution - data service. Physical embodiment of the dataset as a particular data service. "
      },
      "dataPsmTechnicalLabel": null,
      "dataPsmRoots": [
        "https://ofn.gov.cz/class/1742341087434-6720-11c4-ae6e"
      ],
      "dataPsmParts": [
        "https://ofn.gov.cz/class/1742341087434-6720-11c4-ae6e",
        "https://ofn.gov.cz/attribute/1742341094773-c0e4-d653-99c0",
        "https://ofn.gov.cz/association/1742341094820-c531-1e6c-a3f2",
        "https://ofn.gov.cz/association/1742341094877-459e-837a-b41d",
        "https://ofn.gov.cz/association/1742341094938-b5dd-fe15-a410",
        "https://ofn.gov.cz/class-reference/1742341107149-2c1f-0874-bbcf",
        "https://ofn.gov.cz/class-reference/1742341155029-91d0-9a15-a1a8",
        "https://ofn.gov.cz/class-reference/1742341158592-4fd0-dd06-b5b2"
      ]
    },
    "https://ofn.gov.cz/class/1742341087434-6720-11c4-ae6e": {
      "types": [
        "https://ofn.gov.cz/slovník/psm/Class"
      ],
      "iri": "https://ofn.gov.cz/class/1742341087434-6720-11c4-ae6e",
      "dataPsmHumanLabel": null,
      "dataPsmHumanDescription": null,
      "dataPsmTechnicalLabel": "distribution_data_service",
      "dataPsmInterpretation": "vdp1ynrj7pnm7yh66bt",
      "dataPsmExtends": [],
      "dataPsmParts": [
        "https://ofn.gov.cz/attribute/1742341094773-c0e4-d653-99c0",
        "https://ofn.gov.cz/association/1742341094820-c531-1e6c-a3f2",
        "https://ofn.gov.cz/association/1742341094877-459e-837a-b41d",
        "https://ofn.gov.cz/association/1742341094938-b5dd-fe15-a410"
      ],
      "dataPsmIsClosed": null
    },
    "https://ofn.gov.cz/attribute/1742341094773-c0e4-d653-99c0": {
      "types": [
        "https://ofn.gov.cz/slovník/psm/Attribute"
      ],
      "iri": "https://ofn.gov.cz/attribute/1742341094773-c0e4-d653-99c0",
      "dataPsmHumanLabel": null,
      "dataPsmHumanDescription": null,
      "dataPsmTechnicalLabel": "description",
      "dataPsmInterpretation": "0rfjggqq6flm7ymc7kl",
      "dataPsmDatatype": "https://ofn.gov.cz/zdroj/základní-datové-typy/2020-07-01/text"
    },
    "https://ofn.gov.cz/association/1742341094820-c531-1e6c-a3f2": {
      "types": [
        "https://ofn.gov.cz/slovník/psm/AssociationEnd"
      ],
      "iri": "https://ofn.gov.cz/association/1742341094820-c531-1e6c-a3f2",
      "dataPsmHumanLabel": null,
      "dataPsmHumanDescription": null,
      "dataPsmTechnicalLabel": "documentation",
      "dataPsmInterpretation": "9ffamme2dpsm7ymyv3u",
      "dataPsmPart": "https://ofn.gov.cz/class-reference/1742341155029-91d0-9a15-a1a8",
      "dataPsmIsReverse": false,
      "dataPsmIsDematerialize": null
    },
    "https://ofn.gov.cz/association/1742341094877-459e-837a-b41d": {
      "types": [
        "https://ofn.gov.cz/slovník/psm/AssociationEnd"
      ],
      "iri": "https://ofn.gov.cz/association/1742341094877-459e-837a-b41d",
      "dataPsmHumanLabel": null,
      "dataPsmHumanDescription": null,
      "dataPsmTechnicalLabel": "specification",
      "dataPsmInterpretation": "95ztxv4zuqfm7ymwb3a",
      "dataPsmPart": "https://ofn.gov.cz/class-reference/1742341107149-2c1f-0874-bbcf",
      "dataPsmIsReverse": false,
      "dataPsmIsDematerialize": null
    },
    "https://ofn.gov.cz/association/1742341094938-b5dd-fe15-a410": {
      "types": [
        "https://ofn.gov.cz/slovník/psm/AssociationEnd"
      ],
      "iri": "https://ofn.gov.cz/association/1742341094938-b5dd-fe15-a410",
      "dataPsmHumanLabel": null,
      "dataPsmHumanDescription": null,
      "dataPsmTechnicalLabel": "access_service",
      "dataPsmInterpretation": "i40zftyv4wm7ymaw4t",
      "dataPsmPart": "https://ofn.gov.cz/class-reference/1742341158592-4fd0-dd06-b5b2",
      "dataPsmIsReverse": false,
      "dataPsmIsDematerialize": null
    },
    "https://ofn.gov.cz/class-reference/1742341107149-2c1f-0874-bbcf": {
      "types": [
        "https://ofn.gov.cz/slovník/psm/ClassReference"
      ],
      "iri": "https://ofn.gov.cz/class-reference/1742341107149-2c1f-0874-bbcf",
      "dataPsmSpecification": "c6aa0a4b-e116-4247-9c26-bb59ad90cb83",
      "dataPsmClass": "https://ofn.gov.cz/class/1742235803801-3bb0-3064-a2dc"
    },
    "https://ofn.gov.cz/class-reference/1742341155029-91d0-9a15-a1a8": {
      "types": [
        "https://ofn.gov.cz/slovník/psm/ClassReference"
      ],
      "iri": "https://ofn.gov.cz/class-reference/1742341155029-91d0-9a15-a1a8",
      "dataPsmSpecification": "39c6cf99-ac66-4d0c-bbcc-129ac6daeccb",
      "dataPsmClass": "https://ofn.gov.cz/class/1742341119213-d3b3-b949-8fcd"
    },
    "https://ofn.gov.cz/class-reference/1742341158592-4fd0-dd06-b5b2": {
      "types": [
        "https://ofn.gov.cz/slovník/psm/ClassReference"
      ],
      "iri": "https://ofn.gov.cz/class-reference/1742341158592-4fd0-dd06-b5b2",
      "dataPsmSpecification": "f5642222-ae65-4b72-8f09-414f74ba7b7e",
      "dataPsmClass": "https://ofn.gov.cz/class/1742341134353-4364-b792-b174"
    }
  }
}