{
  "iri": "063905cf-bea1-40ff-91ae-15776fbe89de",
  "types": [
    "http://dataspecer.com/resources/v1/psm"
  ],
  "userMetadata": {
    "label": {
      "cs": "Distribution - data service",
      "en": "Distribution - data service"
    },
    "description": {
      "cs": "Datová struktura pro Distribution - data service. Physical embodiment of the dataset as a particular data service. ",
      "en": "Data structure for Distribution - data service. Physical embodiment of the dataset as a particular data service. "
    }
  },
  "metadata": {
    "creationDate": "2025-03-18T23:37:59.623Z",
    "modificationDate": "2025-04-01T15:49:32.755Z"
  },
  "_version": 1,
  "_exportVersion": 1,
  "_exportedAt": "2025-04-01T18:20:44.536Z",
  "_exportedBy": "http://localhost:3100"
}