{
  "iri": "2b3aa148-1ba5-4eb9-a531-0dbf18beebdc",
  "types": [
    "http://dataspecer.com/resources/v1/psm"
  ],
  "userMetadata": {
    "label": {
      "cs": "Media Type",
      "en": "Media Type"
    },
    "description": {
      "cs": "Datová struktura pro Media Type. A file format or physical medium.",
      "en": "Data structure for Media Type. A file format or physical medium."
    }
  },
  "metadata": {
    "creationDate": "2025-03-17T18:23:33.394Z",
    "modificationDate": "2025-04-02T11:38:20.364Z"
  },
  "_version": 1,
  "_exportVersion": 1,
  "_exportedAt": "2025-04-02T11:39:20.801Z",
  "_exportedBy": "http://localhost:3100"
}