{
  "iri": "2ce9fee1-c7e5-4eed-9007-ed1ad3b42fa6",
  "types": [
    "http://dataspecer.com/resources/v1/psm"
  ],
  "userMetadata": {
    "label": {
      "cs": "Location",
      "en": "Location"
    },
    "description": {
      "cs": "Datová struktura pro Location. Spatial region, named place or geometry representation of a place related to the dataset. ",
      "en": "Data structure for Location. Spatial region, named place or geometry representation of a place related to the dataset. "
    }
  },
  "metadata": {
    "creationDate": "2025-03-17T18:12:42.448Z",
    "modificationDate": "2025-03-20T12:22:55.810Z"
  },
  "_version": 1,
  "_exportVersion": 1,
  "_exportedAt": "2025-03-25T09:30:57.075Z",
  "_exportedBy": "http://localhost:3100"
}