{
  "operations": [
    {
      "types": [
        "core-operation",
        "https://ofn.gov.cz/slovník/psm/CreateClass"
      ],
      "iri": "https://ofn.gov.cz/operation/1742235167407-7f68-5015-9b87",
      "parent": null,
      "dataPsmNewIri": null,
      "dataPsmInterpretation": "vq95pqbn7tam7yrkxsy",
      "dataPsmTechnicalLabel": "location",
      "dataPsmHumanLabel": null,
      "dataPsmHumanDescription": null,
      "dataPsmExtends": [],
      "dataPsmIsClosed": null
    },
    {
      "types": [
        "core-operation",
        "https://ofn.gov.cz/slovník/psm/SetRoots"
      ],
      "iri": "https://ofn.gov.cz/operation/1742235167443-b056-f370-950b",
      "parent": "https://ofn.gov.cz/operation/1742235167407-7f68-5015-9b87",
      "dataPsmRoots": [
        "https://ofn.gov.cz/class/1742235167407-c0c8-51f4-be0a"
      ]
    },
    {
      "types": [
        "core-operation",
        "https://ofn.gov.cz/slovník/psm/SetHumanLabel"
      ],
      "iri": "https://ofn.gov.cz/operation/1742235167476-ca32-1fdd-ae79",
      "parent": "https://ofn.gov.cz/operation/1742235167443-b056-f370-950b",
      "dataPsmResource": "2ce9fee1-c7e5-4eed-9007-ed1ad3b42fa6",
      "dataPsmHumanLabel": {
        "cs": "Location",
        "en": "Location"
      }
    },
    {
      "types": [
        "core-operation",
        "https://ofn.gov.cz/slovník/psm/SetHumanDescription"
      ],
      "iri": "https://ofn.gov.cz/operation/1742235167502-693b-b492-bc71",
      "parent": "https://ofn.gov.cz/operation/1742235167476-ca32-1fdd-ae79",
      "dataPsmResource": "2ce9fee1-c7e5-4eed-9007-ed1ad3b42fa6",
      "dataPsmHumanDescription": {
        "cs": "Datová struktura pro Location. Spatial region, named place or geometry representation of a place related to the dataset. ",
        "en": "Data structure for Location. Spatial region, named place or geometry representation of a place related to the dataset. "
      }
    },
    {
      "types": [
        "core-operation",
        "https://ofn.gov.cz/slovník/psm/CreateAttribute"
      ],
      "iri": "https://ofn.gov.cz/operation/1742235175534-e8bf-6516-9478",
      "parent": "https://ofn.gov.cz/operation/1742235167502-693b-b492-bc71",
      "dataPsmNewIri": null,
      "dataPsmInterpretation": "jo8x9v4i8l9m7ytlcq8",
      "dataPsmTechnicalLabel": "bbox",
      "dataPsmHumanLabel": null,
      "dataPsmHumanDescription": null,
      "dataPsmOwner": "https://ofn.gov.cz/class/1742235167407-c0c8-51f4-be0a",
      "dataPsmDatatype": "http://www.w3.org/2000/01/rdf-schema#Literal"
    },
    {
      "types": [
        "core-operation",
        "https://ofn.gov.cz/slovník/psm/CreateAttribute"
      ],
      "iri": "https://ofn.gov.cz/operation/1742235175578-6671-9565-9499",
      "parent": "https://ofn.gov.cz/operation/1742235175534-e8bf-6516-9478",
      "dataPsmNewIri": null,
      "dataPsmInterpretation": "8pw7pu871snm7yt9zjk",
      "dataPsmTechnicalLabel": "locationName",
      "dataPsmHumanLabel": null,
      "dataPsmHumanDescription": null,
      "dataPsmOwner": "https://ofn.gov.cz/class/1742235167407-c0c8-51f4-be0a",
      "dataPsmDatatype": "http://www.w3.org/2001/XMLSchema#string"
    },
    {
      "types": [
        "core-operation",
        "https://ofn.gov.cz/slovník/psm/CreateAttribute"
      ],
      "iri": "https://ofn.gov.cz/operation/1742235175610-b82d-e5b8-853e",
      "parent": "https://ofn.gov.cz/operation/1742235175578-6671-9565-9499",
      "dataPsmNewIri": null,
      "dataPsmInterpretation": "2cpx9bz6vqem7yt1nvn",
      "dataPsmTechnicalLabel": "relationToDataset",
      "dataPsmHumanLabel": null,
      "dataPsmHumanDescription": null,
      "dataPsmOwner": "https://ofn.gov.cz/class/1742235167407-c0c8-51f4-be0a",
      "dataPsmDatatype": "http://www.w3.org/2001/XMLSchema#string"
    },
    {
      "types": [
        "core-operation",
        "https://ofn.gov.cz/slovník/psm/CreateClass"
      ],
      "iri": "https://ofn.gov.cz/operation/1742235175641-8d52-b3da-8575",
      "parent": "https://ofn.gov.cz/operation/1742235175610-b82d-e5b8-853e",
      "dataPsmNewIri": null,
      "dataPsmInterpretation": "wvptnmmpc3cm7ytmhy8",
      "dataPsmTechnicalLabel": "geometry",
      "dataPsmHumanLabel": null,
      "dataPsmHumanDescription": null,
      "dataPsmExtends": [],
      "dataPsmIsClosed": null
    },
    {
      "types": [
        "core-operation",
        "https://ofn.gov.cz/slovník/psm/CreateAssociationEnd"
      ],
      "iri": "https://ofn.gov.cz/operation/1742235175670-9589-cc02-b0a4",
      "parent": "https://ofn.gov.cz/operation/1742235175641-8d52-b3da-8575",
      "dataPsmNewIri": null,
      "dataPsmInterpretation": "tr1e9vf80zm7ytnudc",
      "dataPsmTechnicalLabel": "geometry",
      "dataPsmHumanLabel": null,
      "dataPsmHumanDescription": null,
      "dataPsmOwner": "https://ofn.gov.cz/class/1742235167407-c0c8-51f4-be0a",
      "dataPsmPart": "https://ofn.gov.cz/class/1742235175641-a742-c446-b349",
      "dataPsmIsReverse": false,
      "dataPsmIsDematerialize": null
    },
    {
      "types": [
        "core-operation",
        "https://ofn.gov.cz/slovník/psm/CreateClass"
      ],
      "iri": "https://ofn.gov.cz/operation/1742235175706-ed9f-8282-b783",
      "parent": "https://ofn.gov.cz/operation/1742235175670-9589-cc02-b0a4",
      "dataPsmNewIri": null,
      "dataPsmInterpretation": "pxybpkdil5lm7w19him",
      "dataPsmTechnicalLabel": "resource",
      "dataPsmHumanLabel": null,
      "dataPsmHumanDescription": null,
      "dataPsmExtends": [],
      "dataPsmIsClosed": null
    },
    {
      "types": [
        "core-operation",
        "https://ofn.gov.cz/slovník/psm/CreateAssociationEnd"
      ],
      "iri": "https://ofn.gov.cz/operation/1742235175736-2b46-134b-b1c9",
      "parent": "https://ofn.gov.cz/operation/1742235175706-ed9f-8282-b783",
      "dataPsmNewIri": null,
      "dataPsmInterpretation": "ooejgouqenm7yt62zj",
      "dataPsmTechnicalLabel": "hasRelatedObjectIdentifier",
      "dataPsmHumanLabel": null,
      "dataPsmHumanDescription": null,
      "dataPsmOwner": "https://ofn.gov.cz/class/1742235167407-c0c8-51f4-be0a",
      "dataPsmPart": "https://ofn.gov.cz/class/1742235175706-3812-eeb4-86d6",
      "dataPsmIsReverse": false,
      "dataPsmIsDematerialize": null
    },
    {
      "types": [
        "core-operation",
        "https://ofn.gov.cz/slovník/psm/SetTechnicalLabel"
      ],
      "iri": "https://ofn.gov.cz/operation/1742235196093-64fe-e6e6-a3f1",
      "parent": "https://ofn.gov.cz/operation/1742235175736-2b46-134b-b1c9",
      "dataPsmResource": "https://ofn.gov.cz/association/1742235175736-b01b-3e57-9205",
      "dataPsmTechnicalLabel": "related_object_identifiers"
    },
    {
      "types": [
        "core-operation",
        "https://ofn.gov.cz/slovník/psm/SetTechnicalLabel"
      ],
      "iri": "https://ofn.gov.cz/operation/1742235225172-16c1-1bb9-a87e",
      "parent": "https://ofn.gov.cz/operation/1742235196093-64fe-e6e6-a3f1",
      "dataPsmResource": "https://ofn.gov.cz/attribute/1742235175610-5e6c-4fbf-9f97",
      "dataPsmTechnicalLabel": "dataset_relations"
    },
    {
      "types": [
        "core-operation",
        "https://ofn.gov.cz/slovník/psm/SetTechnicalLabel"
      ],
      "iri": "https://ofn.gov.cz/operation/1742235232557-253f-9571-811b",
      "parent": "https://ofn.gov.cz/operation/1742235225172-16c1-1bb9-a87e",
      "dataPsmResource": "https://ofn.gov.cz/attribute/1742235175578-3831-2633-9e15",
      "dataPsmTechnicalLabel": "location_name"
    },
    {
      "types": [
        "core-operation",
        "https://ofn.gov.cz/slovník/psm/CreateClassReference"
      ],
      "iri": "https://ofn.gov.cz/operation/1742338381924-df76-8ff7-9215",
      "parent": "https://ofn.gov.cz/operation/1742235232557-253f-9571-811b",
      "dataPsmNewIri": null,
      "dataPsmSpecification": "59320987-85a2-42da-91e2-36d8774b3522",
      "dataPsmClass": "https://ofn.gov.cz/class/1742234428662-255b-ab44-995e"
    },
    {
      "types": [
        "core-operation",
        "https://ofn.gov.cz/slovník/psm/SetPart"
      ],
      "iri": "https://ofn.gov.cz/operation/1742338381924-379b-3994-af8b",
      "parent": "https://ofn.gov.cz/operation/1742338381924-df76-8ff7-9215",
      "dataPsmAssociationEnd": "https://ofn.gov.cz/association/1742235175736-b01b-3e57-9205",
      "dataPsmPart": "https://ofn.gov.cz/class-reference/1742338381924-3858-1c65-abe5"
    },
    {
      "types": [
        "core-operation",
        "https://ofn.gov.cz/slovník/psm/DeleteClass"
      ],
      "iri": "https://ofn.gov.cz/operation/1742338381929-9b24-7da7-99e4",
      "parent": "https://ofn.gov.cz/operation/1742338381924-379b-3994-af8b",
      "dataPsmClass": "https://ofn.gov.cz/class/1742235175706-3812-eeb4-86d6"
    },
    {
      "types": [
        "core-operation",
        "https://ofn.gov.cz/slovník/psm/CreateClassReference"
      ],
      "iri": "https://ofn.gov.cz/operation/1742338540649-90d8-5d45-8702",
      "parent": "https://ofn.gov.cz/operation/1742338381929-9b24-7da7-99e4",
      "dataPsmNewIri": null,
      "dataPsmSpecification": "59320987-85a2-42da-91e2-36d8774b3522",
      "dataPsmClass": "https://ofn.gov.cz/class/1742234428662-255b-ab44-995e"
    },
    {
      "types": [
        "core-operation",
        "https://ofn.gov.cz/slovník/psm/SetPart"
      ],
      "iri": "https://ofn.gov.cz/operation/1742338540649-a9e7-19ff-9136",
      "parent": "https://ofn.gov.cz/operation/1742338540649-90d8-5d45-8702",
      "dataPsmAssociationEnd": "https://ofn.gov.cz/association/1742235175736-b01b-3e57-9205",
      "dataPsmPart": "https://ofn.gov.cz/class-reference/1742338540648-a573-d397-92e7"
    },
    {
      "types": [
        "core-operation",
        "https://ofn.gov.cz/slovník/psm/CreateClassReference"
      ],
      "iri": "https://ofn.gov.cz/operation/1742339253646-26ed-2a9e-81a9",
      "parent": "https://ofn.gov.cz/operation/1742338540649-a9e7-19ff-9136",
      "dataPsmNewIri": null,
      "dataPsmSpecification": "59320987-85a2-42da-91e2-36d8774b3522",
      "dataPsmClass": "https://ofn.gov.cz/class/1742234428662-255b-ab44-995e"
    },
    {
      "types": [
        "core-operation",
        "https://ofn.gov.cz/slovník/psm/SetPart"
      ],
      "iri": "https://ofn.gov.cz/operation/1742339253689-e683-6c4f-aca0",
      "parent": "https://ofn.gov.cz/operation/1742339253646-26ed-2a9e-81a9",
      "dataPsmAssociationEnd": "https://ofn.gov.cz/association/1742235175736-b01b-3e57-9205",
      "dataPsmPart": "https://ofn.gov.cz/class-reference/1742339253645-0339-c0ab-af11"
    },
    {
      "types": [
        "core-operation",
        "https://ofn.gov.cz/slovník/psm/CreateClassReference"
      ],
      "iri": "https://ofn.gov.cz/operation/1742340951618-63c4-d0a2-afb8",
      "parent": "https://ofn.gov.cz/operation/1742339253689-e683-6c4f-aca0",
      "dataPsmNewIri": null,
      "dataPsmSpecification": "fe716aa9-f14d-44d6-bcf2-f0a1065db9db",
      "dataPsmClass": "https://ofn.gov.cz/class/1742340936467-5d87-fae6-b5c7"
    },
    {
      "types": [
        "core-operation",
        "https://ofn.gov.cz/slovník/psm/SetPart"
      ],
      "iri": "https://ofn.gov.cz/operation/1742340951619-a83c-aaf7-badb",
      "parent": "https://ofn.gov.cz/operation/1742340951618-63c4-d0a2-afb8",
      "dataPsmAssociationEnd": "https://ofn.gov.cz/association/1742235175669-5df5-4314-aa6b",
      "dataPsmPart": "https://ofn.gov.cz/class-reference/1742340951618-e382-0a99-8c3b"
    },
    {
      "types": [
        "core-operation",
        "https://ofn.gov.cz/slovník/psm/DeleteClass"
      ],
      "iri": "https://ofn.gov.cz/operation/1742340951626-979b-c819-b65e",
      "parent": "https://ofn.gov.cz/operation/1742340951619-a83c-aaf7-badb",
      "dataPsmClass": "https://ofn.gov.cz/class/1742235175641-a742-c446-b349"
    },
    {
      "types": [
        "core-operation",
        "https://ofn.gov.cz/slovník/psm/SetTechnicalLabel"
      ],
      "iri": "https://ofn.gov.cz/operation/1742341055905-944a-4c93-8845",
      "parent": "https://ofn.gov.cz/operation/1742340951626-979b-c819-b65e",
      "dataPsmResource": "https://ofn.gov.cz/association/1742235175736-b01b-3e57-9205",
      "dataPsmTechnicalLabel": "related_object_identifier"
    }
  ],
  "resources": {
    "2ce9fee1-c7e5-4eed-9007-ed1ad3b42fa6": {
      "types": [
        "https://ofn.gov.cz/slovník/psm/Schema"
      ],
      "iri": "2ce9fee1-c7e5-4eed-9007-ed1ad3b42fa6",
      "dataPsmHumanLabel": {
        "cs": "Location",
        "en": "Location"
      },
      "dataPsmHumanDescription": {
        "cs": "Datová struktura pro Location. Spatial region, named place or geometry representation of a place related to the dataset. ",
        "en": "Data structure for Location. Spatial region, named place or geometry representation of a place related to the dataset. "
      },
      "dataPsmTechnicalLabel": null,
      "dataPsmRoots": [
        "https://ofn.gov.cz/class/1742235167407-c0c8-51f4-be0a"
      ],
      "dataPsmParts": [
        "https://ofn.gov.cz/class/1742235167407-c0c8-51f4-be0a",
        "https://ofn.gov.cz/attribute/1742235175534-74d5-9873-b41f",
        "https://ofn.gov.cz/attribute/1742235175578-3831-2633-9e15",
        "https://ofn.gov.cz/attribute/1742235175610-5e6c-4fbf-9f97",
        "https://ofn.gov.cz/association/1742235175669-5df5-4314-aa6b",
        "https://ofn.gov.cz/association/1742235175736-b01b-3e57-9205",
        "https://ofn.gov.cz/class-reference/1742338381924-3858-1c65-abe5",
        "https://ofn.gov.cz/class-reference/1742338540648-a573-d397-92e7",
        "https://ofn.gov.cz/class-reference/1742339253645-0339-c0ab-af11",
        "https://ofn.gov.cz/class-reference/1742340951618-e382-0a99-8c3b"
      ]
    },
    "https://ofn.gov.cz/class/1742235167407-c0c8-51f4-be0a": {
      "types": [
        "https://ofn.gov.cz/slovník/psm/Class"
      ],
      "iri": "https://ofn.gov.cz/class/1742235167407-c0c8-51f4-be0a",
      "dataPsmHumanLabel": null,
      "dataPsmHumanDescription": null,
      "dataPsmTechnicalLabel": "location",
      "dataPsmInterpretation": "vq95pqbn7tam7yrkxsy",
      "dataPsmExtends": [],
      "dataPsmParts": [
        "https://ofn.gov.cz/attribute/1742235175534-74d5-9873-b41f",
        "https://ofn.gov.cz/attribute/1742235175578-3831-2633-9e15",
        "https://ofn.gov.cz/attribute/1742235175610-5e6c-4fbf-9f97",
        "https://ofn.gov.cz/association/1742235175669-5df5-4314-aa6b",
        "https://ofn.gov.cz/association/1742235175736-b01b-3e57-9205"
      ],
      "dataPsmIsClosed": null
    },
    "https://ofn.gov.cz/attribute/1742235175534-74d5-9873-b41f": {
      "types": [
        "https://ofn.gov.cz/slovník/psm/Attribute"
      ],
      "iri": "https://ofn.gov.cz/attribute/1742235175534-74d5-9873-b41f",
      "dataPsmHumanLabel": null,
      "dataPsmHumanDescription": null,
      "dataPsmTechnicalLabel": "bbox",
      "dataPsmInterpretation": "jo8x9v4i8l9m7ytlcq8",
      "dataPsmDatatype": "http://www.w3.org/2000/01/rdf-schema#Literal"
    },
    "https://ofn.gov.cz/attribute/1742235175578-3831-2633-9e15": {
      "types": [
        "https://ofn.gov.cz/slovník/psm/Attribute"
      ],
      "iri": "https://ofn.gov.cz/attribute/1742235175578-3831-2633-9e15",
      "dataPsmHumanLabel": null,
      "dataPsmHumanDescription": null,
      "dataPsmTechnicalLabel": "location_name",
      "dataPsmInterpretation": "8pw7pu871snm7yt9zjk",
      "dataPsmDatatype": "http://www.w3.org/2001/XMLSchema#string"
    },
    "https://ofn.gov.cz/attribute/1742235175610-5e6c-4fbf-9f97": {
      "types": [
        "https://ofn.gov.cz/slovník/psm/Attribute"
      ],
      "iri": "https://ofn.gov.cz/attribute/1742235175610-5e6c-4fbf-9f97",
      "dataPsmHumanLabel": null,
      "dataPsmHumanDescription": null,
      "dataPsmTechnicalLabel": "dataset_relations",
      "dataPsmInterpretation": "2cpx9bz6vqem7yt1nvn",
      "dataPsmDatatype": "http://www.w3.org/2001/XMLSchema#string"
    },
    "https://ofn.gov.cz/association/1742235175669-5df5-4314-aa6b": {
      "types": [
        "https://ofn.gov.cz/slovník/psm/AssociationEnd"
      ],
      "iri": "https://ofn.gov.cz/association/1742235175669-5df5-4314-aa6b",
      "dataPsmHumanLabel": null,
      "dataPsmHumanDescription": null,
      "dataPsmTechnicalLabel": "geometry",
      "dataPsmInterpretation": "tr1e9vf80zm7ytnudc",
      "dataPsmPart": "https://ofn.gov.cz/class-reference/1742340951618-e382-0a99-8c3b",
      "dataPsmIsReverse": false,
      "dataPsmIsDematerialize": null
    },
    "https://ofn.gov.cz/association/1742235175736-b01b-3e57-9205": {
      "types": [
        "https://ofn.gov.cz/slovník/psm/AssociationEnd"
      ],
      "iri": "https://ofn.gov.cz/association/1742235175736-b01b-3e57-9205",
      "dataPsmHumanLabel": null,
      "dataPsmHumanDescription": null,
      "dataPsmTechnicalLabel": "related_object_identifier",
      "dataPsmInterpretation": "ooejgouqenm7yt62zj",
      "dataPsmPart": "https://ofn.gov.cz/class-reference/1742339253645-0339-c0ab-af11",
      "dataPsmIsReverse": false,
      "dataPsmIsDematerialize": null
    },
    "https://ofn.gov.cz/class-reference/1742338381924-3858-1c65-abe5": {
      "types": [
        "https://ofn.gov.cz/slovník/psm/ClassReference"
      ],
      "iri": "https://ofn.gov.cz/class-reference/1742338381924-3858-1c65-abe5",
      "dataPsmSpecification": "59320987-85a2-42da-91e2-36d8774b3522",
      "dataPsmClass": "https://ofn.gov.cz/class/1742234428662-255b-ab44-995e"
    },
    "https://ofn.gov.cz/class-reference/1742338540648-a573-d397-92e7": {
      "types": [
        "https://ofn.gov.cz/slovník/psm/ClassReference"
      ],
      "iri": "https://ofn.gov.cz/class-reference/1742338540648-a573-d397-92e7",
      "dataPsmSpecification": "59320987-85a2-42da-91e2-36d8774b3522",
      "dataPsmClass": "https://ofn.gov.cz/class/1742234428662-255b-ab44-995e"
    },
    "https://ofn.gov.cz/class-reference/1742339253645-0339-c0ab-af11": {
      "types": [
        "https://ofn.gov.cz/slovník/psm/ClassReference"
      ],
      "iri": "https://ofn.gov.cz/class-reference/1742339253645-0339-c0ab-af11",
      "dataPsmSpecification": "59320987-85a2-42da-91e2-36d8774b3522",
      "dataPsmClass": "https://ofn.gov.cz/class/1742234428662-255b-ab44-995e"
    },
    "https://ofn.gov.cz/class-reference/1742340951618-e382-0a99-8c3b": {
      "types": [
        "https://ofn.gov.cz/slovník/psm/ClassReference"
      ],
      "iri": "https://ofn.gov.cz/class-reference/1742340951618-e382-0a99-8c3b",
      "dataPsmSpecification": "fe716aa9-f14d-44d6-bcf2-f0a1065db9db",
      "dataPsmClass": "https://ofn.gov.cz/class/1742340936467-5d87-fae6-b5c7"
    }
  }
}