{
  "iri": "2ce9fee1-c7e5-4eed-9007-ed1ad3b42fa6",
  "types": [
    "http://dataspecer.com/resources/v1/psm"
  ],
  "userMetadata": {
    "label": {
      "cs": "Location",
      "en": "Location"
    },
    "description": {
      "cs": "Datová struktura pro Location. Spatial region, named place or geometry representation of a place related to the dataset. ",
      "en": "Data structure for Location. Spatial region, named place or geometry representation of a place related to the dataset. "
    }
  },
  "metadata": {
    "creationDate": "2025-04-15T12:56:07.626Z",
    "modificationDate": "2025-04-24T07:13:21.117Z"
  },
  "_version": 1,
  "_exportVersion": 1,
  "_exportedAt": "2025-04-24T07:16:42.706Z",
  "_exportedBy": "http://localhost:3100"
}