{
  "iri": "32c36518-2d2a-41fa-9250-4b753e37143e",
  "types": [
    "http://dataspecer.com/resources/v1/psm"
  ],
  "userMetadata": {
    "label": {
      "cs": "Metadata to agent relationship",
      "en": "Metadata to agent relationship"
    },
    "description": {
      "cs": "Datová struktura pro Metadata to agent relationship. Relationship between metadata record and agent.",
      "en": "Data structure for Metadata to agent relationship. Relationship between metadata record and agent."
    }
  },
  "metadata": {
    "creationDate": "2025-03-18T09:06:30.429Z",
    "modificationDate": "2025-04-01T15:41:40.480Z"
  },
  "_version": 1,
  "_exportVersion": 1,
  "_exportedAt": "2025-04-01T18:20:44.520Z",
  "_exportedBy": "http://localhost:3100"
}