{
  "operations": [
    {
      "types": [
        "core-operation",
        "https://ofn.gov.cz/slovník/psm/CreateClass"
      ],
      "iri": "https://ofn.gov.cz/operation/1742288795924-20ba-3053-88ce",
      "parent": null,
      "dataPsmNewIri": null,
      "dataPsmInterpretation": "v5gxu3wuljm7xhzp0o",
      "dataPsmTechnicalLabel": "metadata_to_agent_relationship",
      "dataPsmHumanLabel": null,
      "dataPsmHumanDescription": null,
      "dataPsmExtends": [],
      "dataPsmIsClosed": null
    },
    {
      "types": [
        "core-operation",
        "https://ofn.gov.cz/slovník/psm/SetRoots"
      ],
      "iri": "https://ofn.gov.cz/operation/1742288795952-5039-8dd6-98cf",
      "parent": "https://ofn.gov.cz/operation/1742288795924-20ba-3053-88ce",
      "dataPsmRoots": [
        "https://ofn.gov.cz/class/1742288795924-c00c-0c84-80c6"
      ]
    },
    {
      "types": [
        "core-operation",
        "https://ofn.gov.cz/slovník/psm/SetHumanLabel"
      ],
      "iri": "https://ofn.gov.cz/operation/1742288795985-e55f-8670-aaa5",
      "parent": "https://ofn.gov.cz/operation/1742288795952-5039-8dd6-98cf",
      "dataPsmResource": "32c36518-2d2a-41fa-9250-4b753e37143e",
      "dataPsmHumanLabel": {
        "cs": "Metadata to agent relationship",
        "en": "Metadata to agent relationship"
      }
    },
    {
      "types": [
        "core-operation",
        "https://ofn.gov.cz/slovník/psm/SetHumanDescription"
      ],
      "iri": "https://ofn.gov.cz/operation/1742288796009-b8d2-4fe8-8006",
      "parent": "https://ofn.gov.cz/operation/1742288795985-e55f-8670-aaa5",
      "dataPsmResource": "32c36518-2d2a-41fa-9250-4b753e37143e",
      "dataPsmHumanDescription": {
        "cs": "Datová struktura pro Metadata to agent relationship. Relationship between metadata record and agent.",
        "en": "Data structure for Metadata to agent relationship. Relationship between metadata record and agent."
      }
    },
    {
      "types": [
        "core-operation",
        "https://ofn.gov.cz/slovník/psm/CreateClass"
      ],
      "iri": "https://ofn.gov.cz/operation/1742288803052-668a-9980-a2b3",
      "parent": "https://ofn.gov.cz/operation/1742288796009-b8d2-4fe8-8006",
      "dataPsmNewIri": null,
      "dataPsmInterpretation": "pgsp7mo03vm7ufmeux",
      "dataPsmTechnicalLabel": "agent",
      "dataPsmHumanLabel": null,
      "dataPsmHumanDescription": null,
      "dataPsmExtends": [],
      "dataPsmIsClosed": null
    },
    {
      "types": [
        "core-operation",
        "https://ofn.gov.cz/slovník/psm/CreateAssociationEnd"
      ],
      "iri": "https://ofn.gov.cz/operation/1742288803072-69cc-fee6-bc9b",
      "parent": "https://ofn.gov.cz/operation/1742288803052-668a-9980-a2b3",
      "dataPsmNewIri": null,
      "dataPsmInterpretation": "b9d0g8mbe9lm7xi85r4",
      "dataPsmTechnicalLabel": "relation",
      "dataPsmHumanLabel": null,
      "dataPsmHumanDescription": null,
      "dataPsmOwner": "https://ofn.gov.cz/class/1742288795924-c00c-0c84-80c6",
      "dataPsmPart": "https://ofn.gov.cz/class/1742288803051-ffe1-008a-93d1",
      "dataPsmIsReverse": false,
      "dataPsmIsDematerialize": null
    },
    {
      "types": [
        "core-operation",
        "https://ofn.gov.cz/slovník/psm/CreateClass"
      ],
      "iri": "https://ofn.gov.cz/operation/1742288803100-305e-86ec-b8ec",
      "parent": "https://ofn.gov.cz/operation/1742288803072-69cc-fee6-bc9b",
      "dataPsmNewIri": null,
      "dataPsmInterpretation": "i3h25974g5m7xi4cbo",
      "dataPsmTechnicalLabel": "metadata_agent_role_type",
      "dataPsmHumanLabel": null,
      "dataPsmHumanDescription": null,
      "dataPsmExtends": [],
      "dataPsmIsClosed": null
    },
    {
      "types": [
        "core-operation",
        "https://ofn.gov.cz/slovník/psm/CreateAssociationEnd"
      ],
      "iri": "https://ofn.gov.cz/operation/1742288803133-92a1-54dc-a06e",
      "parent": "https://ofn.gov.cz/operation/1742288803100-305e-86ec-b8ec",
      "dataPsmNewIri": null,
      "dataPsmInterpretation": "42t725eui1am7xi5box",
      "dataPsmTechnicalLabel": "had_role",
      "dataPsmHumanLabel": null,
      "dataPsmHumanDescription": null,
      "dataPsmOwner": "https://ofn.gov.cz/class/1742288795924-c00c-0c84-80c6",
      "dataPsmPart": "https://ofn.gov.cz/class/1742288803100-75ce-3d44-b43e",
      "dataPsmIsReverse": false,
      "dataPsmIsDematerialize": null
    },
    {
      "types": [
        "core-operation",
        "https://ofn.gov.cz/slovník/psm/CreateClassReference"
      ],
      "iri": "https://ofn.gov.cz/operation/1742338473596-67ce-d21f-b5b5",
      "parent": "https://ofn.gov.cz/operation/1742288803133-92a1-54dc-a06e",
      "dataPsmNewIri": null,
      "dataPsmSpecification": "6f97608f-3118-4975-a7e3-046f8fc0c04f",
      "dataPsmClass": "https://ofn.gov.cz/class/1742234312711-3b17-2e3d-91b1"
    },
    {
      "types": [
        "core-operation",
        "https://ofn.gov.cz/slovník/psm/SetPart"
      ],
      "iri": "https://ofn.gov.cz/operation/1742338473631-d1f5-b466-a36a",
      "parent": "https://ofn.gov.cz/operation/1742338473596-67ce-d21f-b5b5",
      "dataPsmAssociationEnd": "https://ofn.gov.cz/association/1742288803072-bbab-4bc7-837a",
      "dataPsmPart": "https://ofn.gov.cz/class-reference/1742338473595-4967-1827-b624"
    },
    {
      "types": [
        "core-operation",
        "https://ofn.gov.cz/slovník/psm/DeleteClass"
      ],
      "iri": "https://ofn.gov.cz/operation/1742338473639-06c4-9da8-9e59",
      "parent": "https://ofn.gov.cz/operation/1742338473631-d1f5-b466-a36a",
      "dataPsmClass": "https://ofn.gov.cz/class/1742288803051-ffe1-008a-93d1"
    },
    {
      "types": [
        "core-operation",
        "https://ofn.gov.cz/slovník/psm/CreateClassReference"
      ],
      "iri": "https://ofn.gov.cz/operation/1742338495113-134c-b49f-882e",
      "parent": "https://ofn.gov.cz/operation/1742338473639-06c4-9da8-9e59",
      "dataPsmNewIri": null,
      "dataPsmSpecification": "c25492e4-fa81-4731-a42a-765b14862dc9",
      "dataPsmClass": "https://ofn.gov.cz/class/1742288816829-71bc-6290-b7fb"
    },
    {
      "types": [
        "core-operation",
        "https://ofn.gov.cz/slovník/psm/SetPart"
      ],
      "iri": "https://ofn.gov.cz/operation/1742338495149-3b7e-28f8-8805",
      "parent": "https://ofn.gov.cz/operation/1742338495113-134c-b49f-882e",
      "dataPsmAssociationEnd": "https://ofn.gov.cz/association/1742288803132-de71-c16f-b540",
      "dataPsmPart": "https://ofn.gov.cz/class-reference/1742338495113-b9f9-edd4-a8af"
    },
    {
      "types": [
        "core-operation",
        "https://ofn.gov.cz/slovník/psm/DeleteClass"
      ],
      "iri": "https://ofn.gov.cz/operation/1742338495158-1bcd-74dd-9c0e",
      "parent": "https://ofn.gov.cz/operation/1742338495149-3b7e-28f8-8805",
      "dataPsmClass": "https://ofn.gov.cz/class/1742288803100-75ce-3d44-b43e"
    },
    {
      "types": [
        "core-operation",
        "https://ofn.gov.cz/slovník/psm/CreateClassReference"
      ],
      "iri": "https://ofn.gov.cz/operation/1742339582114-892a-34ce-ba1f",
      "parent": "https://ofn.gov.cz/operation/1742338495158-1bcd-74dd-9c0e",
      "dataPsmNewIri": null,
      "dataPsmSpecification": "6f97608f-3118-4975-a7e3-046f8fc0c04f",
      "dataPsmClass": "https://ofn.gov.cz/class/1742234312711-3b17-2e3d-91b1"
    },
    {
      "types": [
        "core-operation",
        "https://ofn.gov.cz/slovník/psm/SetPart"
      ],
      "iri": "https://ofn.gov.cz/operation/1742339582154-0828-dd33-934b",
      "parent": "https://ofn.gov.cz/operation/1742339582114-892a-34ce-ba1f",
      "dataPsmAssociationEnd": "https://ofn.gov.cz/association/1742288803072-bbab-4bc7-837a",
      "dataPsmPart": "https://ofn.gov.cz/class-reference/1742339582114-f92d-9e1a-97d7"
    },
    {
      "types": [
        "core-operation",
        "https://ofn.gov.cz/slovník/psm/CreateClassReference"
      ],
      "iri": "https://ofn.gov.cz/operation/1742339585336-af95-d619-901a",
      "parent": "https://ofn.gov.cz/operation/1742339582154-0828-dd33-934b",
      "dataPsmNewIri": null,
      "dataPsmSpecification": "c25492e4-fa81-4731-a42a-765b14862dc9",
      "dataPsmClass": "https://ofn.gov.cz/class/1742288816829-71bc-6290-b7fb"
    },
    {
      "types": [
        "core-operation",
        "https://ofn.gov.cz/slovník/psm/SetPart"
      ],
      "iri": "https://ofn.gov.cz/operation/1742339585369-5d88-dc49-b39e",
      "parent": "https://ofn.gov.cz/operation/1742339585336-af95-d619-901a",
      "dataPsmAssociationEnd": "https://ofn.gov.cz/association/1742288803132-de71-c16f-b540",
      "dataPsmPart": "https://ofn.gov.cz/class-reference/1742339585336-a1f4-d5a6-a2f7"
    },
    {
      "types": [
        "core-operation",
        "https://ofn.gov.cz/slovník/psm/CreateClassReference"
      ],
      "iri": "https://ofn.gov.cz/operation/1742339593666-53ff-d6ff-b1dc",
      "parent": "https://ofn.gov.cz/operation/1742339585369-5d88-dc49-b39e",
      "dataPsmNewIri": null,
      "dataPsmSpecification": "c25492e4-fa81-4731-a42a-765b14862dc9",
      "dataPsmClass": "https://ofn.gov.cz/class/1742288816829-71bc-6290-b7fb"
    },
    {
      "types": [
        "core-operation",
        "https://ofn.gov.cz/slovník/psm/SetPart"
      ],
      "iri": "https://ofn.gov.cz/operation/1742339593700-d941-5b85-8630",
      "parent": "https://ofn.gov.cz/operation/1742339593666-53ff-d6ff-b1dc",
      "dataPsmAssociationEnd": "https://ofn.gov.cz/association/1742288803132-de71-c16f-b540",
      "dataPsmPart": "https://ofn.gov.cz/class-reference/1742339593666-48a3-a539-9090"
    },
    {
      "types": [
        "core-operation",
        "https://ofn.gov.cz/slovník/psm/CreateClassReference"
      ],
      "iri": "https://ofn.gov.cz/operation/1742339841962-9646-f6b2-8a17",
      "parent": "https://ofn.gov.cz/operation/1742339593700-d941-5b85-8630",
      "dataPsmNewIri": null,
      "dataPsmSpecification": "6f97608f-3118-4975-a7e3-046f8fc0c04f",
      "dataPsmClass": "https://ofn.gov.cz/class/1742234312711-3b17-2e3d-91b1"
    },
    {
      "types": [
        "core-operation",
        "https://ofn.gov.cz/slovník/psm/SetPart"
      ],
      "iri": "https://ofn.gov.cz/operation/1742339841963-9da2-bee1-83e3",
      "parent": "https://ofn.gov.cz/operation/1742339841962-9646-f6b2-8a17",
      "dataPsmAssociationEnd": "https://ofn.gov.cz/association/1742288803072-bbab-4bc7-837a",
      "dataPsmPart": "https://ofn.gov.cz/class-reference/1742339841962-4707-f017-bb51"
    },
    {
      "types": [
        "core-operation",
        "https://ofn.gov.cz/slovník/psm/SetMaterialized"
      ],
      "iri": "https://ofn.gov.cz/operation/1742339847933-dd6a-0ea6-bfbe",
      "parent": "https://ofn.gov.cz/operation/1742339841963-9da2-bee1-83e3",
      "dataPsmAssociationEnd": "https://ofn.gov.cz/association/1742288803072-bbab-4bc7-837a",
      "dataPsmIsDematerialized": true
    },
    {
      "types": [
        "core-operation",
        "https://ofn.gov.cz/slovník/psm/SetMaterialized"
      ],
      "iri": "https://ofn.gov.cz/operation/1742339855690-187d-ee8d-9364",
      "parent": "https://ofn.gov.cz/operation/1742339847933-dd6a-0ea6-bfbe",
      "dataPsmAssociationEnd": "https://ofn.gov.cz/association/1742288803132-de71-c16f-b540",
      "dataPsmIsDematerialized": true
    }
  ],
  "resources": {
    "32c36518-2d2a-41fa-9250-4b753e37143e": {
      "types": [
        "https://ofn.gov.cz/slovník/psm/Schema"
      ],
      "iri": "32c36518-2d2a-41fa-9250-4b753e37143e",
      "dataPsmHumanLabel": {
        "cs": "Metadata to agent relationship",
        "en": "Metadata to agent relationship"
      },
      "dataPsmHumanDescription": {
        "cs": "Datová struktura pro Metadata to agent relationship. Relationship between metadata record and agent.",
        "en": "Data structure for Metadata to agent relationship. Relationship between metadata record and agent."
      },
      "dataPsmTechnicalLabel": null,
      "dataPsmRoots": [
        "https://ofn.gov.cz/class/1742288795924-c00c-0c84-80c6"
      ],
      "dataPsmParts": [
        "https://ofn.gov.cz/class/1742288795924-c00c-0c84-80c6",
        "https://ofn.gov.cz/association/1742288803072-bbab-4bc7-837a",
        "https://ofn.gov.cz/association/1742288803132-de71-c16f-b540",
        "https://ofn.gov.cz/class-reference/1742338473595-4967-1827-b624",
        "https://ofn.gov.cz/class-reference/1742338495113-b9f9-edd4-a8af",
        "https://ofn.gov.cz/class-reference/1742339582114-f92d-9e1a-97d7",
        "https://ofn.gov.cz/class-reference/1742339585336-a1f4-d5a6-a2f7",
        "https://ofn.gov.cz/class-reference/1742339593666-48a3-a539-9090",
        "https://ofn.gov.cz/class-reference/1742339841962-4707-f017-bb51"
      ]
    },
    "https://ofn.gov.cz/class/1742288795924-c00c-0c84-80c6": {
      "types": [
        "https://ofn.gov.cz/slovník/psm/Class"
      ],
      "iri": "https://ofn.gov.cz/class/1742288795924-c00c-0c84-80c6",
      "dataPsmHumanLabel": null,
      "dataPsmHumanDescription": null,
      "dataPsmTechnicalLabel": "metadata_to_agent_relationship",
      "dataPsmInterpretation": "v5gxu3wuljm7xhzp0o",
      "dataPsmExtends": [],
      "dataPsmParts": [
        "https://ofn.gov.cz/association/1742288803072-bbab-4bc7-837a",
        "https://ofn.gov.cz/association/1742288803132-de71-c16f-b540"
      ],
      "dataPsmIsClosed": null
    },
    "https://ofn.gov.cz/association/1742288803072-bbab-4bc7-837a": {
      "types": [
        "https://ofn.gov.cz/slovník/psm/AssociationEnd"
      ],
      "iri": "https://ofn.gov.cz/association/1742288803072-bbab-4bc7-837a",
      "dataPsmHumanLabel": null,
      "dataPsmHumanDescription": null,
      "dataPsmTechnicalLabel": "relation",
      "dataPsmInterpretation": "b9d0g8mbe9lm7xi85r4",
      "dataPsmPart": "https://ofn.gov.cz/class-reference/1742339841962-4707-f017-bb51",
      "dataPsmIsReverse": false,
      "dataPsmIsDematerialize": true
    },
    "https://ofn.gov.cz/association/1742288803132-de71-c16f-b540": {
      "types": [
        "https://ofn.gov.cz/slovník/psm/AssociationEnd"
      ],
      "iri": "https://ofn.gov.cz/association/1742288803132-de71-c16f-b540",
      "dataPsmHumanLabel": null,
      "dataPsmHumanDescription": null,
      "dataPsmTechnicalLabel": "had_role",
      "dataPsmInterpretation": "42t725eui1am7xi5box",
      "dataPsmPart": "https://ofn.gov.cz/class-reference/1742339593666-48a3-a539-9090",
      "dataPsmIsReverse": false,
      "dataPsmIsDematerialize": true
    },
    "https://ofn.gov.cz/class-reference/1742338473595-4967-1827-b624": {
      "types": [
        "https://ofn.gov.cz/slovník/psm/ClassReference"
      ],
      "iri": "https://ofn.gov.cz/class-reference/1742338473595-4967-1827-b624",
      "dataPsmSpecification": "6f97608f-3118-4975-a7e3-046f8fc0c04f",
      "dataPsmClass": "https://ofn.gov.cz/class/1742234312711-3b17-2e3d-91b1"
    },
    "https://ofn.gov.cz/class-reference/1742338495113-b9f9-edd4-a8af": {
      "types": [
        "https://ofn.gov.cz/slovník/psm/ClassReference"
      ],
      "iri": "https://ofn.gov.cz/class-reference/1742338495113-b9f9-edd4-a8af",
      "dataPsmSpecification": "c25492e4-fa81-4731-a42a-765b14862dc9",
      "dataPsmClass": "https://ofn.gov.cz/class/1742288816829-71bc-6290-b7fb"
    },
    "https://ofn.gov.cz/class-reference/1742339582114-f92d-9e1a-97d7": {
      "types": [
        "https://ofn.gov.cz/slovník/psm/ClassReference"
      ],
      "iri": "https://ofn.gov.cz/class-reference/1742339582114-f92d-9e1a-97d7",
      "dataPsmSpecification": "6f97608f-3118-4975-a7e3-046f8fc0c04f",
      "dataPsmClass": "https://ofn.gov.cz/class/1742234312711-3b17-2e3d-91b1"
    },
    "https://ofn.gov.cz/class-reference/1742339585336-a1f4-d5a6-a2f7": {
      "types": [
        "https://ofn.gov.cz/slovník/psm/ClassReference"
      ],
      "iri": "https://ofn.gov.cz/class-reference/1742339585336-a1f4-d5a6-a2f7",
      "dataPsmSpecification": "c25492e4-fa81-4731-a42a-765b14862dc9",
      "dataPsmClass": "https://ofn.gov.cz/class/1742288816829-71bc-6290-b7fb"
    },
    "https://ofn.gov.cz/class-reference/1742339593666-48a3-a539-9090": {
      "types": [
        "https://ofn.gov.cz/slovník/psm/ClassReference"
      ],
      "iri": "https://ofn.gov.cz/class-reference/1742339593666-48a3-a539-9090",
      "dataPsmSpecification": "c25492e4-fa81-4731-a42a-765b14862dc9",
      "dataPsmClass": "https://ofn.gov.cz/class/1742288816829-71bc-6290-b7fb"
    },
    "https://ofn.gov.cz/class-reference/1742339841962-4707-f017-bb51": {
      "types": [
        "https://ofn.gov.cz/slovník/psm/ClassReference"
      ],
      "iri": "https://ofn.gov.cz/class-reference/1742339841962-4707-f017-bb51",
      "dataPsmSpecification": "6f97608f-3118-4975-a7e3-046f8fc0c04f",
      "dataPsmClass": "https://ofn.gov.cz/class/1742234312711-3b17-2e3d-91b1"
    }
  }
}