{
  "iri": "39c6cf99-ac66-4d0c-bbcc-129ac6daeccb",
  "types": [
    "http://dataspecer.com/resources/v1/psm"
  ],
  "userMetadata": {
    "label": {
      "cs": "Documentation",
      "en": "Documentation"
    },
    "description": {
      "cs": "Datová struktura pro Documentation. A textual resource intended for human consumption that contains information about the data service.",
      "en": "Data structure for Documentation. A textual resource intended for human consumption that contains information about the data service."
    }
  },
  "metadata": {
    "creationDate": "2025-03-18T23:38:33.492Z",
    "modificationDate": "2025-03-20T13:42:43.960Z"
  },
  "_version": 1,
  "_exportVersion": 1,
  "_exportedAt": "2025-03-25T09:30:57.098Z",
  "_exportedBy": "http://localhost:3100"
}