{
  "iri": "39c6cf99-ac66-4d0c-bbcc-129ac6daeccb",
  "types": [
    "http://dataspecer.com/resources/v1/psm"
  ],
  "userMetadata": {
    "label": {
      "cs": "Documentation",
      "en": "Documentation"
    },
    "description": {
      "cs": "Datová struktura pro Documentation. A textual resource intended for human consumption that contains information about the data service.",
      "en": "Data structure for Documentation. A textual resource intended for human consumption that contains information about the data service."
    }
  },
  "metadata": {
    "creationDate": "2025-04-15T12:56:13.005Z",
    "modificationDate": "2025-04-17T06:31:30.432Z"
  },
  "_version": 1,
  "_exportVersion": 1,
  "_exportedAt": "2025-04-22T09:06:11.780Z",
  "_exportedBy": "http://localhost:3100"
}