{
  "operations": [
    {
      "types": [
        "core-operation",
        "https://ofn.gov.cz/slovník/psm/CreateClass"
      ],
      "iri": "https://ofn.gov.cz/operation/1742288744053-3c7f-9d20-920c",
      "parent": null,
      "dataPsmNewIri": null,
      "dataPsmInterpretation": "2t0hvy54ifdm7x8w4bh",
      "dataPsmTechnicalLabel": "address",
      "dataPsmHumanLabel": null,
      "dataPsmHumanDescription": null,
      "dataPsmExtends": [],
      "dataPsmIsClosed": null
    },
    {
      "types": [
        "core-operation",
        "https://ofn.gov.cz/slovník/psm/SetRoots"
      ],
      "iri": "https://ofn.gov.cz/operation/1742288744088-a79f-6c56-ae1a",
      "parent": "https://ofn.gov.cz/operation/1742288744053-3c7f-9d20-920c",
      "dataPsmRoots": [
        "https://ofn.gov.cz/class/1742288744053-1c9b-5b71-be90"
      ]
    },
    {
      "types": [
        "core-operation",
        "https://ofn.gov.cz/slovník/psm/SetHumanLabel"
      ],
      "iri": "https://ofn.gov.cz/operation/1742288744121-ba32-616e-aff4",
      "parent": "https://ofn.gov.cz/operation/1742288744088-a79f-6c56-ae1a",
      "dataPsmResource": "3e8b2ebc-9186-46f0-9dc3-21a4ef344027",
      "dataPsmHumanLabel": {
        "cs": "Address",
        "en": "Address"
      }
    },
    {
      "types": [
        "core-operation",
        "https://ofn.gov.cz/slovník/psm/SetHumanDescription"
      ],
      "iri": "https://ofn.gov.cz/operation/1742288744149-02b6-bc16-8e37",
      "parent": "https://ofn.gov.cz/operation/1742288744121-ba32-616e-aff4",
      "dataPsmResource": "3e8b2ebc-9186-46f0-9dc3-21a4ef344027",
      "dataPsmHumanDescription": {
        "cs": "Datová struktura pro Address. An \"address representation\" as conceptually defined by the INSPIRE Address Representation data type. The locn:addressId property may be used to link this locn:Address to other representations.",
        "en": "Data structure for Address. An \"address representation\" as conceptually defined by the INSPIRE Address Representation data type. The locn:addressId property may be used to link this locn:Address to other representations."
      }
    },
    {
      "types": [
        "core-operation",
        "https://ofn.gov.cz/slovník/psm/CreateAttribute"
      ],
      "iri": "https://ofn.gov.cz/operation/1742339004253-562c-4e07-bb74",
      "parent": "https://ofn.gov.cz/operation/1742288744149-02b6-bc16-8e37",
      "dataPsmNewIri": null,
      "dataPsmInterpretation": "r9rk00zqk6lm8f24eqr",
      "dataPsmTechnicalLabel": "label",
      "dataPsmHumanLabel": null,
      "dataPsmHumanDescription": null,
      "dataPsmOwner": "https://ofn.gov.cz/class/1742288744053-1c9b-5b71-be90",
      "dataPsmDatatype": "http://www.w3.org/1999/02/22-rdf-syntax-ns#langString"
    }
  ],
  "resources": {
    "3e8b2ebc-9186-46f0-9dc3-21a4ef344027": {
      "types": [
        "https://ofn.gov.cz/slovník/psm/Schema"
      ],
      "iri": "3e8b2ebc-9186-46f0-9dc3-21a4ef344027",
      "dataPsmHumanLabel": {
        "cs": "Address",
        "en": "Address"
      },
      "dataPsmHumanDescription": {
        "cs": "Datová struktura pro Address. An \"address representation\" as conceptually defined by the INSPIRE Address Representation data type. The locn:addressId property may be used to link this locn:Address to other representations.",
        "en": "Data structure for Address. An \"address representation\" as conceptually defined by the INSPIRE Address Representation data type. The locn:addressId property may be used to link this locn:Address to other representations."
      },
      "dataPsmTechnicalLabel": null,
      "dataPsmRoots": [
        "https://ofn.gov.cz/class/1742288744053-1c9b-5b71-be90"
      ],
      "dataPsmParts": [
        "https://ofn.gov.cz/class/1742288744053-1c9b-5b71-be90",
        "https://ofn.gov.cz/attribute/1742339004253-1774-4c3a-b972"
      ]
    },
    "https://ofn.gov.cz/class/1742288744053-1c9b-5b71-be90": {
      "types": [
        "https://ofn.gov.cz/slovník/psm/Class"
      ],
      "iri": "https://ofn.gov.cz/class/1742288744053-1c9b-5b71-be90",
      "dataPsmHumanLabel": null,
      "dataPsmHumanDescription": null,
      "dataPsmTechnicalLabel": "address",
      "dataPsmInterpretation": "2t0hvy54ifdm7x8w4bh",
      "dataPsmExtends": [],
      "dataPsmParts": [
        "https://ofn.gov.cz/attribute/1742339004253-1774-4c3a-b972"
      ],
      "dataPsmIsClosed": null
    },
    "https://ofn.gov.cz/attribute/1742339004253-1774-4c3a-b972": {
      "types": [
        "https://ofn.gov.cz/slovník/psm/Attribute"
      ],
      "iri": "https://ofn.gov.cz/attribute/1742339004253-1774-4c3a-b972",
      "dataPsmHumanLabel": null,
      "dataPsmHumanDescription": null,
      "dataPsmTechnicalLabel": "label",
      "dataPsmInterpretation": "r9rk00zqk6lm8f24eqr",
      "dataPsmDatatype": "http://www.w3.org/1999/02/22-rdf-syntax-ns#langString"
    }
  }
}