{
  "iri": "4f1b1434-0e7f-47a9-bef4-5b7060109b0c",
  "types": [
    "http://dataspecer.com/resources/v1/psm"
  ],
  "userMetadata": {
    "label": {
      "cs": "Media Type",
      "en": "Media Type"
    },
    "description": {
      "cs": "Datová struktura pro Media Type. A file format or physical medium.",
      "en": "Data structure for Media Type. A file format or physical medium."
    }
  },
  "metadata": {
    "creationDate": "2025-04-15T12:56:10.716Z",
    "modificationDate": "2025-04-17T06:31:31.834Z"
  },
  "_version": 1,
  "_exportVersion": 1,
  "_exportedAt": "2025-04-22T09:06:11.768Z",
  "_exportedBy": "http://localhost:3100"
}