{
  "iri": "4fd91afc-e490-4b08-bbdf-4c1442cb70eb",
  "types": [
    "http://dataspecer.com/resources/v1/psm"
  ],
  "userMetadata": {
    "label": {
      "cs": "Resource agent role type",
      "en": "Resource agent role type"
    },
    "description": {
      "cs": "Datová struktura pro Resource agent role type. An idea or notion; a unit of thought.",
      "en": "Data structure for Resource agent role type. An idea or notion; a unit of thought."
    }
  },
  "metadata": {
    "creationDate": "2025-03-17T18:20:00.878Z",
    "modificationDate": "2025-03-20T12:22:55.398Z"
  },
  "_version": 1,
  "_exportVersion": 1,
  "_exportedAt": "2025-03-25T09:30:57.082Z",
  "_exportedBy": "http://localhost:3100"
}