{
  "operations": [
    {
      "types": [
        "core-operation",
        "https://ofn.gov.cz/slovník/psm/CreateClass"
      ],
      "iri": "https://ofn.gov.cz/operation/1742235606195-e6bd-a8da-ba73",
      "parent": null,
      "dataPsmNewIri": null,
      "dataPsmInterpretation": "ppu00famb3am7w6qsdm",
      "dataPsmTechnicalLabel": "resourceAgentRoleType",
      "dataPsmHumanLabel": null,
      "dataPsmHumanDescription": null,
      "dataPsmExtends": [],
      "dataPsmIsClosed": null
    },
    {
      "types": [
        "core-operation",
        "https://ofn.gov.cz/slovník/psm/SetRoots"
      ],
      "iri": "https://ofn.gov.cz/operation/1742235606226-99bb-df9f-8c9b",
      "parent": "https://ofn.gov.cz/operation/1742235606195-e6bd-a8da-ba73",
      "dataPsmRoots": [
        "https://ofn.gov.cz/class/1742235606195-b8fa-9b2f-a5cf"
      ]
    },
    {
      "types": [
        "core-operation",
        "https://ofn.gov.cz/slovník/psm/SetHumanLabel"
      ],
      "iri": "https://ofn.gov.cz/operation/1742235606262-1988-b21e-8def",
      "parent": "https://ofn.gov.cz/operation/1742235606226-99bb-df9f-8c9b",
      "dataPsmResource": "4fd91afc-e490-4b08-bbdf-4c1442cb70eb",
      "dataPsmHumanLabel": {
        "cs": "Resource agent role type",
        "en": "Resource agent role type"
      }
    },
    {
      "types": [
        "core-operation",
        "https://ofn.gov.cz/slovník/psm/SetHumanDescription"
      ],
      "iri": "https://ofn.gov.cz/operation/1742235606291-8080-3e70-b59e",
      "parent": "https://ofn.gov.cz/operation/1742235606262-1988-b21e-8def",
      "dataPsmResource": "4fd91afc-e490-4b08-bbdf-4c1442cb70eb",
      "dataPsmHumanDescription": {
        "cs": "Datová struktura pro Resource agent role type. An idea or notion; a unit of thought.",
        "en": "Data structure for Resource agent role type. An idea or notion; a unit of thought."
      }
    },
    {
      "types": [
        "core-operation",
        "https://ofn.gov.cz/slovník/psm/SetTechnicalLabel"
      ],
      "iri": "https://ofn.gov.cz/operation/1742235700607-98dc-b95c-a98a",
      "parent": "https://ofn.gov.cz/operation/1742235606291-8080-3e70-b59e",
      "dataPsmResource": "https://ofn.gov.cz/class/1742235606195-b8fa-9b2f-a5cf",
      "dataPsmTechnicalLabel": "resource_agent_role_type"
    }
  ],
  "resources": {
    "4fd91afc-e490-4b08-bbdf-4c1442cb70eb": {
      "types": [
        "https://ofn.gov.cz/slovník/psm/Schema"
      ],
      "iri": "4fd91afc-e490-4b08-bbdf-4c1442cb70eb",
      "dataPsmHumanLabel": {
        "cs": "Resource agent role type",
        "en": "Resource agent role type"
      },
      "dataPsmHumanDescription": {
        "cs": "Datová struktura pro Resource agent role type. An idea or notion; a unit of thought.",
        "en": "Data structure for Resource agent role type. An idea or notion; a unit of thought."
      },
      "dataPsmTechnicalLabel": null,
      "dataPsmRoots": [
        "https://ofn.gov.cz/class/1742235606195-b8fa-9b2f-a5cf"
      ],
      "dataPsmParts": [
        "https://ofn.gov.cz/class/1742235606195-b8fa-9b2f-a5cf"
      ]
    },
    "https://ofn.gov.cz/class/1742235606195-b8fa-9b2f-a5cf": {
      "types": [
        "https://ofn.gov.cz/slovník/psm/Class"
      ],
      "iri": "https://ofn.gov.cz/class/1742235606195-b8fa-9b2f-a5cf",
      "dataPsmHumanLabel": null,
      "dataPsmHumanDescription": null,
      "dataPsmTechnicalLabel": "resource_agent_role_type",
      "dataPsmInterpretation": "ppu00famb3am7w6qsdm",
      "dataPsmExtends": [],
      "dataPsmParts": [],
      "dataPsmIsClosed": null
    }
  }
}