{
  "operations": [
    {
      "types": [
        "core-operation",
        "https://ofn.gov.cz/slovník/psm/CreateClass"
      ],
      "iri": "https://ofn.gov.cz/operation/1742234428662-de80-3cff-b8f7",
      "parent": null,
      "dataPsmNewIri": null,
      "dataPsmInterpretation": "pxybpkdil5lm7w19him",
      "dataPsmTechnicalLabel": "resource",
      "dataPsmHumanLabel": null,
      "dataPsmHumanDescription": null,
      "dataPsmExtends": [],
      "dataPsmIsClosed": null
    },
    {
      "types": [
        "core-operation",
        "https://ofn.gov.cz/slovník/psm/SetRoots"
      ],
      "iri": "https://ofn.gov.cz/operation/1742234428692-7c49-9bf2-bc43",
      "parent": "https://ofn.gov.cz/operation/1742234428662-de80-3cff-b8f7",
      "dataPsmRoots": [
        "https://ofn.gov.cz/class/1742234428662-255b-ab44-995e"
      ]
    },
    {
      "types": [
        "core-operation",
        "https://ofn.gov.cz/slovník/psm/SetHumanLabel"
      ],
      "iri": "https://ofn.gov.cz/operation/1742234428725-0b3e-3a54-85ac",
      "parent": "https://ofn.gov.cz/operation/1742234428692-7c49-9bf2-bc43",
      "dataPsmResource": "59320987-85a2-42da-91e2-36d8774b3522",
      "dataPsmHumanLabel": {
        "cs": "Resource",
        "en": "Resource"
      }
    },
    {
      "types": [
        "core-operation",
        "https://ofn.gov.cz/slovník/psm/SetHumanDescription"
      ],
      "iri": "https://ofn.gov.cz/operation/1742234428755-4947-d0bd-9985",
      "parent": "https://ofn.gov.cz/operation/1742234428725-0b3e-3a54-85ac",
      "dataPsmResource": "59320987-85a2-42da-91e2-36d8774b3522",
      "dataPsmHumanDescription": {
        "cs": "Datová struktura pro Resource. Resource represents any resource, physical or digital, that is related to the described dataset. ",
        "en": "Data structure for Resource. Resource represents any resource, physical or digital, that is related to the described dataset. "
      }
    },
    {
      "types": [
        "core-operation",
        "https://ofn.gov.cz/slovník/psm/CreateAttribute"
      ],
      "iri": "https://ofn.gov.cz/operation/1742234446559-bb11-7bb6-8410",
      "parent": "https://ofn.gov.cz/operation/1742234428755-4947-d0bd-9985",
      "dataPsmNewIri": null,
      "dataPsmInterpretation": "bt5l1hscvmm7w3y9x0",
      "dataPsmTechnicalLabel": "relationType",
      "dataPsmHumanLabel": null,
      "dataPsmHumanDescription": null,
      "dataPsmOwner": "https://ofn.gov.cz/class/1742234428662-255b-ab44-995e",
      "dataPsmDatatype": "http://www.w3.org/2001/XMLSchema#string"
    },
    {
      "types": [
        "core-operation",
        "https://ofn.gov.cz/slovník/psm/CreateAttribute"
      ],
      "iri": "https://ofn.gov.cz/operation/1742234446597-8e43-d77b-a3a6",
      "parent": "https://ofn.gov.cz/operation/1742234446559-bb11-7bb6-8410",
      "dataPsmNewIri": null,
      "dataPsmInterpretation": "vhvnvov86usm7w3u6j1",
      "dataPsmTechnicalLabel": "type",
      "dataPsmHumanLabel": null,
      "dataPsmHumanDescription": null,
      "dataPsmOwner": "https://ofn.gov.cz/class/1742234428662-255b-ab44-995e",
      "dataPsmDatatype": "http://www.w3.org/2001/XMLSchema#string"
    },
    {
      "types": [
        "core-operation",
        "https://ofn.gov.cz/slovník/psm/CreateAttribute"
      ],
      "iri": "https://ofn.gov.cz/operation/1742234446631-981f-642f-b80e",
      "parent": "https://ofn.gov.cz/operation/1742234446597-8e43-d77b-a3a6",
      "dataPsmNewIri": null,
      "dataPsmInterpretation": "y8q8sx1k6iqm7w3r862",
      "dataPsmTechnicalLabel": "title",
      "dataPsmHumanLabel": null,
      "dataPsmHumanDescription": null,
      "dataPsmOwner": "https://ofn.gov.cz/class/1742234428662-255b-ab44-995e",
      "dataPsmDatatype": "http://www.w3.org/2001/XMLSchema#string"
    },
    {
      "types": [
        "core-operation",
        "https://ofn.gov.cz/slovník/psm/CreateAttribute"
      ],
      "iri": "https://ofn.gov.cz/operation/1742234446664-46c9-e3de-b697",
      "parent": "https://ofn.gov.cz/operation/1742234446631-981f-642f-b80e",
      "dataPsmNewIri": null,
      "dataPsmInterpretation": "9rymmuccpufm7w3on7j",
      "dataPsmTechnicalLabel": "identifier",
      "dataPsmHumanLabel": null,
      "dataPsmHumanDescription": null,
      "dataPsmOwner": "https://ofn.gov.cz/class/1742234428662-255b-ab44-995e",
      "dataPsmDatatype": "http://www.w3.org/2001/XMLSchema#string"
    },
    {
      "types": [
        "core-operation",
        "https://ofn.gov.cz/slovník/psm/CreateClass"
      ],
      "iri": "https://ofn.gov.cz/operation/1742234446697-038c-6216-b593",
      "parent": "https://ofn.gov.cz/operation/1742234446664-46c9-e3de-b697",
      "dataPsmNewIri": null,
      "dataPsmInterpretation": "5efwrun05sam7w6d54p",
      "dataPsmTechnicalLabel": "resourceToAgentRelationship",
      "dataPsmHumanLabel": null,
      "dataPsmHumanDescription": null,
      "dataPsmExtends": [],
      "dataPsmIsClosed": null
    },
    {
      "types": [
        "core-operation",
        "https://ofn.gov.cz/slovník/psm/CreateAssociationEnd"
      ],
      "iri": "https://ofn.gov.cz/operation/1742234446726-02ed-550d-bd29",
      "parent": "https://ofn.gov.cz/operation/1742234446697-038c-6216-b593",
      "dataPsmNewIri": null,
      "dataPsmInterpretation": "vfryag0fpq8m7w808t2",
      "dataPsmTechnicalLabel": "qualifiedRelation",
      "dataPsmHumanLabel": null,
      "dataPsmHumanDescription": null,
      "dataPsmOwner": "https://ofn.gov.cz/class/1742234428662-255b-ab44-995e",
      "dataPsmPart": "https://ofn.gov.cz/class/1742234446697-8e48-c3ca-aec2",
      "dataPsmIsReverse": false,
      "dataPsmIsDematerialize": null
    },
    {
      "types": [
        "core-operation",
        "https://ofn.gov.cz/slovník/psm/CreateClass"
      ],
      "iri": "https://ofn.gov.cz/operation/1742234446765-5d51-db72-8d6c",
      "parent": "https://ofn.gov.cz/operation/1742234446726-02ed-550d-bd29",
      "dataPsmNewIri": null,
      "dataPsmInterpretation": "x67cs7mr11m7w4riy7",
      "dataPsmTechnicalLabel": "timeReference",
      "dataPsmHumanLabel": null,
      "dataPsmHumanDescription": null,
      "dataPsmExtends": [],
      "dataPsmIsClosed": null
    },
    {
      "types": [
        "core-operation",
        "https://ofn.gov.cz/slovník/psm/CreateAssociationEnd"
      ],
      "iri": "https://ofn.gov.cz/operation/1742234446802-33ff-96f6-b5c0",
      "parent": "https://ofn.gov.cz/operation/1742234446765-5d51-db72-8d6c",
      "dataPsmNewIri": null,
      "dataPsmInterpretation": "b30c5ypowwrm7w4vdjj",
      "dataPsmTechnicalLabel": "hasTimeReference",
      "dataPsmHumanLabel": null,
      "dataPsmHumanDescription": null,
      "dataPsmOwner": "https://ofn.gov.cz/class/1742234428662-255b-ab44-995e",
      "dataPsmPart": "https://ofn.gov.cz/class/1742234446764-ac27-025c-9641",
      "dataPsmIsReverse": false,
      "dataPsmIsDematerialize": null
    },
    {
      "types": [
        "core-operation",
        "https://ofn.gov.cz/slovník/psm/SetTechnicalLabel"
      ],
      "iri": "https://ofn.gov.cz/operation/1742235008065-9181-99d4-8181",
      "parent": "https://ofn.gov.cz/operation/1742234446802-33ff-96f6-b5c0",
      "dataPsmResource": "https://ofn.gov.cz/association/1742234446726-908d-a496-850a",
      "dataPsmTechnicalLabel": "qualified_relations"
    },
    {
      "types": [
        "core-operation",
        "https://ofn.gov.cz/slovník/psm/SetTechnicalLabel"
      ],
      "iri": "https://ofn.gov.cz/operation/1742235029713-8b65-60e1-ab81",
      "parent": "https://ofn.gov.cz/operation/1742235008065-9181-99d4-8181",
      "dataPsmResource": "https://ofn.gov.cz/class/1742234446697-8e48-c3ca-aec2",
      "dataPsmTechnicalLabel": "resource_to_agent_relationship"
    },
    {
      "types": [
        "core-operation",
        "https://ofn.gov.cz/slovník/psm/SetTechnicalLabel"
      ],
      "iri": "https://ofn.gov.cz/operation/1742235056035-ca13-dd3b-9021",
      "parent": "https://ofn.gov.cz/operation/1742235029713-8b65-60e1-ab81",
      "dataPsmResource": "https://ofn.gov.cz/class/1742234446764-ac27-025c-9641",
      "dataPsmTechnicalLabel": "time_reference"
    },
    {
      "types": [
        "core-operation",
        "https://ofn.gov.cz/slovník/psm/CreateClassReference"
      ],
      "iri": "https://ofn.gov.cz/operation/1742338545373-bd9b-5703-8528",
      "parent": "https://ofn.gov.cz/operation/1742235056035-ca13-dd3b-9021",
      "dataPsmNewIri": null,
      "dataPsmSpecification": "edaeb96d-b03f-46fe-ba4e-b7065361fd5d",
      "dataPsmClass": "https://ofn.gov.cz/class/1742235557653-64a2-513a-97fe"
    },
    {
      "types": [
        "core-operation",
        "https://ofn.gov.cz/slovník/psm/SetPart"
      ],
      "iri": "https://ofn.gov.cz/operation/1742338545373-7d0d-abbb-8cbd",
      "parent": "https://ofn.gov.cz/operation/1742338545373-bd9b-5703-8528",
      "dataPsmAssociationEnd": "https://ofn.gov.cz/association/1742234446726-908d-a496-850a",
      "dataPsmPart": "https://ofn.gov.cz/class-reference/1742338545373-0b8d-e13d-aa6b"
    },
    {
      "types": [
        "core-operation",
        "https://ofn.gov.cz/slovník/psm/DeleteClass"
      ],
      "iri": "https://ofn.gov.cz/operation/1742338545383-cbbe-d0c4-9278",
      "parent": "https://ofn.gov.cz/operation/1742338545373-7d0d-abbb-8cbd",
      "dataPsmClass": "https://ofn.gov.cz/class/1742234446697-8e48-c3ca-aec2"
    },
    {
      "types": [
        "core-operation",
        "https://ofn.gov.cz/slovník/psm/CreateClassReference"
      ],
      "iri": "https://ofn.gov.cz/operation/1742338552371-91bd-a3bc-8764",
      "parent": "https://ofn.gov.cz/operation/1742338545383-cbbe-d0c4-9278",
      "dataPsmNewIri": null,
      "dataPsmSpecification": "c82768f3-8865-4e8a-8278-4b895c4f6ff4",
      "dataPsmClass": "https://ofn.gov.cz/class/1742235299937-b17d-6f34-926d"
    },
    {
      "types": [
        "core-operation",
        "https://ofn.gov.cz/slovník/psm/SetPart"
      ],
      "iri": "https://ofn.gov.cz/operation/1742338552371-8d48-dcfd-88e1",
      "parent": "https://ofn.gov.cz/operation/1742338552371-91bd-a3bc-8764",
      "dataPsmAssociationEnd": "https://ofn.gov.cz/association/1742234446802-6427-8fd0-93f5",
      "dataPsmPart": "https://ofn.gov.cz/class-reference/1742338552371-47f2-6232-860e"
    },
    {
      "types": [
        "core-operation",
        "https://ofn.gov.cz/slovník/psm/DeleteClass"
      ],
      "iri": "https://ofn.gov.cz/operation/1742338552379-d47f-55a9-87b1",
      "parent": "https://ofn.gov.cz/operation/1742338552371-8d48-dcfd-88e1",
      "dataPsmClass": "https://ofn.gov.cz/class/1742234446764-ac27-025c-9641"
    },
    {
      "types": [
        "core-operation",
        "https://ofn.gov.cz/slovník/psm/CreateClassReference"
      ],
      "iri": "https://ofn.gov.cz/operation/1742338905679-6d1d-ea69-a989",
      "parent": "https://ofn.gov.cz/operation/1742338552379-d47f-55a9-87b1",
      "dataPsmNewIri": null,
      "dataPsmSpecification": "c82768f3-8865-4e8a-8278-4b895c4f6ff4",
      "dataPsmClass": "https://ofn.gov.cz/class/1742235299937-b17d-6f34-926d"
    },
    {
      "types": [
        "core-operation",
        "https://ofn.gov.cz/slovník/psm/SetPart"
      ],
      "iri": "https://ofn.gov.cz/operation/1742338905679-6ce0-c9c1-803e",
      "parent": "https://ofn.gov.cz/operation/1742338905679-6d1d-ea69-a989",
      "dataPsmAssociationEnd": "https://ofn.gov.cz/association/1742234446802-6427-8fd0-93f5",
      "dataPsmPart": "https://ofn.gov.cz/class-reference/1742338905679-5437-8987-b68d"
    },
    {
      "types": [
        "core-operation",
        "https://ofn.gov.cz/slovník/psm/CreateClassReference"
      ],
      "iri": "https://ofn.gov.cz/operation/1742339227758-2ca4-1dbc-a644",
      "parent": "https://ofn.gov.cz/operation/1742338905679-6ce0-c9c1-803e",
      "dataPsmNewIri": null,
      "dataPsmSpecification": "edaeb96d-b03f-46fe-ba4e-b7065361fd5d",
      "dataPsmClass": "https://ofn.gov.cz/class/1742235557653-64a2-513a-97fe"
    },
    {
      "types": [
        "core-operation",
        "https://ofn.gov.cz/slovník/psm/SetPart"
      ],
      "iri": "https://ofn.gov.cz/operation/1742339227795-8b92-26f8-a8a6",
      "parent": "https://ofn.gov.cz/operation/1742339227758-2ca4-1dbc-a644",
      "dataPsmAssociationEnd": "https://ofn.gov.cz/association/1742234446726-908d-a496-850a",
      "dataPsmPart": "https://ofn.gov.cz/class-reference/1742339227758-78d9-da52-a0fb"
    },
    {
      "types": [
        "core-operation",
        "https://ofn.gov.cz/slovník/psm/SetTechnicalLabel"
      ],
      "iri": "https://ofn.gov.cz/operation/1742339269662-3df1-079b-b21f",
      "parent": "https://ofn.gov.cz/operation/1742339227795-8b92-26f8-a8a6",
      "dataPsmResource": "https://ofn.gov.cz/association/1742234446726-908d-a496-850a",
      "dataPsmTechnicalLabel": "qualified_relation"
    },
    {
      "types": [
        "core-operation",
        "https://ofn.gov.cz/slovník/psm/SetTechnicalLabel"
      ],
      "iri": "https://ofn.gov.cz/operation/1742339284025-e8cd-b66c-a016",
      "parent": "https://ofn.gov.cz/operation/1742339269662-3df1-079b-b21f",
      "dataPsmResource": "https://ofn.gov.cz/association/1742234446802-6427-8fd0-93f5",
      "dataPsmTechnicalLabel": "has_time_reference"
    },
    {
      "types": [
        "core-operation",
        "https://ofn.gov.cz/slovník/psm/SetTechnicalLabel"
      ],
      "iri": "https://ofn.gov.cz/operation/1742341019347-6b68-0317-bbf4",
      "parent": "https://ofn.gov.cz/operation/1742339284025-e8cd-b66c-a016",
      "dataPsmResource": "https://ofn.gov.cz/association/1742234446802-6427-8fd0-93f5",
      "dataPsmTechnicalLabel": "time_reference"
    },
    {
      "types": [
        "core-operation",
        "https://ofn.gov.cz/slovník/psm/CreateAttribute"
      ],
      "iri": "https://ofn.gov.cz/operation/1743522069667-9b58-b529-ac22",
      "parent": "https://ofn.gov.cz/operation/1742341019347-6b68-0317-bbf4",
      "dataPsmNewIri": null,
      "dataPsmInterpretation": "1a1aace3x9bm8ynzbls",
      "dataPsmTechnicalLabel": "resource_url",
      "dataPsmHumanLabel": null,
      "dataPsmHumanDescription": null,
      "dataPsmOwner": "https://ofn.gov.cz/class/1742234428662-255b-ab44-995e",
      "dataPsmDatatype": "http://www.w3.org/2001/XMLSchema#anyURI"
    },
    {
      "types": [
        "core-operation",
        "https://ofn.gov.cz/slovník/psm/SetOrder"
      ],
      "iri": "https://ofn.gov.cz/operation/1743522073257-87d8-28e5-a186",
      "parent": "https://ofn.gov.cz/operation/1743522069667-9b58-b529-ac22",
      "dataPsmOwnerClass": "https://ofn.gov.cz/class/1742234428662-255b-ab44-995e",
      "dataPsmResourceToMove": "https://ofn.gov.cz/attribute/1743522069666-2a27-c6c7-9f65",
      "dataPsmMoveAfter": "https://ofn.gov.cz/attribute/1742234446664-c016-2dfa-88a3"
    },
    {
      "types": [
        "core-operation",
        "https://ofn.gov.cz/slovník/psm/SetOrder"
      ],
      "iri": "https://ofn.gov.cz/operation/1743522077395-14a8-b650-b81e",
      "parent": "https://ofn.gov.cz/operation/1743522073257-87d8-28e5-a186",
      "dataPsmOwnerClass": "https://ofn.gov.cz/class/1742234428662-255b-ab44-995e",
      "dataPsmResourceToMove": "https://ofn.gov.cz/attribute/1743522069666-2a27-c6c7-9f65",
      "dataPsmMoveAfter": "https://ofn.gov.cz/attribute/1742234446631-8535-4c65-b077"
    },
    {
      "types": [
        "core-operation",
        "https://ofn.gov.cz/slovník/psm/DeleteAttribute"
      ],
      "iri": "https://ofn.gov.cz/operation/1743522083779-1bc4-86c0-8e92",
      "parent": "https://ofn.gov.cz/operation/1743522077395-14a8-b650-b81e",
      "dataPsmOwner": "https://ofn.gov.cz/class/1742234428662-255b-ab44-995e",
      "dataPsmAttribute": "https://ofn.gov.cz/attribute/1742234446664-c016-2dfa-88a3"
    },
    {
      "types": [
        "core-operation",
        "https://ofn.gov.cz/slovník/psm/CreateClass"
      ],
      "iri": "https://ofn.gov.cz/operation/1743522091610-f639-5880-96dd",
      "parent": "https://ofn.gov.cz/operation/1743522083779-1bc4-86c0-8e92",
      "dataPsmNewIri": null,
      "dataPsmInterpretation": "jn4pliugvvm8ezs3kk",
      "dataPsmTechnicalLabel": "identifier",
      "dataPsmHumanLabel": null,
      "dataPsmHumanDescription": null,
      "dataPsmExtends": [],
      "dataPsmIsClosed": null
    },
    {
      "types": [
        "core-operation",
        "https://ofn.gov.cz/slovník/psm/CreateAssociationEnd"
      ],
      "iri": "https://ofn.gov.cz/operation/1743522091642-359c-8827-83ad",
      "parent": "https://ofn.gov.cz/operation/1743522091610-f639-5880-96dd",
      "dataPsmNewIri": null,
      "dataPsmInterpretation": "rrkv9n6v03m8oa35i6",
      "dataPsmTechnicalLabel": "has_identifier",
      "dataPsmHumanLabel": null,
      "dataPsmHumanDescription": null,
      "dataPsmOwner": "https://ofn.gov.cz/class/1742234428662-255b-ab44-995e",
      "dataPsmPart": "https://ofn.gov.cz/class/1743522091609-b5cd-2b41-8cb5",
      "dataPsmIsReverse": false,
      "dataPsmIsDematerialize": null
    }
  ],
  "resources": {
    "59320987-85a2-42da-91e2-36d8774b3522": {
      "types": [
        "https://ofn.gov.cz/slovník/psm/Schema"
      ],
      "iri": "59320987-85a2-42da-91e2-36d8774b3522",
      "dataPsmHumanLabel": {
        "cs": "Resource",
        "en": "Resource"
      },
      "dataPsmHumanDescription": {
        "cs": "Datová struktura pro Resource. Resource represents any resource, physical or digital, that is related to the described dataset. ",
        "en": "Data structure for Resource. Resource represents any resource, physical or digital, that is related to the described dataset. "
      },
      "dataPsmTechnicalLabel": null,
      "dataPsmRoots": [
        "https://ofn.gov.cz/class/1742234428662-255b-ab44-995e"
      ],
      "dataPsmParts": [
        "https://ofn.gov.cz/class/1742234428662-255b-ab44-995e",
        "https://ofn.gov.cz/attribute/1742234446559-dddc-2202-a3a8",
        "https://ofn.gov.cz/attribute/1742234446597-c4fa-ea39-b69c",
        "https://ofn.gov.cz/attribute/1742234446631-8535-4c65-b077",
        "https://ofn.gov.cz/association/1742234446726-908d-a496-850a",
        "https://ofn.gov.cz/association/1742234446802-6427-8fd0-93f5",
        "https://ofn.gov.cz/class-reference/1742338545373-0b8d-e13d-aa6b",
        "https://ofn.gov.cz/class-reference/1742338552371-47f2-6232-860e",
        "https://ofn.gov.cz/class-reference/1742338905679-5437-8987-b68d",
        "https://ofn.gov.cz/class-reference/1742339227758-78d9-da52-a0fb",
        "https://ofn.gov.cz/attribute/1743522069666-2a27-c6c7-9f65",
        "https://ofn.gov.cz/class/1743522091609-b5cd-2b41-8cb5",
        "https://ofn.gov.cz/association/1743522091642-3152-d56e-b6d3"
      ]
    },
    "https://ofn.gov.cz/class/1742234428662-255b-ab44-995e": {
      "types": [
        "https://ofn.gov.cz/slovník/psm/Class"
      ],
      "iri": "https://ofn.gov.cz/class/1742234428662-255b-ab44-995e",
      "dataPsmHumanLabel": null,
      "dataPsmHumanDescription": null,
      "dataPsmTechnicalLabel": "resource",
      "dataPsmInterpretation": "pxybpkdil5lm7w19him",
      "dataPsmExtends": [],
      "dataPsmParts": [
        "https://ofn.gov.cz/attribute/1742234446559-dddc-2202-a3a8",
        "https://ofn.gov.cz/attribute/1742234446597-c4fa-ea39-b69c",
        "https://ofn.gov.cz/attribute/1742234446631-8535-4c65-b077",
        "https://ofn.gov.cz/attribute/1743522069666-2a27-c6c7-9f65",
        "https://ofn.gov.cz/association/1742234446726-908d-a496-850a",
        "https://ofn.gov.cz/association/1742234446802-6427-8fd0-93f5",
        "https://ofn.gov.cz/association/1743522091642-3152-d56e-b6d3"
      ],
      "dataPsmIsClosed": null
    },
    "https://ofn.gov.cz/attribute/1742234446559-dddc-2202-a3a8": {
      "types": [
        "https://ofn.gov.cz/slovník/psm/Attribute"
      ],
      "iri": "https://ofn.gov.cz/attribute/1742234446559-dddc-2202-a3a8",
      "dataPsmHumanLabel": null,
      "dataPsmHumanDescription": null,
      "dataPsmTechnicalLabel": "relationType",
      "dataPsmInterpretation": "bt5l1hscvmm7w3y9x0",
      "dataPsmDatatype": "http://www.w3.org/2001/XMLSchema#string"
    },
    "https://ofn.gov.cz/attribute/1742234446597-c4fa-ea39-b69c": {
      "types": [
        "https://ofn.gov.cz/slovník/psm/Attribute"
      ],
      "iri": "https://ofn.gov.cz/attribute/1742234446597-c4fa-ea39-b69c",
      "dataPsmHumanLabel": null,
      "dataPsmHumanDescription": null,
      "dataPsmTechnicalLabel": "type",
      "dataPsmInterpretation": "vhvnvov86usm7w3u6j1",
      "dataPsmDatatype": "http://www.w3.org/2001/XMLSchema#string"
    },
    "https://ofn.gov.cz/attribute/1742234446631-8535-4c65-b077": {
      "types": [
        "https://ofn.gov.cz/slovník/psm/Attribute"
      ],
      "iri": "https://ofn.gov.cz/attribute/1742234446631-8535-4c65-b077",
      "dataPsmHumanLabel": null,
      "dataPsmHumanDescription": null,
      "dataPsmTechnicalLabel": "title",
      "dataPsmInterpretation": "y8q8sx1k6iqm7w3r862",
      "dataPsmDatatype": "http://www.w3.org/2001/XMLSchema#string"
    },
    "https://ofn.gov.cz/association/1742234446726-908d-a496-850a": {
      "types": [
        "https://ofn.gov.cz/slovník/psm/AssociationEnd"
      ],
      "iri": "https://ofn.gov.cz/association/1742234446726-908d-a496-850a",
      "dataPsmHumanLabel": null,
      "dataPsmHumanDescription": null,
      "dataPsmTechnicalLabel": "qualified_relation",
      "dataPsmInterpretation": "vfryag0fpq8m7w808t2",
      "dataPsmPart": "https://ofn.gov.cz/class-reference/1742339227758-78d9-da52-a0fb",
      "dataPsmIsReverse": false,
      "dataPsmIsDematerialize": null
    },
    "https://ofn.gov.cz/association/1742234446802-6427-8fd0-93f5": {
      "types": [
        "https://ofn.gov.cz/slovník/psm/AssociationEnd"
      ],
      "iri": "https://ofn.gov.cz/association/1742234446802-6427-8fd0-93f5",
      "dataPsmHumanLabel": null,
      "dataPsmHumanDescription": null,
      "dataPsmTechnicalLabel": "time_reference",
      "dataPsmInterpretation": "b30c5ypowwrm7w4vdjj",
      "dataPsmPart": "https://ofn.gov.cz/class-reference/1742338905679-5437-8987-b68d",
      "dataPsmIsReverse": false,
      "dataPsmIsDematerialize": null
    },
    "https://ofn.gov.cz/class-reference/1742338545373-0b8d-e13d-aa6b": {
      "types": [
        "https://ofn.gov.cz/slovník/psm/ClassReference"
      ],
      "iri": "https://ofn.gov.cz/class-reference/1742338545373-0b8d-e13d-aa6b",
      "dataPsmSpecification": "edaeb96d-b03f-46fe-ba4e-b7065361fd5d",
      "dataPsmClass": "https://ofn.gov.cz/class/1742235557653-64a2-513a-97fe"
    },
    "https://ofn.gov.cz/class-reference/1742338552371-47f2-6232-860e": {
      "types": [
        "https://ofn.gov.cz/slovník/psm/ClassReference"
      ],
      "iri": "https://ofn.gov.cz/class-reference/1742338552371-47f2-6232-860e",
      "dataPsmSpecification": "c82768f3-8865-4e8a-8278-4b895c4f6ff4",
      "dataPsmClass": "https://ofn.gov.cz/class/1742235299937-b17d-6f34-926d"
    },
    "https://ofn.gov.cz/class-reference/1742338905679-5437-8987-b68d": {
      "types": [
        "https://ofn.gov.cz/slovník/psm/ClassReference"
      ],
      "iri": "https://ofn.gov.cz/class-reference/1742338905679-5437-8987-b68d",
      "dataPsmSpecification": "c82768f3-8865-4e8a-8278-4b895c4f6ff4",
      "dataPsmClass": "https://ofn.gov.cz/class/1742235299937-b17d-6f34-926d"
    },
    "https://ofn.gov.cz/class-reference/1742339227758-78d9-da52-a0fb": {
      "types": [
        "https://ofn.gov.cz/slovník/psm/ClassReference"
      ],
      "iri": "https://ofn.gov.cz/class-reference/1742339227758-78d9-da52-a0fb",
      "dataPsmSpecification": "edaeb96d-b03f-46fe-ba4e-b7065361fd5d",
      "dataPsmClass": "https://ofn.gov.cz/class/1742235557653-64a2-513a-97fe"
    },
    "https://ofn.gov.cz/attribute/1743522069666-2a27-c6c7-9f65": {
      "types": [
        "https://ofn.gov.cz/slovník/psm/Attribute"
      ],
      "iri": "https://ofn.gov.cz/attribute/1743522069666-2a27-c6c7-9f65",
      "dataPsmHumanLabel": null,
      "dataPsmHumanDescription": null,
      "dataPsmTechnicalLabel": "resource_url",
      "dataPsmInterpretation": "1a1aace3x9bm8ynzbls",
      "dataPsmDatatype": "http://www.w3.org/2001/XMLSchema#anyURI"
    },
    "https://ofn.gov.cz/class/1743522091609-b5cd-2b41-8cb5": {
      "types": [
        "https://ofn.gov.cz/slovník/psm/Class"
      ],
      "iri": "https://ofn.gov.cz/class/1743522091609-b5cd-2b41-8cb5",
      "dataPsmHumanLabel": null,
      "dataPsmHumanDescription": null,
      "dataPsmTechnicalLabel": "identifier",
      "dataPsmInterpretation": "jn4pliugvvm8ezs3kk",
      "dataPsmExtends": [],
      "dataPsmParts": [],
      "dataPsmIsClosed": null
    },
    "https://ofn.gov.cz/association/1743522091642-3152-d56e-b6d3": {
      "types": [
        "https://ofn.gov.cz/slovník/psm/AssociationEnd"
      ],
      "iri": "https://ofn.gov.cz/association/1743522091642-3152-d56e-b6d3",
      "dataPsmHumanLabel": null,
      "dataPsmHumanDescription": null,
      "dataPsmTechnicalLabel": "has_identifier",
      "dataPsmInterpretation": "rrkv9n6v03m8oa35i6",
      "dataPsmPart": "https://ofn.gov.cz/class/1743522091609-b5cd-2b41-8cb5",
      "dataPsmIsReverse": false,
      "dataPsmIsDematerialize": null
    }
  }
}