{
  "iri": "59320987-85a2-42da-91e2-36d8774b3522",
  "types": [
    "http://dataspecer.com/resources/v1/psm"
  ],
  "userMetadata": {
    "label": {
      "cs": "Resource",
      "en": "Resource"
    },
    "description": {
      "cs": "Datová struktura pro Resource. Resource represents any resource, physical or digital, that is related to the described dataset. ",
      "en": "Data structure for Resource. Resource represents any resource, physical or digital, that is related to the described dataset. "
    }
  },
  "metadata": {
    "creationDate": "2025-03-17T18:00:14.084Z",
    "modificationDate": "2025-03-20T12:22:55.784Z"
  },
  "_version": 1,
  "_exportVersion": 1,
  "_exportedAt": "2025-03-25T09:30:57.074Z",
  "_exportedBy": "http://localhost:3100"
}