{
  "iri": "5c4d7dc2-4c50-42fc-974f-8b25a127dfc8",
  "types": [
    "http://dataspecer.com/resources/v1/psm"
  ],
  "userMetadata": {
    "label": {
      "cs": "Organization",
      "en": "Organization"
    },
    "description": {
      "cs": "Datová struktura pro Organization. Represents a collection of people organized together into a community or other social, commercial or political structure. The group has some common purpose or reason for existence which goes beyond the set of people belonging to it and can act as an Agent. Organizations are often decomposable into hierarchical structures. ",
      "en": "Data structure for Organization. Represents a collection of people organized together into a community or other social, commercial or political structure. The group has some common purpose or reason for existence which goes beyond the set of people belonging to it and can act as an Agent. Organizations are often decomposable into hierarchical structures. "
    }
  },
  "metadata": {
    "creationDate": "2025-03-18T23:40:42.237Z",
    "modificationDate": "2025-03-20T13:42:43.920Z"
  },
  "_version": 1,
  "_exportVersion": 1,
  "_exportedAt": "2025-03-25T09:30:57.100Z",
  "_exportedBy": "http://localhost:3100"
}