{
  "iri": "6b12e77a-aa55-4287-9040-782a3a77caab",
  "types": [
    "http://dataspecer.com/resources/local/semantic-model"
  ],
  "userMetadata": {
    "label": {
      "en": "Czech Core Metadata Model"
    },
    "description": {
      "en": "Semantic model for the profile"
    }
  },
  "metadata": {
    "creationDate": "2025-03-17T09:57:06.770Z",
    "modificationDate": "2025-03-19T08:45:04.867Z"
  },
  "_version": 1,
  "_exportVersion": 1,
  "_exportedAt": "2025-03-19T09:35:11.848Z",
  "_exportedBy": "http://localhost:3100"
}