{
  "iri": "6f97608f-3118-4975-a7e3-046f8fc0c04f",
  "types": [
    "http://dataspecer.com/resources/v1/psm"
  ],
  "userMetadata": {
    "label": {
      "cs": "Agent",
      "en": "Agent"
    },
    "description": {
      "cs": "Datová struktura pro Agent. Any entity carrying out actions with respect to the entities Catalogue and the Catalogued Resources.",
      "en": "Data structure for Agent. Any entity carrying out actions with respect to the entities Catalogue and the Catalogued Resources."
    }
  },
  "metadata": {
    "creationDate": "2025-03-17T17:58:25.042Z",
    "modificationDate": "2025-04-01T15:41:35.798Z"
  },
  "_version": 1,
  "_exportVersion": 1,
  "_exportedAt": "2025-04-01T18:20:44.498Z",
  "_exportedBy": "http://localhost:3100"
}