{
  "operations": [
    {
      "types": [
        "core-operation",
        "https://ofn.gov.cz/slovník/psm/CreateClass"
      ],
      "iri": "https://ofn.gov.cz/operation/1742234312711-1068-ea07-a2b4",
      "parent": null,
      "dataPsmNewIri": null,
      "dataPsmInterpretation": "pgsp7mo03vm7ufmeux",
      "dataPsmTechnicalLabel": "agent",
      "dataPsmHumanLabel": null,
      "dataPsmHumanDescription": null,
      "dataPsmExtends": [],
      "dataPsmIsClosed": null
    },
    {
      "types": [
        "core-operation",
        "https://ofn.gov.cz/slovník/psm/SetRoots"
      ],
      "iri": "https://ofn.gov.cz/operation/1742234312750-1af7-981d-bfa4",
      "parent": "https://ofn.gov.cz/operation/1742234312711-1068-ea07-a2b4",
      "dataPsmRoots": [
        "https://ofn.gov.cz/class/1742234312711-3b17-2e3d-91b1"
      ]
    },
    {
      "types": [
        "core-operation",
        "https://ofn.gov.cz/slovník/psm/SetHumanLabel"
      ],
      "iri": "https://ofn.gov.cz/operation/1742234312786-fa75-cac7-87c5",
      "parent": "https://ofn.gov.cz/operation/1742234312750-1af7-981d-bfa4",
      "dataPsmResource": "6f97608f-3118-4975-a7e3-046f8fc0c04f",
      "dataPsmHumanLabel": {
        "cs": "Agent",
        "en": "Agent"
      }
    },
    {
      "types": [
        "core-operation",
        "https://ofn.gov.cz/slovník/psm/SetHumanDescription"
      ],
      "iri": "https://ofn.gov.cz/operation/1742234312817-8755-402f-8f57",
      "parent": "https://ofn.gov.cz/operation/1742234312786-fa75-cac7-87c5",
      "dataPsmResource": "6f97608f-3118-4975-a7e3-046f8fc0c04f",
      "dataPsmHumanDescription": {
        "cs": "Datová struktura pro Agent. Any entity carrying out actions with respect to the entities Catalogue and the Catalogued Resources.",
        "en": "Data structure for Agent. Any entity carrying out actions with respect to the entities Catalogue and the Catalogued Resources."
      }
    },
    {
      "types": [
        "core-operation",
        "https://ofn.gov.cz/slovník/psm/CreateAttribute"
      ],
      "iri": "https://ofn.gov.cz/operation/1742234319080-08ec-20c8-bb33",
      "parent": "https://ofn.gov.cz/operation/1742234312817-8755-402f-8f57",
      "dataPsmNewIri": null,
      "dataPsmInterpretation": "sdc0c109tum7x8h8pq",
      "dataPsmTechnicalLabel": "externalIdentifier",
      "dataPsmHumanLabel": null,
      "dataPsmHumanDescription": null,
      "dataPsmOwner": "https://ofn.gov.cz/class/1742234312711-3b17-2e3d-91b1",
      "dataPsmDatatype": "http://www.w3.org/2001/XMLSchema#string"
    },
    {
      "types": [
        "core-operation",
        "https://ofn.gov.cz/slovník/psm/CreateClass"
      ],
      "iri": "https://ofn.gov.cz/operation/1742234319122-1040-73b4-b3f5",
      "parent": "https://ofn.gov.cz/operation/1742234319080-08ec-20c8-bb33",
      "dataPsmNewIri": null,
      "dataPsmInterpretation": "v5egy7ngk8m7x8n1y2",
      "dataPsmTechnicalLabel": "contactDetails",
      "dataPsmHumanLabel": null,
      "dataPsmHumanDescription": null,
      "dataPsmExtends": [],
      "dataPsmIsClosed": null
    },
    {
      "types": [
        "core-operation",
        "https://ofn.gov.cz/slovník/psm/CreateAssociationEnd"
      ],
      "iri": "https://ofn.gov.cz/operation/1742234319149-a883-894b-a981",
      "parent": "https://ofn.gov.cz/operation/1742234319122-1040-73b4-b3f5",
      "dataPsmNewIri": null,
      "dataPsmInterpretation": "v8v8b5bej8om7x8nyih",
      "dataPsmTechnicalLabel": "contactPoint",
      "dataPsmHumanLabel": null,
      "dataPsmHumanDescription": null,
      "dataPsmOwner": "https://ofn.gov.cz/class/1742234312711-3b17-2e3d-91b1",
      "dataPsmPart": "https://ofn.gov.cz/class/1742234319122-5357-3d43-a374",
      "dataPsmIsReverse": false,
      "dataPsmIsDematerialize": null
    },
    {
      "types": [
        "core-operation",
        "https://ofn.gov.cz/slovník/psm/SetTechnicalLabel"
      ],
      "iri": "https://ofn.gov.cz/operation/1742234330401-0936-e691-827f",
      "parent": "https://ofn.gov.cz/operation/1742234319149-a883-894b-a981",
      "dataPsmResource": "https://ofn.gov.cz/attribute/1742234319080-05bc-9f01-814b",
      "dataPsmTechnicalLabel": "external_identifier"
    },
    {
      "types": [
        "core-operation",
        "https://ofn.gov.cz/slovník/psm/SetTechnicalLabel"
      ],
      "iri": "https://ofn.gov.cz/operation/1742234348753-f232-30c4-ad07",
      "parent": "https://ofn.gov.cz/operation/1742234330401-0936-e691-827f",
      "dataPsmResource": "https://ofn.gov.cz/attribute/1742234319080-05bc-9f01-814b",
      "dataPsmTechnicalLabel": "external_identifiers"
    },
    {
      "types": [
        "core-operation",
        "https://ofn.gov.cz/slovník/psm/CreateClassReference"
      ],
      "iri": "https://ofn.gov.cz/operation/1742338361469-a8d9-cf57-ab8e",
      "parent": "https://ofn.gov.cz/operation/1742234348753-f232-30c4-ad07",
      "dataPsmNewIri": null,
      "dataPsmSpecification": "7c4a1f67-5415-4094-b187-0cc87f9a245a",
      "dataPsmClass": "https://ofn.gov.cz/class/1742234373952-7a86-df18-a582"
    },
    {
      "types": [
        "core-operation",
        "https://ofn.gov.cz/slovník/psm/SetPart"
      ],
      "iri": "https://ofn.gov.cz/operation/1742338361469-4076-a77a-a91a",
      "parent": "https://ofn.gov.cz/operation/1742338361469-a8d9-cf57-ab8e",
      "dataPsmAssociationEnd": "https://ofn.gov.cz/association/1742234319149-d811-f06b-bc82",
      "dataPsmPart": "https://ofn.gov.cz/class-reference/1742338361469-5acb-9951-af5c"
    },
    {
      "types": [
        "core-operation",
        "https://ofn.gov.cz/slovník/psm/DeleteClass"
      ],
      "iri": "https://ofn.gov.cz/operation/1742338361476-b516-ee26-afe7",
      "parent": "https://ofn.gov.cz/operation/1742338361469-4076-a77a-a91a",
      "dataPsmClass": "https://ofn.gov.cz/class/1742234319122-5357-3d43-a374"
    },
    {
      "types": [
        "core-operation",
        "https://ofn.gov.cz/slovník/psm/CreateClassReference"
      ],
      "iri": "https://ofn.gov.cz/operation/1742338481599-06c8-7a3a-a7c9",
      "parent": "https://ofn.gov.cz/operation/1742338361476-b516-ee26-afe7",
      "dataPsmNewIri": null,
      "dataPsmSpecification": "7c4a1f67-5415-4094-b187-0cc87f9a245a",
      "dataPsmClass": "https://ofn.gov.cz/class/1742234373952-7a86-df18-a582"
    },
    {
      "types": [
        "core-operation",
        "https://ofn.gov.cz/slovník/psm/SetPart"
      ],
      "iri": "https://ofn.gov.cz/operation/1742338481600-8c20-e9b9-b7e3",
      "parent": "https://ofn.gov.cz/operation/1742338481599-06c8-7a3a-a7c9",
      "dataPsmAssociationEnd": "https://ofn.gov.cz/association/1742234319149-d811-f06b-bc82",
      "dataPsmPart": "https://ofn.gov.cz/class-reference/1742338481599-c250-1f4a-8412"
    },
    {
      "types": [
        "core-operation",
        "https://ofn.gov.cz/slovník/psm/CreateClassReference"
      ],
      "iri": "https://ofn.gov.cz/operation/1742338519292-aaa9-cfd2-bfdf",
      "parent": "https://ofn.gov.cz/operation/1742338481600-8c20-e9b9-b7e3",
      "dataPsmNewIri": null,
      "dataPsmSpecification": "7c4a1f67-5415-4094-b187-0cc87f9a245a",
      "dataPsmClass": "https://ofn.gov.cz/class/1742234373952-7a86-df18-a582"
    },
    {
      "types": [
        "core-operation",
        "https://ofn.gov.cz/slovník/psm/SetPart"
      ],
      "iri": "https://ofn.gov.cz/operation/1742338519292-d820-a1d5-acc9",
      "parent": "https://ofn.gov.cz/operation/1742338519292-aaa9-cfd2-bfdf",
      "dataPsmAssociationEnd": "https://ofn.gov.cz/association/1742234319149-d811-f06b-bc82",
      "dataPsmPart": "https://ofn.gov.cz/class-reference/1742338519292-b2db-6c97-b7b0"
    },
    {
      "types": [
        "core-operation",
        "https://ofn.gov.cz/slovník/psm/CreateClassReference"
      ],
      "iri": "https://ofn.gov.cz/operation/1742338731738-1c06-f15f-af58",
      "parent": "https://ofn.gov.cz/operation/1742338519292-d820-a1d5-acc9",
      "dataPsmNewIri": null,
      "dataPsmSpecification": "7c4a1f67-5415-4094-b187-0cc87f9a245a",
      "dataPsmClass": "https://ofn.gov.cz/class/1742234373952-7a86-df18-a582"
    },
    {
      "types": [
        "core-operation",
        "https://ofn.gov.cz/slovník/psm/SetPart"
      ],
      "iri": "https://ofn.gov.cz/operation/1742338731738-c952-010a-8733",
      "parent": "https://ofn.gov.cz/operation/1742338731738-1c06-f15f-af58",
      "dataPsmAssociationEnd": "https://ofn.gov.cz/association/1742234319149-d811-f06b-bc82",
      "dataPsmPart": "https://ofn.gov.cz/class-reference/1742338731738-3458-4b76-99e1"
    },
    {
      "types": [
        "core-operation",
        "https://ofn.gov.cz/slovník/psm/CreateClassReference"
      ],
      "iri": "https://ofn.gov.cz/operation/1742338977353-89b9-c6b9-a05f",
      "parent": "https://ofn.gov.cz/operation/1742338731738-c952-010a-8733",
      "dataPsmNewIri": null,
      "dataPsmSpecification": "7c4a1f67-5415-4094-b187-0cc87f9a245a",
      "dataPsmClass": "https://ofn.gov.cz/class/1742234373952-7a86-df18-a582"
    },
    {
      "types": [
        "core-operation",
        "https://ofn.gov.cz/slovník/psm/SetPart"
      ],
      "iri": "https://ofn.gov.cz/operation/1742338977388-982a-1648-bd15",
      "parent": "https://ofn.gov.cz/operation/1742338977353-89b9-c6b9-a05f",
      "dataPsmAssociationEnd": "https://ofn.gov.cz/association/1742234319149-d811-f06b-bc82",
      "dataPsmPart": "https://ofn.gov.cz/class-reference/1742338977353-1fb9-0f1e-a712"
    },
    {
      "types": [
        "core-operation",
        "https://ofn.gov.cz/slovník/psm/CreateClassReference"
      ],
      "iri": "https://ofn.gov.cz/operation/1742339135287-4274-b5a6-8672",
      "parent": "https://ofn.gov.cz/operation/1742338977388-982a-1648-bd15",
      "dataPsmNewIri": null,
      "dataPsmSpecification": "7c4a1f67-5415-4094-b187-0cc87f9a245a",
      "dataPsmClass": "https://ofn.gov.cz/class/1742234373952-7a86-df18-a582"
    },
    {
      "types": [
        "core-operation",
        "https://ofn.gov.cz/slovník/psm/SetPart"
      ],
      "iri": "https://ofn.gov.cz/operation/1742339135315-383c-25f9-95a4",
      "parent": "https://ofn.gov.cz/operation/1742339135287-4274-b5a6-8672",
      "dataPsmAssociationEnd": "https://ofn.gov.cz/association/1742234319149-d811-f06b-bc82",
      "dataPsmPart": "https://ofn.gov.cz/class-reference/1742339135286-6951-41b4-9ace"
    },
    {
      "types": [
        "core-operation",
        "https://ofn.gov.cz/slovník/psm/CreateClassReference"
      ],
      "iri": "https://ofn.gov.cz/operation/1742339441955-69f7-0b0d-b179",
      "parent": "https://ofn.gov.cz/operation/1742339135315-383c-25f9-95a4",
      "dataPsmNewIri": null,
      "dataPsmSpecification": "7c4a1f67-5415-4094-b187-0cc87f9a245a",
      "dataPsmClass": "https://ofn.gov.cz/class/1742234373952-7a86-df18-a582"
    },
    {
      "types": [
        "core-operation",
        "https://ofn.gov.cz/slovník/psm/SetPart"
      ],
      "iri": "https://ofn.gov.cz/operation/1742339441955-f367-cecd-a6e4",
      "parent": "https://ofn.gov.cz/operation/1742339441955-69f7-0b0d-b179",
      "dataPsmAssociationEnd": "https://ofn.gov.cz/association/1742234319149-d811-f06b-bc82",
      "dataPsmPart": "https://ofn.gov.cz/class-reference/1742339441955-e331-38fa-9295"
    },
    {
      "types": [
        "core-operation",
        "https://ofn.gov.cz/slovník/psm/CreateClassReference"
      ],
      "iri": "https://ofn.gov.cz/operation/1742339609105-ed1d-750e-aa6a",
      "parent": "https://ofn.gov.cz/operation/1742339441955-f367-cecd-a6e4",
      "dataPsmNewIri": null,
      "dataPsmSpecification": "7c4a1f67-5415-4094-b187-0cc87f9a245a",
      "dataPsmClass": "https://ofn.gov.cz/class/1742234373952-7a86-df18-a582"
    },
    {
      "types": [
        "core-operation",
        "https://ofn.gov.cz/slovník/psm/SetPart"
      ],
      "iri": "https://ofn.gov.cz/operation/1742339609106-c10e-d943-9c00",
      "parent": "https://ofn.gov.cz/operation/1742339609105-ed1d-750e-aa6a",
      "dataPsmAssociationEnd": "https://ofn.gov.cz/association/1742234319149-d811-f06b-bc82",
      "dataPsmPart": "https://ofn.gov.cz/class-reference/1742339609105-7273-33d3-b61c"
    },
    {
      "types": [
        "core-operation",
        "https://ofn.gov.cz/slovník/psm/CreateClassReference"
      ],
      "iri": "https://ofn.gov.cz/operation/1742339860067-9f24-996a-ade1",
      "parent": "https://ofn.gov.cz/operation/1742339609106-c10e-d943-9c00",
      "dataPsmNewIri": null,
      "dataPsmSpecification": "7c4a1f67-5415-4094-b187-0cc87f9a245a",
      "dataPsmClass": "https://ofn.gov.cz/class/1742234373952-7a86-df18-a582"
    },
    {
      "types": [
        "core-operation",
        "https://ofn.gov.cz/slovník/psm/SetPart"
      ],
      "iri": "https://ofn.gov.cz/operation/1742339860068-b60e-96bc-b91c",
      "parent": "https://ofn.gov.cz/operation/1742339860067-9f24-996a-ade1",
      "dataPsmAssociationEnd": "https://ofn.gov.cz/association/1742234319149-d811-f06b-bc82",
      "dataPsmPart": "https://ofn.gov.cz/class-reference/1742339860067-8fe1-1857-b4c8"
    }
  ],
  "resources": {
    "6f97608f-3118-4975-a7e3-046f8fc0c04f": {
      "types": [
        "https://ofn.gov.cz/slovník/psm/Schema"
      ],
      "iri": "6f97608f-3118-4975-a7e3-046f8fc0c04f",
      "dataPsmHumanLabel": {
        "cs": "Agent",
        "en": "Agent"
      },
      "dataPsmHumanDescription": {
        "cs": "Datová struktura pro Agent. Any entity carrying out actions with respect to the entities Catalogue and the Catalogued Resources.",
        "en": "Data structure for Agent. Any entity carrying out actions with respect to the entities Catalogue and the Catalogued Resources."
      },
      "dataPsmTechnicalLabel": null,
      "dataPsmRoots": [
        "https://ofn.gov.cz/class/1742234312711-3b17-2e3d-91b1"
      ],
      "dataPsmParts": [
        "https://ofn.gov.cz/class/1742234312711-3b17-2e3d-91b1",
        "https://ofn.gov.cz/attribute/1742234319080-05bc-9f01-814b",
        "https://ofn.gov.cz/association/1742234319149-d811-f06b-bc82",
        "https://ofn.gov.cz/class-reference/1742338361469-5acb-9951-af5c",
        "https://ofn.gov.cz/class-reference/1742338481599-c250-1f4a-8412",
        "https://ofn.gov.cz/class-reference/1742338519292-b2db-6c97-b7b0",
        "https://ofn.gov.cz/class-reference/1742338731738-3458-4b76-99e1",
        "https://ofn.gov.cz/class-reference/1742338977353-1fb9-0f1e-a712",
        "https://ofn.gov.cz/class-reference/1742339135286-6951-41b4-9ace",
        "https://ofn.gov.cz/class-reference/1742339441955-e331-38fa-9295",
        "https://ofn.gov.cz/class-reference/1742339609105-7273-33d3-b61c",
        "https://ofn.gov.cz/class-reference/1742339860067-8fe1-1857-b4c8"
      ]
    },
    "https://ofn.gov.cz/class/1742234312711-3b17-2e3d-91b1": {
      "types": [
        "https://ofn.gov.cz/slovník/psm/Class"
      ],
      "iri": "https://ofn.gov.cz/class/1742234312711-3b17-2e3d-91b1",
      "dataPsmHumanLabel": null,
      "dataPsmHumanDescription": null,
      "dataPsmTechnicalLabel": "agent",
      "dataPsmInterpretation": "pgsp7mo03vm7ufmeux",
      "dataPsmExtends": [],
      "dataPsmParts": [
        "https://ofn.gov.cz/attribute/1742234319080-05bc-9f01-814b",
        "https://ofn.gov.cz/association/1742234319149-d811-f06b-bc82"
      ],
      "dataPsmIsClosed": null
    },
    "https://ofn.gov.cz/attribute/1742234319080-05bc-9f01-814b": {
      "types": [
        "https://ofn.gov.cz/slovník/psm/Attribute"
      ],
      "iri": "https://ofn.gov.cz/attribute/1742234319080-05bc-9f01-814b",
      "dataPsmHumanLabel": null,
      "dataPsmHumanDescription": null,
      "dataPsmTechnicalLabel": "external_identifiers",
      "dataPsmInterpretation": "sdc0c109tum7x8h8pq",
      "dataPsmDatatype": "http://www.w3.org/2001/XMLSchema#string"
    },
    "https://ofn.gov.cz/association/1742234319149-d811-f06b-bc82": {
      "types": [
        "https://ofn.gov.cz/slovník/psm/AssociationEnd"
      ],
      "iri": "https://ofn.gov.cz/association/1742234319149-d811-f06b-bc82",
      "dataPsmHumanLabel": null,
      "dataPsmHumanDescription": null,
      "dataPsmTechnicalLabel": "contactPoint",
      "dataPsmInterpretation": "v8v8b5bej8om7x8nyih",
      "dataPsmPart": "https://ofn.gov.cz/class-reference/1742339860067-8fe1-1857-b4c8",
      "dataPsmIsReverse": false,
      "dataPsmIsDematerialize": null
    },
    "https://ofn.gov.cz/class-reference/1742338361469-5acb-9951-af5c": {
      "types": [
        "https://ofn.gov.cz/slovník/psm/ClassReference"
      ],
      "iri": "https://ofn.gov.cz/class-reference/1742338361469-5acb-9951-af5c",
      "dataPsmSpecification": "7c4a1f67-5415-4094-b187-0cc87f9a245a",
      "dataPsmClass": "https://ofn.gov.cz/class/1742234373952-7a86-df18-a582"
    },
    "https://ofn.gov.cz/class-reference/1742338481599-c250-1f4a-8412": {
      "types": [
        "https://ofn.gov.cz/slovník/psm/ClassReference"
      ],
      "iri": "https://ofn.gov.cz/class-reference/1742338481599-c250-1f4a-8412",
      "dataPsmSpecification": "7c4a1f67-5415-4094-b187-0cc87f9a245a",
      "dataPsmClass": "https://ofn.gov.cz/class/1742234373952-7a86-df18-a582"
    },
    "https://ofn.gov.cz/class-reference/1742338519292-b2db-6c97-b7b0": {
      "types": [
        "https://ofn.gov.cz/slovník/psm/ClassReference"
      ],
      "iri": "https://ofn.gov.cz/class-reference/1742338519292-b2db-6c97-b7b0",
      "dataPsmSpecification": "7c4a1f67-5415-4094-b187-0cc87f9a245a",
      "dataPsmClass": "https://ofn.gov.cz/class/1742234373952-7a86-df18-a582"
    },
    "https://ofn.gov.cz/class-reference/1742338731738-3458-4b76-99e1": {
      "types": [
        "https://ofn.gov.cz/slovník/psm/ClassReference"
      ],
      "iri": "https://ofn.gov.cz/class-reference/1742338731738-3458-4b76-99e1",
      "dataPsmSpecification": "7c4a1f67-5415-4094-b187-0cc87f9a245a",
      "dataPsmClass": "https://ofn.gov.cz/class/1742234373952-7a86-df18-a582"
    },
    "https://ofn.gov.cz/class-reference/1742338977353-1fb9-0f1e-a712": {
      "types": [
        "https://ofn.gov.cz/slovník/psm/ClassReference"
      ],
      "iri": "https://ofn.gov.cz/class-reference/1742338977353-1fb9-0f1e-a712",
      "dataPsmSpecification": "7c4a1f67-5415-4094-b187-0cc87f9a245a",
      "dataPsmClass": "https://ofn.gov.cz/class/1742234373952-7a86-df18-a582"
    },
    "https://ofn.gov.cz/class-reference/1742339135286-6951-41b4-9ace": {
      "types": [
        "https://ofn.gov.cz/slovník/psm/ClassReference"
      ],
      "iri": "https://ofn.gov.cz/class-reference/1742339135286-6951-41b4-9ace",
      "dataPsmSpecification": "7c4a1f67-5415-4094-b187-0cc87f9a245a",
      "dataPsmClass": "https://ofn.gov.cz/class/1742234373952-7a86-df18-a582"
    },
    "https://ofn.gov.cz/class-reference/1742339441955-e331-38fa-9295": {
      "types": [
        "https://ofn.gov.cz/slovník/psm/ClassReference"
      ],
      "iri": "https://ofn.gov.cz/class-reference/1742339441955-e331-38fa-9295",
      "dataPsmSpecification": "7c4a1f67-5415-4094-b187-0cc87f9a245a",
      "dataPsmClass": "https://ofn.gov.cz/class/1742234373952-7a86-df18-a582"
    },
    "https://ofn.gov.cz/class-reference/1742339609105-7273-33d3-b61c": {
      "types": [
        "https://ofn.gov.cz/slovník/psm/ClassReference"
      ],
      "iri": "https://ofn.gov.cz/class-reference/1742339609105-7273-33d3-b61c",
      "dataPsmSpecification": "7c4a1f67-5415-4094-b187-0cc87f9a245a",
      "dataPsmClass": "https://ofn.gov.cz/class/1742234373952-7a86-df18-a582"
    },
    "https://ofn.gov.cz/class-reference/1742339860067-8fe1-1857-b4c8": {
      "types": [
        "https://ofn.gov.cz/slovník/psm/ClassReference"
      ],
      "iri": "https://ofn.gov.cz/class-reference/1742339860067-8fe1-1857-b4c8",
      "dataPsmSpecification": "7c4a1f67-5415-4094-b187-0cc87f9a245a",
      "dataPsmClass": "https://ofn.gov.cz/class/1742234373952-7a86-df18-a582"
    }
  }
}