{
  "operations": [
    {
      "types": [
        "core-operation",
        "https://ofn.gov.cz/slovník/psm/CreateClass"
      ],
      "iri": "https://ofn.gov.cz/operation/1742339877323-7e37-f82c-b8b7",
      "parent": null,
      "dataPsmNewIri": null,
      "dataPsmInterpretation": "om5comjjt99m7udffm4",
      "dataPsmTechnicalLabel": "dataset",
      "dataPsmHumanLabel": null,
      "dataPsmHumanDescription": null,
      "dataPsmExtends": [],
      "dataPsmIsClosed": null
    },
    {
      "types": [
        "core-operation",
        "https://ofn.gov.cz/slovník/psm/SetRoots"
      ],
      "iri": "https://ofn.gov.cz/operation/1742339877358-eb53-286a-af27",
      "parent": "https://ofn.gov.cz/operation/1742339877323-7e37-f82c-b8b7",
      "dataPsmRoots": [
        "https://ofn.gov.cz/class/1742339877323-9dcc-6a36-988a"
      ]
    },
    {
      "types": [
        "core-operation",
        "https://ofn.gov.cz/slovník/psm/SetHumanLabel"
      ],
      "iri": "https://ofn.gov.cz/operation/1742339877387-a32d-47f5-b5f2",
      "parent": "https://ofn.gov.cz/operation/1742339877358-eb53-286a-af27",
      "dataPsmResource": "718788b3-9510-4776-a6a7-023759fff97d",
      "dataPsmHumanLabel": {
        "cs": "Datová sada",
        "en": "Dataset"
      }
    },
    {
      "types": [
        "core-operation",
        "https://ofn.gov.cz/slovník/psm/SetHumanDescription"
      ],
      "iri": "https://ofn.gov.cz/operation/1742339877411-61a4-f170-8ca1",
      "parent": "https://ofn.gov.cz/operation/1742339877387-a32d-47f5-b5f2",
      "dataPsmResource": "718788b3-9510-4776-a6a7-023759fff97d",
      "dataPsmHumanDescription": {
        "cs": "Datová struktura pro Datová sada. Kolekce dat poskytovaná či řízená jedním zdrojem, která je k dispozici pro přístup či stažení v jednom či více formátech.",
        "en": "Data structure for Dataset. A collection of data, published or curated by a single source, and available for access or download in one or more representations."
      }
    },
    {
      "types": [
        "core-operation",
        "https://ofn.gov.cz/slovník/psm/CreateAttribute"
      ],
      "iri": "https://ofn.gov.cz/operation/1742339898397-f58e-08bd-a3f7",
      "parent": "https://ofn.gov.cz/operation/1742339877411-61a4-f170-8ca1",
      "dataPsmNewIri": null,
      "dataPsmInterpretation": "3xvvqzcs9r3m7ugf9av",
      "dataPsmTechnicalLabel": "publication_year",
      "dataPsmHumanLabel": null,
      "dataPsmHumanDescription": null,
      "dataPsmOwner": "https://ofn.gov.cz/class/1742339877323-9dcc-6a36-988a",
      "dataPsmDatatype": "http://www.w3.org/2001/XMLSchema#gYear"
    },
    {
      "types": [
        "core-operation",
        "https://ofn.gov.cz/slovník/psm/CreateAttribute"
      ],
      "iri": "https://ofn.gov.cz/operation/1742339898433-269b-6ecc-8c2a",
      "parent": "https://ofn.gov.cz/operation/1742339898397-f58e-08bd-a3f7",
      "dataPsmNewIri": null,
      "dataPsmInterpretation": "qmpbjiqct4m7ufkkqe",
      "dataPsmTechnicalLabel": "version",
      "dataPsmHumanLabel": null,
      "dataPsmHumanDescription": null,
      "dataPsmOwner": "https://ofn.gov.cz/class/1742339877323-9dcc-6a36-988a",
      "dataPsmDatatype": "http://www.w3.org/2001/XMLSchema#string"
    },
    {
      "types": [
        "core-operation",
        "https://ofn.gov.cz/slovník/psm/CreateAttribute"
      ],
      "iri": "https://ofn.gov.cz/operation/1742339898472-64bf-9ea7-82d4",
      "parent": "https://ofn.gov.cz/operation/1742339898433-269b-6ecc-8c2a",
      "dataPsmNewIri": null,
      "dataPsmInterpretation": "6xspx0649plm7ufjxj4",
      "dataPsmTechnicalLabel": "description",
      "dataPsmHumanLabel": null,
      "dataPsmHumanDescription": null,
      "dataPsmOwner": "https://ofn.gov.cz/class/1742339877323-9dcc-6a36-988a",
      "dataPsmDatatype": "https://ofn.gov.cz/zdroj/základní-datové-typy/2020-07-01/text"
    },
    {
      "types": [
        "core-operation",
        "https://ofn.gov.cz/slovník/psm/CreateAttribute"
      ],
      "iri": "https://ofn.gov.cz/operation/1742339898502-8556-4dcb-b5c5",
      "parent": "https://ofn.gov.cz/operation/1742339898472-64bf-9ea7-82d4",
      "dataPsmNewIri": null,
      "dataPsmInterpretation": "quad45adrm7ufgx9g",
      "dataPsmTechnicalLabel": "other_language",
      "dataPsmHumanLabel": null,
      "dataPsmHumanDescription": null,
      "dataPsmOwner": "https://ofn.gov.cz/class/1742339877323-9dcc-6a36-988a",
      "dataPsmDatatype": "http://www.w3.org/2001/XMLSchema#string"
    },
    {
      "types": [
        "core-operation",
        "https://ofn.gov.cz/slovník/psm/CreateAttribute"
      ],
      "iri": "https://ofn.gov.cz/operation/1742339898543-d082-32b6-860c",
      "parent": "https://ofn.gov.cz/operation/1742339898502-8556-4dcb-b5c5",
      "dataPsmNewIri": null,
      "dataPsmInterpretation": "qytsolxsbmom7uff1l2",
      "dataPsmTechnicalLabel": "primary_language",
      "dataPsmHumanLabel": null,
      "dataPsmHumanDescription": null,
      "dataPsmOwner": "https://ofn.gov.cz/class/1742339877323-9dcc-6a36-988a",
      "dataPsmDatatype": "http://www.w3.org/2001/XMLSchema#string"
    },
    {
      "types": [
        "core-operation",
        "https://ofn.gov.cz/slovník/psm/CreateAttribute"
      ],
      "iri": "https://ofn.gov.cz/operation/1742339898579-6aa5-d2fc-b243",
      "parent": "https://ofn.gov.cz/operation/1742339898543-d082-32b6-860c",
      "dataPsmNewIri": null,
      "dataPsmInterpretation": "3uvyqgtbrivm7uf8gx1",
      "dataPsmTechnicalLabel": "alternate_title",
      "dataPsmHumanLabel": null,
      "dataPsmHumanDescription": null,
      "dataPsmOwner": "https://ofn.gov.cz/class/1742339877323-9dcc-6a36-988a",
      "dataPsmDatatype": "http://www.w3.org/2001/XMLSchema#string"
    },
    {
      "types": [
        "core-operation",
        "https://ofn.gov.cz/slovník/psm/CreateAttribute"
      ],
      "iri": "https://ofn.gov.cz/operation/1742339898620-25f9-c9d0-bc80",
      "parent": "https://ofn.gov.cz/operation/1742339898579-6aa5-d2fc-b243",
      "dataPsmNewIri": null,
      "dataPsmInterpretation": "17flw63qo4mm7uf5jtu",
      "dataPsmTechnicalLabel": "resource_type",
      "dataPsmHumanLabel": null,
      "dataPsmHumanDescription": null,
      "dataPsmOwner": "https://ofn.gov.cz/class/1742339877323-9dcc-6a36-988a",
      "dataPsmDatatype": "http://www.w3.org/2001/XMLSchema#string"
    },
    {
      "types": [
        "core-operation",
        "https://ofn.gov.cz/slovník/psm/CreateAttribute"
      ],
      "iri": "https://ofn.gov.cz/operation/1742339898650-72a0-5910-9c2d",
      "parent": "https://ofn.gov.cz/operation/1742339898620-25f9-c9d0-bc80",
      "dataPsmNewIri": null,
      "dataPsmInterpretation": "pr7l6lia19im7ue44i4",
      "dataPsmTechnicalLabel": "title",
      "dataPsmHumanLabel": null,
      "dataPsmHumanDescription": null,
      "dataPsmOwner": "https://ofn.gov.cz/class/1742339877323-9dcc-6a36-988a",
      "dataPsmDatatype": "http://www.w3.org/1999/02/22-rdf-syntax-ns#langString"
    },
    {
      "types": [
        "core-operation",
        "https://ofn.gov.cz/slovník/psm/CreateClass"
      ],
      "iri": "https://ofn.gov.cz/operation/1742339898685-6bcd-f1d2-b244",
      "parent": "https://ofn.gov.cz/operation/1742339898650-72a0-5910-9c2d",
      "dataPsmNewIri": null,
      "dataPsmInterpretation": "0yqleht4693om8f0pgrs",
      "dataPsmTechnicalLabel": "alternate_title",
      "dataPsmHumanLabel": null,
      "dataPsmHumanDescription": null,
      "dataPsmExtends": [],
      "dataPsmIsClosed": null
    },
    {
      "types": [
        "core-operation",
        "https://ofn.gov.cz/slovník/psm/CreateAssociationEnd"
      ],
      "iri": "https://ofn.gov.cz/operation/1742339898716-bc35-3b0c-91c2",
      "parent": "https://ofn.gov.cz/operation/1742339898685-6bcd-f1d2-b244",
      "dataPsmNewIri": null,
      "dataPsmInterpretation": "qgpl56dsw4m8f0qocx",
      "dataPsmTechnicalLabel": "has_alternate_title",
      "dataPsmHumanLabel": null,
      "dataPsmHumanDescription": null,
      "dataPsmOwner": "https://ofn.gov.cz/class/1742339877323-9dcc-6a36-988a",
      "dataPsmPart": "https://ofn.gov.cz/class/1742339898685-3c65-9ff1-97f3",
      "dataPsmIsReverse": false,
      "dataPsmIsDematerialize": null
    },
    {
      "types": [
        "core-operation",
        "https://ofn.gov.cz/slovník/psm/CreateClass"
      ],
      "iri": "https://ofn.gov.cz/operation/1742339898755-4a4e-9fba-abd2",
      "parent": "https://ofn.gov.cz/operation/1742339898716-bc35-3b0c-91c2",
      "dataPsmNewIri": null,
      "dataPsmInterpretation": "5xxz1qh9j1ym7xf9eh6",
      "dataPsmTechnicalLabel": "metadata_record",
      "dataPsmHumanLabel": null,
      "dataPsmHumanDescription": null,
      "dataPsmExtends": [],
      "dataPsmIsClosed": null
    },
    {
      "types": [
        "core-operation",
        "https://ofn.gov.cz/slovník/psm/CreateAssociationEnd"
      ],
      "iri": "https://ofn.gov.cz/operation/1742339898789-d869-619f-bc01",
      "parent": "https://ofn.gov.cz/operation/1742339898755-4a4e-9fba-abd2",
      "dataPsmNewIri": null,
      "dataPsmInterpretation": "4zsil494wx6m8f0ez2q",
      "dataPsmTechnicalLabel": "is_described_by",
      "dataPsmHumanLabel": null,
      "dataPsmHumanDescription": null,
      "dataPsmOwner": "https://ofn.gov.cz/class/1742339877323-9dcc-6a36-988a",
      "dataPsmPart": "https://ofn.gov.cz/class/1742339898755-c137-7abb-b491",
      "dataPsmIsReverse": false,
      "dataPsmIsDematerialize": null
    },
    {
      "types": [
        "core-operation",
        "https://ofn.gov.cz/slovník/psm/CreateClass"
      ],
      "iri": "https://ofn.gov.cz/operation/1742339898829-cbcb-265a-b7cf",
      "parent": "https://ofn.gov.cz/operation/1742339898789-d869-619f-bc01",
      "dataPsmNewIri": null,
      "dataPsmInterpretation": "jn4pliugvvm8ezs3kk",
      "dataPsmTechnicalLabel": "identifier",
      "dataPsmHumanLabel": null,
      "dataPsmHumanDescription": null,
      "dataPsmExtends": [],
      "dataPsmIsClosed": null
    },
    {
      "types": [
        "core-operation",
        "https://ofn.gov.cz/slovník/psm/CreateAssociationEnd"
      ],
      "iri": "https://ofn.gov.cz/operation/1742339898866-b055-5f0e-803b",
      "parent": "https://ofn.gov.cz/operation/1742339898829-cbcb-265a-b7cf",
      "dataPsmNewIri": null,
      "dataPsmInterpretation": "mk35x1rpnkm8f07pus",
      "dataPsmTechnicalLabel": "has_identifier",
      "dataPsmHumanLabel": null,
      "dataPsmHumanDescription": null,
      "dataPsmOwner": "https://ofn.gov.cz/class/1742339877323-9dcc-6a36-988a",
      "dataPsmPart": "https://ofn.gov.cz/class/1742339898829-779c-fd91-b8df",
      "dataPsmIsReverse": false,
      "dataPsmIsDematerialize": null
    },
    {
      "types": [
        "core-operation",
        "https://ofn.gov.cz/slovník/psm/CreateClass"
      ],
      "iri": "https://ofn.gov.cz/operation/1742339898907-9203-b29e-a12a",
      "parent": "https://ofn.gov.cz/operation/1742339898866-b055-5f0e-803b",
      "dataPsmNewIri": null,
      "dataPsmInterpretation": "vq95pqbn7tam7yrkxsy",
      "dataPsmTechnicalLabel": "location",
      "dataPsmHumanLabel": null,
      "dataPsmHumanDescription": null,
      "dataPsmExtends": [],
      "dataPsmIsClosed": null
    },
    {
      "types": [
        "core-operation",
        "https://ofn.gov.cz/slovník/psm/CreateAssociationEnd"
      ],
      "iri": "https://ofn.gov.cz/operation/1742339898946-79ea-75d9-8585",
      "parent": "https://ofn.gov.cz/operation/1742339898907-9203-b29e-a12a",
      "dataPsmNewIri": null,
      "dataPsmInterpretation": "6ca3lx4wd4om7ys8vo5",
      "dataPsmTechnicalLabel": "has_location",
      "dataPsmHumanLabel": null,
      "dataPsmHumanDescription": null,
      "dataPsmOwner": "https://ofn.gov.cz/class/1742339877323-9dcc-6a36-988a",
      "dataPsmPart": "https://ofn.gov.cz/class/1742339898907-c46f-6945-a2aa",
      "dataPsmIsReverse": false,
      "dataPsmIsDematerialize": null
    },
    {
      "types": [
        "core-operation",
        "https://ofn.gov.cz/slovník/psm/CreateClass"
      ],
      "iri": "https://ofn.gov.cz/operation/1742339898989-28fe-6677-bf6e",
      "parent": "https://ofn.gov.cz/operation/1742339898946-79ea-75d9-8585",
      "dataPsmNewIri": null,
      "dataPsmInterpretation": "n3jv2kwxazm7xgoay1",
      "dataPsmTechnicalLabel": "provenance_statement",
      "dataPsmHumanLabel": null,
      "dataPsmHumanDescription": null,
      "dataPsmExtends": [],
      "dataPsmIsClosed": null
    },
    {
      "types": [
        "core-operation",
        "https://ofn.gov.cz/slovník/psm/CreateAssociationEnd"
      ],
      "iri": "https://ofn.gov.cz/operation/1742339899028-51ed-772b-b6bd",
      "parent": "https://ofn.gov.cz/operation/1742339898989-28fe-6677-bf6e",
      "dataPsmNewIri": null,
      "dataPsmInterpretation": "qd14qopfooam7xgp5kv",
      "dataPsmTechnicalLabel": "provenance",
      "dataPsmHumanLabel": null,
      "dataPsmHumanDescription": null,
      "dataPsmOwner": "https://ofn.gov.cz/class/1742339877323-9dcc-6a36-988a",
      "dataPsmPart": "https://ofn.gov.cz/class/1742339898988-af19-d717-a7ff",
      "dataPsmIsReverse": false,
      "dataPsmIsDematerialize": null
    },
    {
      "types": [
        "core-operation",
        "https://ofn.gov.cz/slovník/psm/CreateClass"
      ],
      "iri": "https://ofn.gov.cz/operation/1742339899072-46cf-1c39-bbfb",
      "parent": "https://ofn.gov.cz/operation/1742339899028-51ed-772b-b6bd",
      "dataPsmNewIri": null,
      "dataPsmInterpretation": "5efwrun05sam7w6d54p",
      "dataPsmTechnicalLabel": "resource_to_agent_relationship",
      "dataPsmHumanLabel": null,
      "dataPsmHumanDescription": null,
      "dataPsmExtends": [],
      "dataPsmIsClosed": null
    },
    {
      "types": [
        "core-operation",
        "https://ofn.gov.cz/slovník/psm/CreateAssociationEnd"
      ],
      "iri": "https://ofn.gov.cz/operation/1742339899115-a852-9b35-9397",
      "parent": "https://ofn.gov.cz/operation/1742339899072-46cf-1c39-bbfb",
      "dataPsmNewIri": null,
      "dataPsmInterpretation": "usml139p1wm7w6m051",
      "dataPsmTechnicalLabel": "qualified_relation",
      "dataPsmHumanLabel": null,
      "dataPsmHumanDescription": null,
      "dataPsmOwner": "https://ofn.gov.cz/class/1742339877323-9dcc-6a36-988a",
      "dataPsmPart": "https://ofn.gov.cz/class/1742339899071-ea87-2168-ac89",
      "dataPsmIsReverse": false,
      "dataPsmIsDematerialize": null
    },
    {
      "types": [
        "core-operation",
        "https://ofn.gov.cz/slovník/psm/CreateClass"
      ],
      "iri": "https://ofn.gov.cz/operation/1742339899164-a8e5-ec28-801a",
      "parent": "https://ofn.gov.cz/operation/1742339899115-a852-9b35-9397",
      "dataPsmNewIri": null,
      "dataPsmInterpretation": "x67cs7mr11m7w4riy7",
      "dataPsmTechnicalLabel": "time_reference",
      "dataPsmHumanLabel": null,
      "dataPsmHumanDescription": null,
      "dataPsmExtends": [],
      "dataPsmIsClosed": null
    },
    {
      "types": [
        "core-operation",
        "https://ofn.gov.cz/slovník/psm/CreateAssociationEnd"
      ],
      "iri": "https://ofn.gov.cz/operation/1742339899210-8196-3988-9947",
      "parent": "https://ofn.gov.cz/operation/1742339899164-a8e5-ec28-801a",
      "dataPsmNewIri": null,
      "dataPsmInterpretation": "iscv6g8ekam7w4xok4",
      "dataPsmTechnicalLabel": "has_time_reference",
      "dataPsmHumanLabel": null,
      "dataPsmHumanDescription": null,
      "dataPsmOwner": "https://ofn.gov.cz/class/1742339877323-9dcc-6a36-988a",
      "dataPsmPart": "https://ofn.gov.cz/class/1742339899164-fcea-82d3-adf6",
      "dataPsmIsReverse": false,
      "dataPsmIsDematerialize": null
    },
    {
      "types": [
        "core-operation",
        "https://ofn.gov.cz/slovník/psm/CreateClass"
      ],
      "iri": "https://ofn.gov.cz/operation/1742339899276-c149-492f-a14d",
      "parent": "https://ofn.gov.cz/operation/1742339899210-8196-3988-9947",
      "dataPsmNewIri": null,
      "dataPsmInterpretation": "2coeqes9w8fm7w108cs",
      "dataPsmTechnicalLabel": "subject",
      "dataPsmHumanLabel": null,
      "dataPsmHumanDescription": null,
      "dataPsmExtends": [],
      "dataPsmIsClosed": null
    },
    {
      "types": [
        "core-operation",
        "https://ofn.gov.cz/slovník/psm/CreateAssociationEnd"
      ],
      "iri": "https://ofn.gov.cz/operation/1742339899336-0899-f588-9c3a",
      "parent": "https://ofn.gov.cz/operation/1742339899276-c149-492f-a14d",
      "dataPsmNewIri": null,
      "dataPsmInterpretation": "kytzkq9kn5lm7w10y9x",
      "dataPsmTechnicalLabel": "has_subject",
      "dataPsmHumanLabel": null,
      "dataPsmHumanDescription": null,
      "dataPsmOwner": "https://ofn.gov.cz/class/1742339877323-9dcc-6a36-988a",
      "dataPsmPart": "https://ofn.gov.cz/class/1742339899276-1939-23e8-9516",
      "dataPsmIsReverse": false,
      "dataPsmIsDematerialize": null
    },
    {
      "types": [
        "core-operation",
        "https://ofn.gov.cz/slovník/psm/CreateClass"
      ],
      "iri": "https://ofn.gov.cz/operation/1742339899406-bd4e-8a8e-845c",
      "parent": "https://ofn.gov.cz/operation/1742339899336-0899-f588-9c3a",
      "dataPsmNewIri": null,
      "dataPsmInterpretation": "ytab28dh3irm7vzz4fs",
      "dataPsmTechnicalLabel": "validation_result",
      "dataPsmHumanLabel": null,
      "dataPsmHumanDescription": null,
      "dataPsmExtends": [],
      "dataPsmIsClosed": null
    },
    {
      "types": [
        "core-operation",
        "https://ofn.gov.cz/slovník/psm/CreateAssociationEnd"
      ],
      "iri": "https://ofn.gov.cz/operation/1742339899469-b32f-2af5-aaae",
      "parent": "https://ofn.gov.cz/operation/1742339899406-bd4e-8a8e-845c",
      "dataPsmNewIri": null,
      "dataPsmInterpretation": "w3cks4rn13lm7w0xhmg",
      "dataPsmTechnicalLabel": "has_validation_result",
      "dataPsmHumanLabel": null,
      "dataPsmHumanDescription": null,
      "dataPsmOwner": "https://ofn.gov.cz/class/1742339877323-9dcc-6a36-988a",
      "dataPsmPart": "https://ofn.gov.cz/class/1742339899406-5dbe-f56a-9698",
      "dataPsmIsReverse": false,
      "dataPsmIsDematerialize": null
    },
    {
      "types": [
        "core-operation",
        "https://ofn.gov.cz/slovník/psm/CreateClass"
      ],
      "iri": "https://ofn.gov.cz/operation/1742339899529-db27-3594-ab0d",
      "parent": "https://ofn.gov.cz/operation/1742339899469-b32f-2af5-aaae",
      "dataPsmNewIri": null,
      "dataPsmInterpretation": "457s6m8lfwsm7vztk7v",
      "dataPsmTechnicalLabel": "distribution",
      "dataPsmHumanLabel": null,
      "dataPsmHumanDescription": null,
      "dataPsmExtends": [],
      "dataPsmIsClosed": null
    },
    {
      "types": [
        "core-operation",
        "https://ofn.gov.cz/slovník/psm/CreateAssociationEnd"
      ],
      "iri": "https://ofn.gov.cz/operation/1742339899579-ecc1-7621-9181",
      "parent": "https://ofn.gov.cz/operation/1742339899529-db27-3594-ab0d",
      "dataPsmNewIri": null,
      "dataPsmInterpretation": "vacxp2hps2fm7vzv8xx",
      "dataPsmTechnicalLabel": "has_distribution",
      "dataPsmHumanLabel": null,
      "dataPsmHumanDescription": null,
      "dataPsmOwner": "https://ofn.gov.cz/class/1742339877323-9dcc-6a36-988a",
      "dataPsmPart": "https://ofn.gov.cz/class/1742339899529-a0ac-9a72-9fd6",
      "dataPsmIsReverse": false,
      "dataPsmIsDematerialize": null
    },
    {
      "types": [
        "core-operation",
        "https://ofn.gov.cz/slovník/psm/CreateClass"
      ],
      "iri": "https://ofn.gov.cz/operation/1742339899634-9241-f9b6-a951",
      "parent": "https://ofn.gov.cz/operation/1742339899579-ecc1-7621-9181",
      "dataPsmNewIri": null,
      "dataPsmInterpretation": "20408q8bdi8m7vzq7wn",
      "dataPsmTechnicalLabel": "funding_reference",
      "dataPsmHumanLabel": null,
      "dataPsmHumanDescription": null,
      "dataPsmExtends": [],
      "dataPsmIsClosed": null
    },
    {
      "types": [
        "core-operation",
        "https://ofn.gov.cz/slovník/psm/CreateAssociationEnd"
      ],
      "iri": "https://ofn.gov.cz/operation/1742339899689-34b1-1c55-be3f",
      "parent": "https://ofn.gov.cz/operation/1742339899634-9241-f9b6-a951",
      "dataPsmNewIri": null,
      "dataPsmInterpretation": "vcy7awjrlzkm7vzqrpr",
      "dataPsmTechnicalLabel": "has_funding_reference",
      "dataPsmHumanLabel": null,
      "dataPsmHumanDescription": null,
      "dataPsmOwner": "https://ofn.gov.cz/class/1742339877323-9dcc-6a36-988a",
      "dataPsmPart": "https://ofn.gov.cz/class/1742339899634-808a-0267-9fa7",
      "dataPsmIsReverse": false,
      "dataPsmIsDematerialize": null
    },
    {
      "types": [
        "core-operation",
        "https://ofn.gov.cz/slovník/psm/CreateClass"
      ],
      "iri": "https://ofn.gov.cz/operation/1742339899743-838f-13ca-aa52",
      "parent": "https://ofn.gov.cz/operation/1742339899689-34b1-1c55-be3f",
      "dataPsmNewIri": null,
      "dataPsmInterpretation": "qoxvp22u9edm7vwe1wv",
      "dataPsmTechnicalLabel": "terms_of_use",
      "dataPsmHumanLabel": null,
      "dataPsmHumanDescription": null,
      "dataPsmExtends": [],
      "dataPsmIsClosed": null
    },
    {
      "types": [
        "core-operation",
        "https://ofn.gov.cz/slovník/psm/CreateAssociationEnd"
      ],
      "iri": "https://ofn.gov.cz/operation/1742339899792-4048-5bcb-a7e2",
      "parent": "https://ofn.gov.cz/operation/1742339899743-838f-13ca-aa52",
      "dataPsmNewIri": null,
      "dataPsmInterpretation": "ml68akjmkogm7vxw0w8",
      "dataPsmTechnicalLabel": "has_terms_of_use",
      "dataPsmHumanLabel": null,
      "dataPsmHumanDescription": null,
      "dataPsmOwner": "https://ofn.gov.cz/class/1742339877323-9dcc-6a36-988a",
      "dataPsmPart": "https://ofn.gov.cz/class/1742339899743-b532-ef8b-8d1a",
      "dataPsmIsReverse": false,
      "dataPsmIsDematerialize": null
    },
    {
      "types": [
        "core-operation",
        "https://ofn.gov.cz/slovník/psm/CreateClass"
      ],
      "iri": "https://ofn.gov.cz/operation/1742339899849-2f10-2e70-a3f1",
      "parent": "https://ofn.gov.cz/operation/1742339899792-4048-5bcb-a7e2",
      "dataPsmNewIri": null,
      "dataPsmInterpretation": "pxybpkdil5lm7w19him",
      "dataPsmTechnicalLabel": "resource",
      "dataPsmHumanLabel": null,
      "dataPsmHumanDescription": null,
      "dataPsmExtends": [],
      "dataPsmIsClosed": null
    },
    {
      "types": [
        "core-operation",
        "https://ofn.gov.cz/slovník/psm/CreateAssociationEnd"
      ],
      "iri": "https://ofn.gov.cz/operation/1742339899923-8de5-fea0-9f2f",
      "parent": "https://ofn.gov.cz/operation/1742339899849-2f10-2e70-a3f1",
      "dataPsmNewIri": null,
      "dataPsmInterpretation": "z9norio9nym7vszu86",
      "dataPsmTechnicalLabel": "has_related_resource",
      "dataPsmHumanLabel": null,
      "dataPsmHumanDescription": null,
      "dataPsmOwner": "https://ofn.gov.cz/class/1742339877323-9dcc-6a36-988a",
      "dataPsmPart": "https://ofn.gov.cz/class/1742339899849-29e3-d1c6-b1f7",
      "dataPsmIsReverse": false,
      "dataPsmIsDematerialize": null
    },
    {
      "types": [
        "core-operation",
        "https://ofn.gov.cz/slovník/psm/DeleteAttribute"
      ],
      "iri": "https://ofn.gov.cz/operation/1742339918896-cb42-768a-91fe",
      "parent": "https://ofn.gov.cz/operation/1742339899923-8de5-fea0-9f2f",
      "dataPsmOwner": "https://ofn.gov.cz/class/1742339877323-9dcc-6a36-988a",
      "dataPsmAttribute": "https://ofn.gov.cz/attribute/1742339898579-5519-7ac5-a33f"
    },
    {
      "types": [
        "core-operation",
        "https://ofn.gov.cz/slovník/psm/CreateClassReference"
      ],
      "iri": "https://ofn.gov.cz/operation/1742339941776-f99c-1d8a-97ac",
      "parent": "https://ofn.gov.cz/operation/1742339918896-cb42-768a-91fe",
      "dataPsmNewIri": null,
      "dataPsmSpecification": "94b1a42f-26f0-4ab5-8bab-67cb3efde1a4",
      "dataPsmClass": "https://ofn.gov.cz/class/1742339770114-2bc2-3bdc-a309"
    },
    {
      "types": [
        "core-operation",
        "https://ofn.gov.cz/slovník/psm/SetPart"
      ],
      "iri": "https://ofn.gov.cz/operation/1742339941845-5190-1461-b50a",
      "parent": "https://ofn.gov.cz/operation/1742339941776-f99c-1d8a-97ac",
      "dataPsmAssociationEnd": "https://ofn.gov.cz/association/1742339898789-6da9-7d86-b679",
      "dataPsmPart": "https://ofn.gov.cz/class-reference/1742339941776-cc2f-d523-90cd"
    },
    {
      "types": [
        "core-operation",
        "https://ofn.gov.cz/slovník/psm/DeleteClass"
      ],
      "iri": "https://ofn.gov.cz/operation/1742339941860-48f5-0df4-b8b6",
      "parent": "https://ofn.gov.cz/operation/1742339941845-5190-1461-b50a",
      "dataPsmClass": "https://ofn.gov.cz/class/1742339898755-c137-7abb-b491"
    },
    {
      "types": [
        "core-operation",
        "https://ofn.gov.cz/slovník/psm/CreateClassReference"
      ],
      "iri": "https://ofn.gov.cz/operation/1742339959520-eb70-645a-ae16",
      "parent": "https://ofn.gov.cz/operation/1742339941860-48f5-0df4-b8b6",
      "dataPsmNewIri": null,
      "dataPsmSpecification": "2ce9fee1-c7e5-4eed-9007-ed1ad3b42fa6",
      "dataPsmClass": "https://ofn.gov.cz/class/1742235167407-c0c8-51f4-be0a"
    },
    {
      "types": [
        "core-operation",
        "https://ofn.gov.cz/slovník/psm/SetPart"
      ],
      "iri": "https://ofn.gov.cz/operation/1742339959603-18d2-3de6-b839",
      "parent": "https://ofn.gov.cz/operation/1742339959520-eb70-645a-ae16",
      "dataPsmAssociationEnd": "https://ofn.gov.cz/association/1742339898946-573f-1501-9041",
      "dataPsmPart": "https://ofn.gov.cz/class-reference/1742339959520-a768-d26f-b804"
    },
    {
      "types": [
        "core-operation",
        "https://ofn.gov.cz/slovník/psm/DeleteClass"
      ],
      "iri": "https://ofn.gov.cz/operation/1742339959610-708b-4639-b3e4",
      "parent": "https://ofn.gov.cz/operation/1742339959603-18d2-3de6-b839",
      "dataPsmClass": "https://ofn.gov.cz/class/1742339898907-c46f-6945-a2aa"
    },
    {
      "types": [
        "core-operation",
        "https://ofn.gov.cz/slovník/psm/CreateClassReference"
      ],
      "iri": "https://ofn.gov.cz/operation/1742339966847-f661-412e-ae71",
      "parent": "https://ofn.gov.cz/operation/1742339959610-708b-4639-b3e4",
      "dataPsmNewIri": null,
      "dataPsmSpecification": "16cf6a9e-b46d-4ece-9c91-91f53a19cec9",
      "dataPsmClass": "https://ofn.gov.cz/class/1742288763165-c843-1e73-9f91"
    },
    {
      "types": [
        "core-operation",
        "https://ofn.gov.cz/slovník/psm/SetPart"
      ],
      "iri": "https://ofn.gov.cz/operation/1742339966914-bae2-6795-b4ce",
      "parent": "https://ofn.gov.cz/operation/1742339966847-f661-412e-ae71",
      "dataPsmAssociationEnd": "https://ofn.gov.cz/association/1742339899028-e933-241d-82fb",
      "dataPsmPart": "https://ofn.gov.cz/class-reference/1742339966847-273e-f4a8-bff4"
    },
    {
      "types": [
        "core-operation",
        "https://ofn.gov.cz/slovník/psm/DeleteClass"
      ],
      "iri": "https://ofn.gov.cz/operation/1742339966921-910f-a67c-8fb1",
      "parent": "https://ofn.gov.cz/operation/1742339966914-bae2-6795-b4ce",
      "dataPsmClass": "https://ofn.gov.cz/class/1742339898988-af19-d717-a7ff"
    },
    {
      "types": [
        "core-operation",
        "https://ofn.gov.cz/slovník/psm/CreateClassReference"
      ],
      "iri": "https://ofn.gov.cz/operation/1742339979986-c97e-ac49-be93",
      "parent": "https://ofn.gov.cz/operation/1742339966921-910f-a67c-8fb1",
      "dataPsmNewIri": null,
      "dataPsmSpecification": "16cf6a9e-b46d-4ece-9c91-91f53a19cec9",
      "dataPsmClass": "https://ofn.gov.cz/class/1742288763165-c843-1e73-9f91"
    },
    {
      "types": [
        "core-operation",
        "https://ofn.gov.cz/slovník/psm/SetPart"
      ],
      "iri": "https://ofn.gov.cz/operation/1742339980054-3757-034f-ba22",
      "parent": "https://ofn.gov.cz/operation/1742339979986-c97e-ac49-be93",
      "dataPsmAssociationEnd": "https://ofn.gov.cz/association/1742339899028-e933-241d-82fb",
      "dataPsmPart": "https://ofn.gov.cz/class-reference/1742339979986-1bc7-c05d-8c99"
    },
    {
      "types": [
        "core-operation",
        "https://ofn.gov.cz/slovník/psm/CreateClassReference"
      ],
      "iri": "https://ofn.gov.cz/operation/1742339984994-daea-999b-9d05",
      "parent": "https://ofn.gov.cz/operation/1742339980054-3757-034f-ba22",
      "dataPsmNewIri": null,
      "dataPsmSpecification": "edaeb96d-b03f-46fe-ba4e-b7065361fd5d",
      "dataPsmClass": "https://ofn.gov.cz/class/1742235557653-64a2-513a-97fe"
    },
    {
      "types": [
        "core-operation",
        "https://ofn.gov.cz/slovník/psm/SetPart"
      ],
      "iri": "https://ofn.gov.cz/operation/1742339985056-3308-9384-93c8",
      "parent": "https://ofn.gov.cz/operation/1742339984994-daea-999b-9d05",
      "dataPsmAssociationEnd": "https://ofn.gov.cz/association/1742339899114-9b1e-95ae-b1a7",
      "dataPsmPart": "https://ofn.gov.cz/class-reference/1742339984994-216e-2c7f-b815"
    },
    {
      "types": [
        "core-operation",
        "https://ofn.gov.cz/slovník/psm/DeleteClass"
      ],
      "iri": "https://ofn.gov.cz/operation/1742339985070-b085-6723-b1a0",
      "parent": "https://ofn.gov.cz/operation/1742339985056-3308-9384-93c8",
      "dataPsmClass": "https://ofn.gov.cz/class/1742339899071-ea87-2168-ac89"
    },
    {
      "types": [
        "core-operation",
        "https://ofn.gov.cz/slovník/psm/CreateClassReference"
      ],
      "iri": "https://ofn.gov.cz/operation/1742339989200-90e2-80b3-a1ac",
      "parent": "https://ofn.gov.cz/operation/1742339985070-b085-6723-b1a0",
      "dataPsmNewIri": null,
      "dataPsmSpecification": "c82768f3-8865-4e8a-8278-4b895c4f6ff4",
      "dataPsmClass": "https://ofn.gov.cz/class/1742235299937-b17d-6f34-926d"
    },
    {
      "types": [
        "core-operation",
        "https://ofn.gov.cz/slovník/psm/SetPart"
      ],
      "iri": "https://ofn.gov.cz/operation/1742339989276-4439-3a40-a70f",
      "parent": "https://ofn.gov.cz/operation/1742339989200-90e2-80b3-a1ac",
      "dataPsmAssociationEnd": "https://ofn.gov.cz/association/1742339899210-097a-3df9-bf58",
      "dataPsmPart": "https://ofn.gov.cz/class-reference/1742339989199-e8c9-f9e2-84f7"
    },
    {
      "types": [
        "core-operation",
        "https://ofn.gov.cz/slovník/psm/DeleteClass"
      ],
      "iri": "https://ofn.gov.cz/operation/1742339989283-64eb-bcbf-b98a",
      "parent": "https://ofn.gov.cz/operation/1742339989276-4439-3a40-a70f",
      "dataPsmClass": "https://ofn.gov.cz/class/1742339899164-fcea-82d3-adf6"
    },
    {
      "types": [
        "core-operation",
        "https://ofn.gov.cz/slovník/psm/CreateClassReference"
      ],
      "iri": "https://ofn.gov.cz/operation/1742339996630-bff0-6e91-89c5",
      "parent": "https://ofn.gov.cz/operation/1742339989283-64eb-bcbf-b98a",
      "dataPsmNewIri": null,
      "dataPsmSpecification": "f641e42e-5364-4b11-a52e-eb18ae45d171",
      "dataPsmClass": "https://ofn.gov.cz/class/1742338662847-61c1-8d4b-b552"
    },
    {
      "types": [
        "core-operation",
        "https://ofn.gov.cz/slovník/psm/SetPart"
      ],
      "iri": "https://ofn.gov.cz/operation/1742339996715-7a11-eee5-b8a8",
      "parent": "https://ofn.gov.cz/operation/1742339996630-bff0-6e91-89c5",
      "dataPsmAssociationEnd": "https://ofn.gov.cz/association/1742339899336-4485-3fcd-b4fa",
      "dataPsmPart": "https://ofn.gov.cz/class-reference/1742339996629-f76b-504b-ae9d"
    },
    {
      "types": [
        "core-operation",
        "https://ofn.gov.cz/slovník/psm/DeleteClass"
      ],
      "iri": "https://ofn.gov.cz/operation/1742339996725-1321-44c4-addc",
      "parent": "https://ofn.gov.cz/operation/1742339996715-7a11-eee5-b8a8",
      "dataPsmClass": "https://ofn.gov.cz/class/1742339899276-1939-23e8-9516"
    },
    {
      "types": [
        "core-operation",
        "https://ofn.gov.cz/slovník/psm/CreateClassReference"
      ],
      "iri": "https://ofn.gov.cz/operation/1742340001955-8e35-da66-bf22",
      "parent": "https://ofn.gov.cz/operation/1742339996725-1321-44c4-addc",
      "dataPsmNewIri": null,
      "dataPsmSpecification": "9d334437-883a-4d6b-a31e-64504dd8f60c",
      "dataPsmClass": "https://ofn.gov.cz/class/1742288707998-704b-3f0e-8e1a"
    },
    {
      "types": [
        "core-operation",
        "https://ofn.gov.cz/slovník/psm/SetPart"
      ],
      "iri": "https://ofn.gov.cz/operation/1742340002025-b6a0-88c0-a604",
      "parent": "https://ofn.gov.cz/operation/1742340001955-8e35-da66-bf22",
      "dataPsmAssociationEnd": "https://ofn.gov.cz/association/1742339899469-547d-55bc-bb9e",
      "dataPsmPart": "https://ofn.gov.cz/class-reference/1742340001955-528e-32f2-add5"
    },
    {
      "types": [
        "core-operation",
        "https://ofn.gov.cz/slovník/psm/DeleteClass"
      ],
      "iri": "https://ofn.gov.cz/operation/1742340002036-a46f-02cb-8f38",
      "parent": "https://ofn.gov.cz/operation/1742340002025-b6a0-88c0-a604",
      "dataPsmClass": "https://ofn.gov.cz/class/1742339899406-5dbe-f56a-9698"
    },
    {
      "types": [
        "core-operation",
        "https://ofn.gov.cz/slovník/psm/CreateClassReference"
      ],
      "iri": "https://ofn.gov.cz/operation/1742340014584-8dbe-d76c-80e3",
      "parent": "https://ofn.gov.cz/operation/1742340002036-a46f-02cb-8f38",
      "dataPsmNewIri": null,
      "dataPsmSpecification": "9d334437-883a-4d6b-a31e-64504dd8f60c",
      "dataPsmClass": "https://ofn.gov.cz/class/1742288707998-704b-3f0e-8e1a"
    },
    {
      "types": [
        "core-operation",
        "https://ofn.gov.cz/slovník/psm/SetPart"
      ],
      "iri": "https://ofn.gov.cz/operation/1742340014673-a698-4219-ac22",
      "parent": "https://ofn.gov.cz/operation/1742340014584-8dbe-d76c-80e3",
      "dataPsmAssociationEnd": "https://ofn.gov.cz/association/1742339899469-547d-55bc-bb9e",
      "dataPsmPart": "https://ofn.gov.cz/class-reference/1742340014584-0743-7e6c-9dfd"
    },
    {
      "types": [
        "core-operation",
        "https://ofn.gov.cz/slovník/psm/CreateClassReference"
      ],
      "iri": "https://ofn.gov.cz/operation/1742340019881-1a2c-5f07-aba0",
      "parent": "https://ofn.gov.cz/operation/1742340014673-a698-4219-ac22",
      "dataPsmNewIri": null,
      "dataPsmSpecification": "bbda6287-b4c4-466b-8286-f7200c1a2a92",
      "dataPsmClass": "https://ofn.gov.cz/class/1742234358899-6443-fe0d-803b"
    },
    {
      "types": [
        "core-operation",
        "https://ofn.gov.cz/slovník/psm/SetPart"
      ],
      "iri": "https://ofn.gov.cz/operation/1742340019960-d275-ff55-88c7",
      "parent": "https://ofn.gov.cz/operation/1742340019881-1a2c-5f07-aba0",
      "dataPsmAssociationEnd": "https://ofn.gov.cz/association/1742339899579-cead-764c-bd14",
      "dataPsmPart": "https://ofn.gov.cz/class-reference/1742340019880-d608-681c-8e9c"
    },
    {
      "types": [
        "core-operation",
        "https://ofn.gov.cz/slovník/psm/DeleteClass"
      ],
      "iri": "https://ofn.gov.cz/operation/1742340019969-a0cf-3f5e-9bbf",
      "parent": "https://ofn.gov.cz/operation/1742340019960-d275-ff55-88c7",
      "dataPsmClass": "https://ofn.gov.cz/class/1742339899529-a0ac-9a72-9fd6"
    },
    {
      "types": [
        "core-operation",
        "https://ofn.gov.cz/slovník/psm/CreateClassReference"
      ],
      "iri": "https://ofn.gov.cz/operation/1742340029289-4ff4-9c6c-8c30",
      "parent": "https://ofn.gov.cz/operation/1742340019969-a0cf-3f5e-9bbf",
      "dataPsmNewIri": null,
      "dataPsmSpecification": "ce434b23-3e88-46b8-9137-94968f74e722",
      "dataPsmClass": "https://ofn.gov.cz/class/1742235374506-6369-b2fd-b1bf"
    },
    {
      "types": [
        "core-operation",
        "https://ofn.gov.cz/slovník/psm/SetPart"
      ],
      "iri": "https://ofn.gov.cz/operation/1742340029361-78a7-3d32-aa35",
      "parent": "https://ofn.gov.cz/operation/1742340029289-4ff4-9c6c-8c30",
      "dataPsmAssociationEnd": "https://ofn.gov.cz/association/1742339899689-d06b-afe9-a4b4",
      "dataPsmPart": "https://ofn.gov.cz/class-reference/1742340029289-621a-c950-9a6d"
    },
    {
      "types": [
        "core-operation",
        "https://ofn.gov.cz/slovník/psm/DeleteClass"
      ],
      "iri": "https://ofn.gov.cz/operation/1742340029367-b40b-b31e-9be3",
      "parent": "https://ofn.gov.cz/operation/1742340029361-78a7-3d32-aa35",
      "dataPsmClass": "https://ofn.gov.cz/class/1742339899634-808a-0267-9fa7"
    },
    {
      "types": [
        "core-operation",
        "https://ofn.gov.cz/slovník/psm/CreateClassReference"
      ],
      "iri": "https://ofn.gov.cz/operation/1742340040471-e187-fdef-b845",
      "parent": "https://ofn.gov.cz/operation/1742340029367-b40b-b31e-9be3",
      "dataPsmNewIri": null,
      "dataPsmSpecification": "1b7a3259-4b7d-4b29-8617-80c185f6ca28",
      "dataPsmClass": "https://ofn.gov.cz/class/1742235510107-a209-3731-aa0c"
    },
    {
      "types": [
        "core-operation",
        "https://ofn.gov.cz/slovník/psm/SetPart"
      ],
      "iri": "https://ofn.gov.cz/operation/1742340040550-1388-6047-8a89",
      "parent": "https://ofn.gov.cz/operation/1742340040471-e187-fdef-b845",
      "dataPsmAssociationEnd": "https://ofn.gov.cz/association/1742339899791-e8f9-c04f-8762",
      "dataPsmPart": "https://ofn.gov.cz/class-reference/1742340040471-a087-7559-92f7"
    },
    {
      "types": [
        "core-operation",
        "https://ofn.gov.cz/slovník/psm/DeleteClass"
      ],
      "iri": "https://ofn.gov.cz/operation/1742340040557-e567-f568-bd26",
      "parent": "https://ofn.gov.cz/operation/1742340040550-1388-6047-8a89",
      "dataPsmClass": "https://ofn.gov.cz/class/1742339899743-b532-ef8b-8d1a"
    },
    {
      "types": [
        "core-operation",
        "https://ofn.gov.cz/slovník/psm/CreateClassReference"
      ],
      "iri": "https://ofn.gov.cz/operation/1742340059882-f242-22e8-84ff",
      "parent": "https://ofn.gov.cz/operation/1742340040557-e567-f568-bd26",
      "dataPsmNewIri": null,
      "dataPsmSpecification": "59320987-85a2-42da-91e2-36d8774b3522",
      "dataPsmClass": "https://ofn.gov.cz/class/1742234428662-255b-ab44-995e"
    },
    {
      "types": [
        "core-operation",
        "https://ofn.gov.cz/slovník/psm/SetPart"
      ],
      "iri": "https://ofn.gov.cz/operation/1742340059950-b319-7139-a244",
      "parent": "https://ofn.gov.cz/operation/1742340059882-f242-22e8-84ff",
      "dataPsmAssociationEnd": "https://ofn.gov.cz/association/1742339899923-b8f8-0bc3-ab72",
      "dataPsmPart": "https://ofn.gov.cz/class-reference/1742340059882-56ad-fc19-af55"
    },
    {
      "types": [
        "core-operation",
        "https://ofn.gov.cz/slovník/psm/DeleteClass"
      ],
      "iri": "https://ofn.gov.cz/operation/1742340059956-f102-1c33-8c79",
      "parent": "https://ofn.gov.cz/operation/1742340059950-b319-7139-a244",
      "dataPsmClass": "https://ofn.gov.cz/class/1742339899849-29e3-d1c6-b1f7"
    },
    {
      "types": [
        "core-operation",
        "https://ofn.gov.cz/slovník/psm/SetTechnicalLabel"
      ],
      "iri": "https://ofn.gov.cz/operation/1742340068484-8adc-1208-887d",
      "parent": "https://ofn.gov.cz/operation/1742340059956-f102-1c33-8c79",
      "dataPsmResource": "https://ofn.gov.cz/association/1742339899923-b8f8-0bc3-ab72",
      "dataPsmTechnicalLabel": "related_resource"
    },
    {
      "types": [
        "core-operation",
        "https://ofn.gov.cz/slovník/psm/SetTechnicalLabel"
      ],
      "iri": "https://ofn.gov.cz/operation/1742340076470-1ede-1144-855f",
      "parent": "https://ofn.gov.cz/operation/1742340068484-8adc-1208-887d",
      "dataPsmResource": "https://ofn.gov.cz/association/1742339899791-e8f9-c04f-8762",
      "dataPsmTechnicalLabel": "terms_of_use"
    },
    {
      "types": [
        "core-operation",
        "https://ofn.gov.cz/slovník/psm/SetTechnicalLabel"
      ],
      "iri": "https://ofn.gov.cz/operation/1742340087715-74d9-772e-a548",
      "parent": "https://ofn.gov.cz/operation/1742340076470-1ede-1144-855f",
      "dataPsmResource": "https://ofn.gov.cz/association/1742339899689-d06b-afe9-a4b4",
      "dataPsmTechnicalLabel": "funding_reference"
    },
    {
      "types": [
        "core-operation",
        "https://ofn.gov.cz/slovník/psm/SetTechnicalLabel"
      ],
      "iri": "https://ofn.gov.cz/operation/1742340097351-25ba-f080-a3ae",
      "parent": "https://ofn.gov.cz/operation/1742340087715-74d9-772e-a548",
      "dataPsmResource": "https://ofn.gov.cz/association/1742339899579-cead-764c-bd14",
      "dataPsmTechnicalLabel": "distribution"
    },
    {
      "types": [
        "core-operation",
        "https://ofn.gov.cz/slovník/psm/SetTechnicalLabel"
      ],
      "iri": "https://ofn.gov.cz/operation/1742340105619-d951-ab70-b11e",
      "parent": "https://ofn.gov.cz/operation/1742340097351-25ba-f080-a3ae",
      "dataPsmResource": "https://ofn.gov.cz/association/1742339899469-547d-55bc-bb9e",
      "dataPsmTechnicalLabel": "validation_result"
    },
    {
      "types": [
        "core-operation",
        "https://ofn.gov.cz/slovník/psm/SetTechnicalLabel"
      ],
      "iri": "https://ofn.gov.cz/operation/1742340113348-09ba-14b1-a4f3",
      "parent": "https://ofn.gov.cz/operation/1742340105619-d951-ab70-b11e",
      "dataPsmResource": "https://ofn.gov.cz/association/1742339899336-4485-3fcd-b4fa",
      "dataPsmTechnicalLabel": "subject"
    },
    {
      "types": [
        "core-operation",
        "https://ofn.gov.cz/slovník/psm/SetTechnicalLabel"
      ],
      "iri": "https://ofn.gov.cz/operation/1742340122593-2114-d973-9b8d",
      "parent": "https://ofn.gov.cz/operation/1742340113348-09ba-14b1-a4f3",
      "dataPsmResource": "https://ofn.gov.cz/association/1742339899210-097a-3df9-bf58",
      "dataPsmTechnicalLabel": "time_reference"
    },
    {
      "types": [
        "core-operation",
        "https://ofn.gov.cz/slovník/psm/SetTechnicalLabel"
      ],
      "iri": "https://ofn.gov.cz/operation/1742340132126-0dfe-feca-bf19",
      "parent": "https://ofn.gov.cz/operation/1742340122593-2114-d973-9b8d",
      "dataPsmResource": "https://ofn.gov.cz/association/1742339898946-573f-1501-9041",
      "dataPsmTechnicalLabel": "location"
    },
    {
      "types": [
        "core-operation",
        "https://ofn.gov.cz/slovník/psm/SetTechnicalLabel"
      ],
      "iri": "https://ofn.gov.cz/operation/1742340139925-99bc-8254-a62f",
      "parent": "https://ofn.gov.cz/operation/1742340132126-0dfe-feca-bf19",
      "dataPsmResource": "https://ofn.gov.cz/association/1742339898866-146a-5c91-9050",
      "dataPsmTechnicalLabel": "identifier"
    },
    {
      "types": [
        "core-operation",
        "https://ofn.gov.cz/slovník/psm/SetTechnicalLabel"
      ],
      "iri": "https://ofn.gov.cz/operation/1742340155990-7f90-975a-b9dd",
      "parent": "https://ofn.gov.cz/operation/1742340139925-99bc-8254-a62f",
      "dataPsmResource": "https://ofn.gov.cz/association/1742339898716-9365-21ea-ad18",
      "dataPsmTechnicalLabel": "alternate_title"
    },
    {
      "types": [
        "core-operation",
        "https://ofn.gov.cz/slovník/psm/CreateClassReference"
      ],
      "iri": "https://ofn.gov.cz/operation/1742340200799-46f0-f789-b1b1",
      "parent": "https://ofn.gov.cz/operation/1742340155990-7f90-975a-b9dd",
      "dataPsmNewIri": null,
      "dataPsmSpecification": "f004e77b-b623-43f2-a560-aca1dcf8b661",
      "dataPsmClass": "https://ofn.gov.cz/class/1742340187136-c36a-9f4c-b745"
    },
    {
      "types": [
        "core-operation",
        "https://ofn.gov.cz/slovník/psm/SetPart"
      ],
      "iri": "https://ofn.gov.cz/operation/1742340200885-957b-94bc-802b",
      "parent": "https://ofn.gov.cz/operation/1742340200799-46f0-f789-b1b1",
      "dataPsmAssociationEnd": "https://ofn.gov.cz/association/1742339898716-9365-21ea-ad18",
      "dataPsmPart": "https://ofn.gov.cz/class-reference/1742340200799-6496-ece3-8660"
    },
    {
      "types": [
        "core-operation",
        "https://ofn.gov.cz/slovník/psm/DeleteClass"
      ],
      "iri": "https://ofn.gov.cz/operation/1742340200893-a4d2-01b4-8e1a",
      "parent": "https://ofn.gov.cz/operation/1742340200885-957b-94bc-802b",
      "dataPsmClass": "https://ofn.gov.cz/class/1742339898685-3c65-9ff1-97f3"
    },
    {
      "types": [
        "core-operation",
        "https://ofn.gov.cz/slovník/psm/CreateClassReference"
      ],
      "iri": "https://ofn.gov.cz/operation/1742340208778-be4b-e152-8b4a",
      "parent": "https://ofn.gov.cz/operation/1742340200893-a4d2-01b4-8e1a",
      "dataPsmNewIri": null,
      "dataPsmSpecification": "e4bb0f83-fd28-4b0b-8f74-6160a258796f",
      "dataPsmClass": "https://ofn.gov.cz/class/1742340169817-84a9-ded1-a656"
    },
    {
      "types": [
        "core-operation",
        "https://ofn.gov.cz/slovník/psm/SetPart"
      ],
      "iri": "https://ofn.gov.cz/operation/1742340208857-22ed-dae9-829f",
      "parent": "https://ofn.gov.cz/operation/1742340208778-be4b-e152-8b4a",
      "dataPsmAssociationEnd": "https://ofn.gov.cz/association/1742339898866-146a-5c91-9050",
      "dataPsmPart": "https://ofn.gov.cz/class-reference/1742340208778-3857-a208-b48d"
    },
    {
      "types": [
        "core-operation",
        "https://ofn.gov.cz/slovník/psm/DeleteClass"
      ],
      "iri": "https://ofn.gov.cz/operation/1742340208869-2ca1-edc2-b3f0",
      "parent": "https://ofn.gov.cz/operation/1742340208857-22ed-dae9-829f",
      "dataPsmClass": "https://ofn.gov.cz/class/1742339898829-779c-fd91-b8df"
    }
  ],
  "resources": {
    "718788b3-9510-4776-a6a7-023759fff97d": {
      "types": [
        "https://ofn.gov.cz/slovník/psm/Schema"
      ],
      "iri": "718788b3-9510-4776-a6a7-023759fff97d",
      "dataPsmHumanLabel": {
        "cs": "Datová sada",
        "en": "Dataset"
      },
      "dataPsmHumanDescription": {
        "cs": "Datová struktura pro Datová sada. Kolekce dat poskytovaná či řízená jedním zdrojem, která je k dispozici pro přístup či stažení v jednom či více formátech.",
        "en": "Data structure for Dataset. A collection of data, published or curated by a single source, and available for access or download in one or more representations."
      },
      "dataPsmTechnicalLabel": null,
      "dataPsmRoots": [
        "https://ofn.gov.cz/class/1742339877323-9dcc-6a36-988a"
      ],
      "dataPsmParts": [
        "https://ofn.gov.cz/class/1742339877323-9dcc-6a36-988a",
        "https://ofn.gov.cz/attribute/1742339898396-a16f-a220-95b5",
        "https://ofn.gov.cz/attribute/1742339898433-87df-6ce0-a008",
        "https://ofn.gov.cz/attribute/1742339898472-b9ff-ff49-8313",
        "https://ofn.gov.cz/attribute/1742339898502-5b38-27e6-99aa",
        "https://ofn.gov.cz/attribute/1742339898543-7976-283a-83ef",
        "https://ofn.gov.cz/attribute/1742339898620-dd5c-0fab-b0a6",
        "https://ofn.gov.cz/attribute/1742339898650-84f6-d23c-9c9b",
        "https://ofn.gov.cz/association/1742339898716-9365-21ea-ad18",
        "https://ofn.gov.cz/association/1742339898789-6da9-7d86-b679",
        "https://ofn.gov.cz/association/1742339898866-146a-5c91-9050",
        "https://ofn.gov.cz/association/1742339898946-573f-1501-9041",
        "https://ofn.gov.cz/association/1742339899028-e933-241d-82fb",
        "https://ofn.gov.cz/association/1742339899114-9b1e-95ae-b1a7",
        "https://ofn.gov.cz/association/1742339899210-097a-3df9-bf58",
        "https://ofn.gov.cz/association/1742339899336-4485-3fcd-b4fa",
        "https://ofn.gov.cz/association/1742339899469-547d-55bc-bb9e",
        "https://ofn.gov.cz/association/1742339899579-cead-764c-bd14",
        "https://ofn.gov.cz/association/1742339899689-d06b-afe9-a4b4",
        "https://ofn.gov.cz/association/1742339899791-e8f9-c04f-8762",
        "https://ofn.gov.cz/association/1742339899923-b8f8-0bc3-ab72",
        "https://ofn.gov.cz/class-reference/1742339941776-cc2f-d523-90cd",
        "https://ofn.gov.cz/class-reference/1742339959520-a768-d26f-b804",
        "https://ofn.gov.cz/class-reference/1742339966847-273e-f4a8-bff4",
        "https://ofn.gov.cz/class-reference/1742339979986-1bc7-c05d-8c99",
        "https://ofn.gov.cz/class-reference/1742339984994-216e-2c7f-b815",
        "https://ofn.gov.cz/class-reference/1742339989199-e8c9-f9e2-84f7",
        "https://ofn.gov.cz/class-reference/1742339996629-f76b-504b-ae9d",
        "https://ofn.gov.cz/class-reference/1742340001955-528e-32f2-add5",
        "https://ofn.gov.cz/class-reference/1742340014584-0743-7e6c-9dfd",
        "https://ofn.gov.cz/class-reference/1742340019880-d608-681c-8e9c",
        "https://ofn.gov.cz/class-reference/1742340029289-621a-c950-9a6d",
        "https://ofn.gov.cz/class-reference/1742340040471-a087-7559-92f7",
        "https://ofn.gov.cz/class-reference/1742340059882-56ad-fc19-af55",
        "https://ofn.gov.cz/class-reference/1742340200799-6496-ece3-8660",
        "https://ofn.gov.cz/class-reference/1742340208778-3857-a208-b48d"
      ]
    },
    "https://ofn.gov.cz/class/1742339877323-9dcc-6a36-988a": {
      "types": [
        "https://ofn.gov.cz/slovník/psm/Class"
      ],
      "iri": "https://ofn.gov.cz/class/1742339877323-9dcc-6a36-988a",
      "dataPsmHumanLabel": null,
      "dataPsmHumanDescription": null,
      "dataPsmTechnicalLabel": "dataset",
      "dataPsmInterpretation": "om5comjjt99m7udffm4",
      "dataPsmExtends": [],
      "dataPsmParts": [
        "https://ofn.gov.cz/attribute/1742339898396-a16f-a220-95b5",
        "https://ofn.gov.cz/attribute/1742339898433-87df-6ce0-a008",
        "https://ofn.gov.cz/attribute/1742339898472-b9ff-ff49-8313",
        "https://ofn.gov.cz/attribute/1742339898502-5b38-27e6-99aa",
        "https://ofn.gov.cz/attribute/1742339898543-7976-283a-83ef",
        "https://ofn.gov.cz/attribute/1742339898620-dd5c-0fab-b0a6",
        "https://ofn.gov.cz/attribute/1742339898650-84f6-d23c-9c9b",
        "https://ofn.gov.cz/association/1742339898716-9365-21ea-ad18",
        "https://ofn.gov.cz/association/1742339898789-6da9-7d86-b679",
        "https://ofn.gov.cz/association/1742339898866-146a-5c91-9050",
        "https://ofn.gov.cz/association/1742339898946-573f-1501-9041",
        "https://ofn.gov.cz/association/1742339899028-e933-241d-82fb",
        "https://ofn.gov.cz/association/1742339899114-9b1e-95ae-b1a7",
        "https://ofn.gov.cz/association/1742339899210-097a-3df9-bf58",
        "https://ofn.gov.cz/association/1742339899336-4485-3fcd-b4fa",
        "https://ofn.gov.cz/association/1742339899469-547d-55bc-bb9e",
        "https://ofn.gov.cz/association/1742339899579-cead-764c-bd14",
        "https://ofn.gov.cz/association/1742339899689-d06b-afe9-a4b4",
        "https://ofn.gov.cz/association/1742339899791-e8f9-c04f-8762",
        "https://ofn.gov.cz/association/1742339899923-b8f8-0bc3-ab72"
      ],
      "dataPsmIsClosed": null
    },
    "https://ofn.gov.cz/attribute/1742339898396-a16f-a220-95b5": {
      "types": [
        "https://ofn.gov.cz/slovník/psm/Attribute"
      ],
      "iri": "https://ofn.gov.cz/attribute/1742339898396-a16f-a220-95b5",
      "dataPsmHumanLabel": null,
      "dataPsmHumanDescription": null,
      "dataPsmTechnicalLabel": "publication_year",
      "dataPsmInterpretation": "3xvvqzcs9r3m7ugf9av",
      "dataPsmDatatype": "http://www.w3.org/2001/XMLSchema#gYear"
    },
    "https://ofn.gov.cz/attribute/1742339898433-87df-6ce0-a008": {
      "types": [
        "https://ofn.gov.cz/slovník/psm/Attribute"
      ],
      "iri": "https://ofn.gov.cz/attribute/1742339898433-87df-6ce0-a008",
      "dataPsmHumanLabel": null,
      "dataPsmHumanDescription": null,
      "dataPsmTechnicalLabel": "version",
      "dataPsmInterpretation": "qmpbjiqct4m7ufkkqe",
      "dataPsmDatatype": "http://www.w3.org/2001/XMLSchema#string"
    },
    "https://ofn.gov.cz/attribute/1742339898472-b9ff-ff49-8313": {
      "types": [
        "https://ofn.gov.cz/slovník/psm/Attribute"
      ],
      "iri": "https://ofn.gov.cz/attribute/1742339898472-b9ff-ff49-8313",
      "dataPsmHumanLabel": null,
      "dataPsmHumanDescription": null,
      "dataPsmTechnicalLabel": "description",
      "dataPsmInterpretation": "6xspx0649plm7ufjxj4",
      "dataPsmDatatype": "https://ofn.gov.cz/zdroj/základní-datové-typy/2020-07-01/text"
    },
    "https://ofn.gov.cz/attribute/1742339898502-5b38-27e6-99aa": {
      "types": [
        "https://ofn.gov.cz/slovník/psm/Attribute"
      ],
      "iri": "https://ofn.gov.cz/attribute/1742339898502-5b38-27e6-99aa",
      "dataPsmHumanLabel": null,
      "dataPsmHumanDescription": null,
      "dataPsmTechnicalLabel": "other_language",
      "dataPsmInterpretation": "quad45adrm7ufgx9g",
      "dataPsmDatatype": "http://www.w3.org/2001/XMLSchema#string"
    },
    "https://ofn.gov.cz/attribute/1742339898543-7976-283a-83ef": {
      "types": [
        "https://ofn.gov.cz/slovník/psm/Attribute"
      ],
      "iri": "https://ofn.gov.cz/attribute/1742339898543-7976-283a-83ef",
      "dataPsmHumanLabel": null,
      "dataPsmHumanDescription": null,
      "dataPsmTechnicalLabel": "primary_language",
      "dataPsmInterpretation": "qytsolxsbmom7uff1l2",
      "dataPsmDatatype": "http://www.w3.org/2001/XMLSchema#string"
    },
    "https://ofn.gov.cz/attribute/1742339898620-dd5c-0fab-b0a6": {
      "types": [
        "https://ofn.gov.cz/slovník/psm/Attribute"
      ],
      "iri": "https://ofn.gov.cz/attribute/1742339898620-dd5c-0fab-b0a6",
      "dataPsmHumanLabel": null,
      "dataPsmHumanDescription": null,
      "dataPsmTechnicalLabel": "resource_type",
      "dataPsmInterpretation": "17flw63qo4mm7uf5jtu",
      "dataPsmDatatype": "http://www.w3.org/2001/XMLSchema#string"
    },
    "https://ofn.gov.cz/attribute/1742339898650-84f6-d23c-9c9b": {
      "types": [
        "https://ofn.gov.cz/slovník/psm/Attribute"
      ],
      "iri": "https://ofn.gov.cz/attribute/1742339898650-84f6-d23c-9c9b",
      "dataPsmHumanLabel": null,
      "dataPsmHumanDescription": null,
      "dataPsmTechnicalLabel": "title",
      "dataPsmInterpretation": "pr7l6lia19im7ue44i4",
      "dataPsmDatatype": "http://www.w3.org/1999/02/22-rdf-syntax-ns#langString"
    },
    "https://ofn.gov.cz/association/1742339898716-9365-21ea-ad18": {
      "types": [
        "https://ofn.gov.cz/slovník/psm/AssociationEnd"
      ],
      "iri": "https://ofn.gov.cz/association/1742339898716-9365-21ea-ad18",
      "dataPsmHumanLabel": null,
      "dataPsmHumanDescription": null,
      "dataPsmTechnicalLabel": "alternate_title",
      "dataPsmInterpretation": "qgpl56dsw4m8f0qocx",
      "dataPsmPart": "https://ofn.gov.cz/class-reference/1742340200799-6496-ece3-8660",
      "dataPsmIsReverse": false,
      "dataPsmIsDematerialize": null
    },
    "https://ofn.gov.cz/association/1742339898789-6da9-7d86-b679": {
      "types": [
        "https://ofn.gov.cz/slovník/psm/AssociationEnd"
      ],
      "iri": "https://ofn.gov.cz/association/1742339898789-6da9-7d86-b679",
      "dataPsmHumanLabel": null,
      "dataPsmHumanDescription": null,
      "dataPsmTechnicalLabel": "is_described_by",
      "dataPsmInterpretation": "4zsil494wx6m8f0ez2q",
      "dataPsmPart": "https://ofn.gov.cz/class-reference/1742339941776-cc2f-d523-90cd",
      "dataPsmIsReverse": false,
      "dataPsmIsDematerialize": null
    },
    "https://ofn.gov.cz/association/1742339898866-146a-5c91-9050": {
      "types": [
        "https://ofn.gov.cz/slovník/psm/AssociationEnd"
      ],
      "iri": "https://ofn.gov.cz/association/1742339898866-146a-5c91-9050",
      "dataPsmHumanLabel": null,
      "dataPsmHumanDescription": null,
      "dataPsmTechnicalLabel": "identifier",
      "dataPsmInterpretation": "mk35x1rpnkm8f07pus",
      "dataPsmPart": "https://ofn.gov.cz/class-reference/1742340208778-3857-a208-b48d",
      "dataPsmIsReverse": false,
      "dataPsmIsDematerialize": null
    },
    "https://ofn.gov.cz/association/1742339898946-573f-1501-9041": {
      "types": [
        "https://ofn.gov.cz/slovník/psm/AssociationEnd"
      ],
      "iri": "https://ofn.gov.cz/association/1742339898946-573f-1501-9041",
      "dataPsmHumanLabel": null,
      "dataPsmHumanDescription": null,
      "dataPsmTechnicalLabel": "location",
      "dataPsmInterpretation": "6ca3lx4wd4om7ys8vo5",
      "dataPsmPart": "https://ofn.gov.cz/class-reference/1742339959520-a768-d26f-b804",
      "dataPsmIsReverse": false,
      "dataPsmIsDematerialize": null
    },
    "https://ofn.gov.cz/association/1742339899028-e933-241d-82fb": {
      "types": [
        "https://ofn.gov.cz/slovník/psm/AssociationEnd"
      ],
      "iri": "https://ofn.gov.cz/association/1742339899028-e933-241d-82fb",
      "dataPsmHumanLabel": null,
      "dataPsmHumanDescription": null,
      "dataPsmTechnicalLabel": "provenance",
      "dataPsmInterpretation": "qd14qopfooam7xgp5kv",
      "dataPsmPart": "https://ofn.gov.cz/class-reference/1742339979986-1bc7-c05d-8c99",
      "dataPsmIsReverse": false,
      "dataPsmIsDematerialize": null
    },
    "https://ofn.gov.cz/association/1742339899114-9b1e-95ae-b1a7": {
      "types": [
        "https://ofn.gov.cz/slovník/psm/AssociationEnd"
      ],
      "iri": "https://ofn.gov.cz/association/1742339899114-9b1e-95ae-b1a7",
      "dataPsmHumanLabel": null,
      "dataPsmHumanDescription": null,
      "dataPsmTechnicalLabel": "qualified_relation",
      "dataPsmInterpretation": "usml139p1wm7w6m051",
      "dataPsmPart": "https://ofn.gov.cz/class-reference/1742339984994-216e-2c7f-b815",
      "dataPsmIsReverse": false,
      "dataPsmIsDematerialize": null
    },
    "https://ofn.gov.cz/association/1742339899210-097a-3df9-bf58": {
      "types": [
        "https://ofn.gov.cz/slovník/psm/AssociationEnd"
      ],
      "iri": "https://ofn.gov.cz/association/1742339899210-097a-3df9-bf58",
      "dataPsmHumanLabel": null,
      "dataPsmHumanDescription": null,
      "dataPsmTechnicalLabel": "time_reference",
      "dataPsmInterpretation": "iscv6g8ekam7w4xok4",
      "dataPsmPart": "https://ofn.gov.cz/class-reference/1742339989199-e8c9-f9e2-84f7",
      "dataPsmIsReverse": false,
      "dataPsmIsDematerialize": null
    },
    "https://ofn.gov.cz/association/1742339899336-4485-3fcd-b4fa": {
      "types": [
        "https://ofn.gov.cz/slovník/psm/AssociationEnd"
      ],
      "iri": "https://ofn.gov.cz/association/1742339899336-4485-3fcd-b4fa",
      "dataPsmHumanLabel": null,
      "dataPsmHumanDescription": null,
      "dataPsmTechnicalLabel": "subject",
      "dataPsmInterpretation": "kytzkq9kn5lm7w10y9x",
      "dataPsmPart": "https://ofn.gov.cz/class-reference/1742339996629-f76b-504b-ae9d",
      "dataPsmIsReverse": false,
      "dataPsmIsDematerialize": null
    },
    "https://ofn.gov.cz/association/1742339899469-547d-55bc-bb9e": {
      "types": [
        "https://ofn.gov.cz/slovník/psm/AssociationEnd"
      ],
      "iri": "https://ofn.gov.cz/association/1742339899469-547d-55bc-bb9e",
      "dataPsmHumanLabel": null,
      "dataPsmHumanDescription": null,
      "dataPsmTechnicalLabel": "validation_result",
      "dataPsmInterpretation": "w3cks4rn13lm7w0xhmg",
      "dataPsmPart": "https://ofn.gov.cz/class-reference/1742340014584-0743-7e6c-9dfd",
      "dataPsmIsReverse": false,
      "dataPsmIsDematerialize": null
    },
    "https://ofn.gov.cz/association/1742339899579-cead-764c-bd14": {
      "types": [
        "https://ofn.gov.cz/slovník/psm/AssociationEnd"
      ],
      "iri": "https://ofn.gov.cz/association/1742339899579-cead-764c-bd14",
      "dataPsmHumanLabel": null,
      "dataPsmHumanDescription": null,
      "dataPsmTechnicalLabel": "distribution",
      "dataPsmInterpretation": "vacxp2hps2fm7vzv8xx",
      "dataPsmPart": "https://ofn.gov.cz/class-reference/1742340019880-d608-681c-8e9c",
      "dataPsmIsReverse": false,
      "dataPsmIsDematerialize": null
    },
    "https://ofn.gov.cz/association/1742339899689-d06b-afe9-a4b4": {
      "types": [
        "https://ofn.gov.cz/slovník/psm/AssociationEnd"
      ],
      "iri": "https://ofn.gov.cz/association/1742339899689-d06b-afe9-a4b4",
      "dataPsmHumanLabel": null,
      "dataPsmHumanDescription": null,
      "dataPsmTechnicalLabel": "funding_reference",
      "dataPsmInterpretation": "vcy7awjrlzkm7vzqrpr",
      "dataPsmPart": "https://ofn.gov.cz/class-reference/1742340029289-621a-c950-9a6d",
      "dataPsmIsReverse": false,
      "dataPsmIsDematerialize": null
    },
    "https://ofn.gov.cz/association/1742339899791-e8f9-c04f-8762": {
      "types": [
        "https://ofn.gov.cz/slovník/psm/AssociationEnd"
      ],
      "iri": "https://ofn.gov.cz/association/1742339899791-e8f9-c04f-8762",
      "dataPsmHumanLabel": null,
      "dataPsmHumanDescription": null,
      "dataPsmTechnicalLabel": "terms_of_use",
      "dataPsmInterpretation": "ml68akjmkogm7vxw0w8",
      "dataPsmPart": "https://ofn.gov.cz/class-reference/1742340040471-a087-7559-92f7",
      "dataPsmIsReverse": false,
      "dataPsmIsDematerialize": null
    },
    "https://ofn.gov.cz/association/1742339899923-b8f8-0bc3-ab72": {
      "types": [
        "https://ofn.gov.cz/slovník/psm/AssociationEnd"
      ],
      "iri": "https://ofn.gov.cz/association/1742339899923-b8f8-0bc3-ab72",
      "dataPsmHumanLabel": null,
      "dataPsmHumanDescription": null,
      "dataPsmTechnicalLabel": "related_resource",
      "dataPsmInterpretation": "z9norio9nym7vszu86",
      "dataPsmPart": "https://ofn.gov.cz/class-reference/1742340059882-56ad-fc19-af55",
      "dataPsmIsReverse": false,
      "dataPsmIsDematerialize": null
    },
    "https://ofn.gov.cz/class-reference/1742339941776-cc2f-d523-90cd": {
      "types": [
        "https://ofn.gov.cz/slovník/psm/ClassReference"
      ],
      "iri": "https://ofn.gov.cz/class-reference/1742339941776-cc2f-d523-90cd",
      "dataPsmSpecification": "94b1a42f-26f0-4ab5-8bab-67cb3efde1a4",
      "dataPsmClass": "https://ofn.gov.cz/class/1742339770114-2bc2-3bdc-a309"
    },
    "https://ofn.gov.cz/class-reference/1742339959520-a768-d26f-b804": {
      "types": [
        "https://ofn.gov.cz/slovník/psm/ClassReference"
      ],
      "iri": "https://ofn.gov.cz/class-reference/1742339959520-a768-d26f-b804",
      "dataPsmSpecification": "2ce9fee1-c7e5-4eed-9007-ed1ad3b42fa6",
      "dataPsmClass": "https://ofn.gov.cz/class/1742235167407-c0c8-51f4-be0a"
    },
    "https://ofn.gov.cz/class-reference/1742339966847-273e-f4a8-bff4": {
      "types": [
        "https://ofn.gov.cz/slovník/psm/ClassReference"
      ],
      "iri": "https://ofn.gov.cz/class-reference/1742339966847-273e-f4a8-bff4",
      "dataPsmSpecification": "16cf6a9e-b46d-4ece-9c91-91f53a19cec9",
      "dataPsmClass": "https://ofn.gov.cz/class/1742288763165-c843-1e73-9f91"
    },
    "https://ofn.gov.cz/class-reference/1742339979986-1bc7-c05d-8c99": {
      "types": [
        "https://ofn.gov.cz/slovník/psm/ClassReference"
      ],
      "iri": "https://ofn.gov.cz/class-reference/1742339979986-1bc7-c05d-8c99",
      "dataPsmSpecification": "16cf6a9e-b46d-4ece-9c91-91f53a19cec9",
      "dataPsmClass": "https://ofn.gov.cz/class/1742288763165-c843-1e73-9f91"
    },
    "https://ofn.gov.cz/class-reference/1742339984994-216e-2c7f-b815": {
      "types": [
        "https://ofn.gov.cz/slovník/psm/ClassReference"
      ],
      "iri": "https://ofn.gov.cz/class-reference/1742339984994-216e-2c7f-b815",
      "dataPsmSpecification": "edaeb96d-b03f-46fe-ba4e-b7065361fd5d",
      "dataPsmClass": "https://ofn.gov.cz/class/1742235557653-64a2-513a-97fe"
    },
    "https://ofn.gov.cz/class-reference/1742339989199-e8c9-f9e2-84f7": {
      "types": [
        "https://ofn.gov.cz/slovník/psm/ClassReference"
      ],
      "iri": "https://ofn.gov.cz/class-reference/1742339989199-e8c9-f9e2-84f7",
      "dataPsmSpecification": "c82768f3-8865-4e8a-8278-4b895c4f6ff4",
      "dataPsmClass": "https://ofn.gov.cz/class/1742235299937-b17d-6f34-926d"
    },
    "https://ofn.gov.cz/class-reference/1742339996629-f76b-504b-ae9d": {
      "types": [
        "https://ofn.gov.cz/slovník/psm/ClassReference"
      ],
      "iri": "https://ofn.gov.cz/class-reference/1742339996629-f76b-504b-ae9d",
      "dataPsmSpecification": "f641e42e-5364-4b11-a52e-eb18ae45d171",
      "dataPsmClass": "https://ofn.gov.cz/class/1742338662847-61c1-8d4b-b552"
    },
    "https://ofn.gov.cz/class-reference/1742340001955-528e-32f2-add5": {
      "types": [
        "https://ofn.gov.cz/slovník/psm/ClassReference"
      ],
      "iri": "https://ofn.gov.cz/class-reference/1742340001955-528e-32f2-add5",
      "dataPsmSpecification": "9d334437-883a-4d6b-a31e-64504dd8f60c",
      "dataPsmClass": "https://ofn.gov.cz/class/1742288707998-704b-3f0e-8e1a"
    },
    "https://ofn.gov.cz/class-reference/1742340014584-0743-7e6c-9dfd": {
      "types": [
        "https://ofn.gov.cz/slovník/psm/ClassReference"
      ],
      "iri": "https://ofn.gov.cz/class-reference/1742340014584-0743-7e6c-9dfd",
      "dataPsmSpecification": "9d334437-883a-4d6b-a31e-64504dd8f60c",
      "dataPsmClass": "https://ofn.gov.cz/class/1742288707998-704b-3f0e-8e1a"
    },
    "https://ofn.gov.cz/class-reference/1742340019880-d608-681c-8e9c": {
      "types": [
        "https://ofn.gov.cz/slovník/psm/ClassReference"
      ],
      "iri": "https://ofn.gov.cz/class-reference/1742340019880-d608-681c-8e9c",
      "dataPsmSpecification": "bbda6287-b4c4-466b-8286-f7200c1a2a92",
      "dataPsmClass": "https://ofn.gov.cz/class/1742234358899-6443-fe0d-803b"
    },
    "https://ofn.gov.cz/class-reference/1742340029289-621a-c950-9a6d": {
      "types": [
        "https://ofn.gov.cz/slovník/psm/ClassReference"
      ],
      "iri": "https://ofn.gov.cz/class-reference/1742340029289-621a-c950-9a6d",
      "dataPsmSpecification": "ce434b23-3e88-46b8-9137-94968f74e722",
      "dataPsmClass": "https://ofn.gov.cz/class/1742235374506-6369-b2fd-b1bf"
    },
    "https://ofn.gov.cz/class-reference/1742340040471-a087-7559-92f7": {
      "types": [
        "https://ofn.gov.cz/slovník/psm/ClassReference"
      ],
      "iri": "https://ofn.gov.cz/class-reference/1742340040471-a087-7559-92f7",
      "dataPsmSpecification": "1b7a3259-4b7d-4b29-8617-80c185f6ca28",
      "dataPsmClass": "https://ofn.gov.cz/class/1742235510107-a209-3731-aa0c"
    },
    "https://ofn.gov.cz/class-reference/1742340059882-56ad-fc19-af55": {
      "types": [
        "https://ofn.gov.cz/slovník/psm/ClassReference"
      ],
      "iri": "https://ofn.gov.cz/class-reference/1742340059882-56ad-fc19-af55",
      "dataPsmSpecification": "59320987-85a2-42da-91e2-36d8774b3522",
      "dataPsmClass": "https://ofn.gov.cz/class/1742234428662-255b-ab44-995e"
    },
    "https://ofn.gov.cz/class-reference/1742340200799-6496-ece3-8660": {
      "types": [
        "https://ofn.gov.cz/slovník/psm/ClassReference"
      ],
      "iri": "https://ofn.gov.cz/class-reference/1742340200799-6496-ece3-8660",
      "dataPsmSpecification": "f004e77b-b623-43f2-a560-aca1dcf8b661",
      "dataPsmClass": "https://ofn.gov.cz/class/1742340187136-c36a-9f4c-b745"
    },
    "https://ofn.gov.cz/class-reference/1742340208778-3857-a208-b48d": {
      "types": [
        "https://ofn.gov.cz/slovník/psm/ClassReference"
      ],
      "iri": "https://ofn.gov.cz/class-reference/1742340208778-3857-a208-b48d",
      "dataPsmSpecification": "e4bb0f83-fd28-4b0b-8f74-6160a258796f",
      "dataPsmClass": "https://ofn.gov.cz/class/1742340169817-84a9-ded1-a656"
    }
  }
}