{
  "iri": "94b1a42f-26f0-4ab5-8bab-67cb3efde1a4",
  "types": [
    "http://dataspecer.com/resources/v1/psm"
  ],
  "userMetadata": {
    "label": {
      "cs": "Katalogizační záznam",
      "en": "Metadata Record"
    },
    "description": {
      "cs": "Datová struktura pro Katalogizační záznam. Záznam v datovém katalogu popisující jednu datovou sadu či datovou službu.",
      "en": "Data structure for Metadata Record. Description of the metadata record of the dataset. "
    }
  },
  "metadata": {
    "creationDate": "2025-04-15T12:56:11.398Z",
    "modificationDate": "2025-04-24T07:13:20.753Z"
  },
  "_version": 1,
  "_exportVersion": 1,
  "_exportedAt": "2025-04-24T07:16:42.722Z",
  "_exportedBy": "http://localhost:3100"
}