{
  "operations": [
    {
      "types": [
        "core-operation",
        "https://ofn.gov.cz/slovník/psm/CreateClass"
      ],
      "iri": "https://ofn.gov.cz/operation/1742234358899-1a07-9865-920b",
      "parent": null,
      "dataPsmNewIri": null,
      "dataPsmInterpretation": "457s6m8lfwsm7vztk7v",
      "dataPsmTechnicalLabel": "distribution",
      "dataPsmHumanLabel": null,
      "dataPsmHumanDescription": null,
      "dataPsmExtends": [],
      "dataPsmIsClosed": null
    },
    {
      "types": [
        "core-operation",
        "https://ofn.gov.cz/slovník/psm/SetRoots"
      ],
      "iri": "https://ofn.gov.cz/operation/1742234358928-bc79-0c26-ba84",
      "parent": "https://ofn.gov.cz/operation/1742234358899-1a07-9865-920b",
      "dataPsmRoots": [
        "https://ofn.gov.cz/class/1742234358899-6443-fe0d-803b"
      ]
    },
    {
      "types": [
        "core-operation",
        "https://ofn.gov.cz/slovník/psm/SetHumanLabel"
      ],
      "iri": "https://ofn.gov.cz/operation/1742234358961-38f5-f760-8bf0",
      "parent": "https://ofn.gov.cz/operation/1742234358928-bc79-0c26-ba84",
      "dataPsmResource": "bbda6287-b4c4-466b-8286-f7200c1a2a92",
      "dataPsmHumanLabel": {
        "cs": "Distribuce",
        "en": "Distribution"
      }
    },
    {
      "types": [
        "core-operation",
        "https://ofn.gov.cz/slovník/psm/SetHumanDescription"
      ],
      "iri": "https://ofn.gov.cz/operation/1742234358990-4a99-530b-adf2",
      "parent": "https://ofn.gov.cz/operation/1742234358961-38f5-f760-8bf0",
      "dataPsmResource": "bbda6287-b4c4-466b-8286-f7200c1a2a92",
      "dataPsmHumanDescription": {
        "cs": "Datová struktura pro Distribuce. Konkrétní reprezentace datové sady. Datová sada může být dostupná v různých serializacích, které se mohou navzájem lišit různými způsoby, mimo jiné přirozeným jazykem, media-typem či formátem, schematickou organizací, časovým a prostorovým rozlišením, úrovní detailu či profily (které mohou specifikovat některé či všechny tyto rozdíly).",
        "en": "Data structure for Distribution. A specific representation of a dataset. A dataset might be available in multiple serializations that may differ in various ways, including natural language, media-type or format, schematic organization, temporal and spatial resolution, level of detail or profiles (which might specify any or all of the above)."
      }
    },
    {
      "types": [
        "core-operation",
        "https://ofn.gov.cz/slovník/psm/CreateAttribute"
      ],
      "iri": "https://ofn.gov.cz/operation/1742234363818-da94-7b8c-90e7",
      "parent": "https://ofn.gov.cz/operation/1742234358990-4a99-530b-adf2",
      "dataPsmNewIri": null,
      "dataPsmInterpretation": "7ks7cjyp32bm7xj7x27",
      "dataPsmTechnicalLabel": "title",
      "dataPsmHumanLabel": null,
      "dataPsmHumanDescription": null,
      "dataPsmOwner": "https://ofn.gov.cz/class/1742234358899-6443-fe0d-803b",
      "dataPsmDatatype": "http://www.w3.org/2001/XMLSchema#string"
    }
  ],
  "resources": {
    "bbda6287-b4c4-466b-8286-f7200c1a2a92": {
      "types": [
        "https://ofn.gov.cz/slovník/psm/Schema"
      ],
      "iri": "bbda6287-b4c4-466b-8286-f7200c1a2a92",
      "dataPsmHumanLabel": {
        "cs": "Distribuce",
        "en": "Distribution"
      },
      "dataPsmHumanDescription": {
        "cs": "Datová struktura pro Distribuce. Konkrétní reprezentace datové sady. Datová sada může být dostupná v různých serializacích, které se mohou navzájem lišit různými způsoby, mimo jiné přirozeným jazykem, media-typem či formátem, schematickou organizací, časovým a prostorovým rozlišením, úrovní detailu či profily (které mohou specifikovat některé či všechny tyto rozdíly).",
        "en": "Data structure for Distribution. A specific representation of a dataset. A dataset might be available in multiple serializations that may differ in various ways, including natural language, media-type or format, schematic organization, temporal and spatial resolution, level of detail or profiles (which might specify any or all of the above)."
      },
      "dataPsmTechnicalLabel": null,
      "dataPsmRoots": [
        "https://ofn.gov.cz/class/1742234358899-6443-fe0d-803b"
      ],
      "dataPsmParts": [
        "https://ofn.gov.cz/class/1742234358899-6443-fe0d-803b",
        "https://ofn.gov.cz/attribute/1742234363818-20eb-a04a-9677"
      ]
    },
    "https://ofn.gov.cz/class/1742234358899-6443-fe0d-803b": {
      "types": [
        "https://ofn.gov.cz/slovník/psm/Class"
      ],
      "iri": "https://ofn.gov.cz/class/1742234358899-6443-fe0d-803b",
      "dataPsmHumanLabel": null,
      "dataPsmHumanDescription": null,
      "dataPsmTechnicalLabel": "distribution",
      "dataPsmInterpretation": "457s6m8lfwsm7vztk7v",
      "dataPsmExtends": [],
      "dataPsmParts": [
        "https://ofn.gov.cz/attribute/1742234363818-20eb-a04a-9677"
      ],
      "dataPsmIsClosed": null
    },
    "https://ofn.gov.cz/attribute/1742234363818-20eb-a04a-9677": {
      "types": [
        "https://ofn.gov.cz/slovník/psm/Attribute"
      ],
      "iri": "https://ofn.gov.cz/attribute/1742234363818-20eb-a04a-9677",
      "dataPsmHumanLabel": null,
      "dataPsmHumanDescription": null,
      "dataPsmTechnicalLabel": "title",
      "dataPsmInterpretation": "7ks7cjyp32bm7xj7x27",
      "dataPsmDatatype": "http://www.w3.org/2001/XMLSchema#string"
    }
  }
}