{
  "operations": [
    {
      "types": [
        "core-operation",
        "https://ofn.gov.cz/slovník/psm/CreateClass"
      ],
      "iri": "https://ofn.gov.cz/operation/1742288816829-3501-6b2c-b99b",
      "parent": null,
      "dataPsmNewIri": null,
      "dataPsmInterpretation": "i3h25974g5m7xi4cbo",
      "dataPsmTechnicalLabel": "metadata_agent_role_type",
      "dataPsmHumanLabel": null,
      "dataPsmHumanDescription": null,
      "dataPsmExtends": [],
      "dataPsmIsClosed": null
    },
    {
      "types": [
        "core-operation",
        "https://ofn.gov.cz/slovník/psm/SetRoots"
      ],
      "iri": "https://ofn.gov.cz/operation/1742288816860-2dd5-de57-b3e0",
      "parent": "https://ofn.gov.cz/operation/1742288816829-3501-6b2c-b99b",
      "dataPsmRoots": [
        "https://ofn.gov.cz/class/1742288816829-71bc-6290-b7fb"
      ]
    },
    {
      "types": [
        "core-operation",
        "https://ofn.gov.cz/slovník/psm/SetHumanLabel"
      ],
      "iri": "https://ofn.gov.cz/operation/1742288816887-8f90-e8c6-8648",
      "parent": "https://ofn.gov.cz/operation/1742288816860-2dd5-de57-b3e0",
      "dataPsmResource": "c25492e4-fa81-4731-a42a-765b14862dc9",
      "dataPsmHumanLabel": {
        "cs": "Metadata agent role type",
        "en": "Metadata agent role type"
      }
    },
    {
      "types": [
        "core-operation",
        "https://ofn.gov.cz/slovník/psm/SetHumanDescription"
      ],
      "iri": "https://ofn.gov.cz/operation/1742288816918-3b0c-ab4c-9bb5",
      "parent": "https://ofn.gov.cz/operation/1742288816887-8f90-e8c6-8648",
      "dataPsmResource": "c25492e4-fa81-4731-a42a-765b14862dc9",
      "dataPsmHumanDescription": {
        "cs": "Datová struktura pro Metadata agent role type. An idea or notion; a unit of thought.",
        "en": "Data structure for Metadata agent role type. An idea or notion; a unit of thought."
      }
    }
  ],
  "resources": {
    "c25492e4-fa81-4731-a42a-765b14862dc9": {
      "types": [
        "https://ofn.gov.cz/slovník/psm/Schema"
      ],
      "iri": "c25492e4-fa81-4731-a42a-765b14862dc9",
      "dataPsmHumanLabel": {
        "cs": "Metadata agent role type",
        "en": "Metadata agent role type"
      },
      "dataPsmHumanDescription": {
        "cs": "Datová struktura pro Metadata agent role type. An idea or notion; a unit of thought.",
        "en": "Data structure for Metadata agent role type. An idea or notion; a unit of thought."
      },
      "dataPsmTechnicalLabel": null,
      "dataPsmRoots": [
        "https://ofn.gov.cz/class/1742288816829-71bc-6290-b7fb"
      ],
      "dataPsmParts": [
        "https://ofn.gov.cz/class/1742288816829-71bc-6290-b7fb"
      ]
    },
    "https://ofn.gov.cz/class/1742288816829-71bc-6290-b7fb": {
      "types": [
        "https://ofn.gov.cz/slovník/psm/Class"
      ],
      "iri": "https://ofn.gov.cz/class/1742288816829-71bc-6290-b7fb",
      "dataPsmHumanLabel": null,
      "dataPsmHumanDescription": null,
      "dataPsmTechnicalLabel": "metadata_agent_role_type",
      "dataPsmInterpretation": "i3h25974g5m7xi4cbo",
      "dataPsmExtends": [],
      "dataPsmParts": [],
      "dataPsmIsClosed": null
    }
  }
}