{
  "iri": "c25492e4-fa81-4731-a42a-765b14862dc9",
  "types": [
    "http://dataspecer.com/resources/v1/psm"
  ],
  "userMetadata": {
    "label": {
      "cs": "Metadata agent role type",
      "en": "Metadata agent role type"
    },
    "description": {
      "cs": "Datová struktura pro Metadata agent role type. An idea or notion; a unit of thought.",
      "en": "Data structure for Metadata agent role type. An idea or notion; a unit of thought."
    }
  },
  "metadata": {
    "creationDate": "2025-03-18T09:06:51.821Z",
    "modificationDate": "2025-03-20T12:22:54.074Z"
  },
  "_version": 1,
  "_exportVersion": 1,
  "_exportedAt": "2025-03-25T09:30:57.087Z",
  "_exportedBy": "http://localhost:3100"
}