{
  "operations": [
    {
      "types": [
        "core-operation",
        "https://ofn.gov.cz/slovník/psm/CreateClass"
      ],
      "iri": "https://ofn.gov.cz/operation/1742341171412-f0bc-8f27-88e3",
      "parent": null,
      "dataPsmNewIri": null,
      "dataPsmInterpretation": "h4ilxa28tx7m7yh5ur6",
      "dataPsmTechnicalLabel": "distribution_-_downloadable_file",
      "dataPsmHumanLabel": null,
      "dataPsmHumanDescription": null,
      "dataPsmExtends": [],
      "dataPsmIsClosed": null
    },
    {
      "types": [
        "core-operation",
        "https://ofn.gov.cz/slovník/psm/SetRoots"
      ],
      "iri": "https://ofn.gov.cz/operation/1742341171446-8145-892f-b60f",
      "parent": "https://ofn.gov.cz/operation/1742341171412-f0bc-8f27-88e3",
      "dataPsmRoots": [
        "https://ofn.gov.cz/class/1742341171412-b42f-f902-ba1b"
      ]
    },
    {
      "types": [
        "core-operation",
        "https://ofn.gov.cz/slovník/psm/SetHumanLabel"
      ],
      "iri": "https://ofn.gov.cz/operation/1742341171484-7ec2-29c8-8e54",
      "parent": "https://ofn.gov.cz/operation/1742341171446-8145-892f-b60f",
      "dataPsmResource": "c488a57d-2d43-4324-bd5b-8befd44a6986",
      "dataPsmHumanLabel": {
        "cs": "Distribution - downloadable file",
        "en": "Distribution - downloadable file"
      }
    },
    {
      "types": [
        "core-operation",
        "https://ofn.gov.cz/slovník/psm/SetHumanDescription"
      ],
      "iri": "https://ofn.gov.cz/operation/1742341171509-64ac-a5d3-aad0",
      "parent": "https://ofn.gov.cz/operation/1742341171484-7ec2-29c8-8e54",
      "dataPsmResource": "c488a57d-2d43-4324-bd5b-8befd44a6986",
      "dataPsmHumanDescription": {
        "cs": "Datová struktura pro Distribution - downloadable file. Physical embodiment of the dataset in a particular format. ",
        "en": "Data structure for Distribution - downloadable file. Physical embodiment of the dataset in a particular format. "
      }
    },
    {
      "types": [
        "core-operation",
        "https://ofn.gov.cz/slovník/psm/CreateAttribute"
      ],
      "iri": "https://ofn.gov.cz/operation/1742341179835-e661-9f2e-99cd",
      "parent": "https://ofn.gov.cz/operation/1742341171509-64ac-a5d3-aad0",
      "dataPsmNewIri": null,
      "dataPsmInterpretation": "8n05s9c7td3m7yln15v",
      "dataPsmTechnicalLabel": "checksum",
      "dataPsmHumanLabel": null,
      "dataPsmHumanDescription": null,
      "dataPsmOwner": "https://ofn.gov.cz/class/1742341171412-b42f-f902-ba1b",
      "dataPsmDatatype": "http://www.w3.org/2001/XMLSchema#string"
    },
    {
      "types": [
        "core-operation",
        "https://ofn.gov.cz/slovník/psm/CreateAttribute"
      ],
      "iri": "https://ofn.gov.cz/operation/1742341179883-e41a-874d-bf11",
      "parent": "https://ofn.gov.cz/operation/1742341179835-e661-9f2e-99cd",
      "dataPsmNewIri": null,
      "dataPsmInterpretation": "2j0r4qp921zm7yllyjo",
      "dataPsmTechnicalLabel": "byte_size",
      "dataPsmHumanLabel": null,
      "dataPsmHumanDescription": null,
      "dataPsmOwner": "https://ofn.gov.cz/class/1742341171412-b42f-f902-ba1b",
      "dataPsmDatatype": "http://www.w3.org/2001/XMLSchema#integer"
    },
    {
      "types": [
        "core-operation",
        "https://ofn.gov.cz/slovník/psm/CreateAttribute"
      ],
      "iri": "https://ofn.gov.cz/operation/1742341179912-6951-23b8-9d6b",
      "parent": "https://ofn.gov.cz/operation/1742341179883-e41a-874d-bf11",
      "dataPsmNewIri": null,
      "dataPsmInterpretation": "ttyy8my8nvm7ylgej4",
      "dataPsmTechnicalLabel": "format",
      "dataPsmHumanLabel": null,
      "dataPsmHumanDescription": null,
      "dataPsmOwner": "https://ofn.gov.cz/class/1742341171412-b42f-f902-ba1b",
      "dataPsmDatatype": "http://www.w3.org/2001/XMLSchema#anyURI"
    },
    {
      "types": [
        "core-operation",
        "https://ofn.gov.cz/slovník/psm/CreateClass"
      ],
      "iri": "https://ofn.gov.cz/operation/1742341179944-365d-9198-aad1",
      "parent": "https://ofn.gov.cz/operation/1742341179912-6951-23b8-9d6b",
      "dataPsmNewIri": null,
      "dataPsmInterpretation": "kzdl89bw9ym7xgj5sm",
      "dataPsmTechnicalLabel": "application_profile",
      "dataPsmHumanLabel": null,
      "dataPsmHumanDescription": null,
      "dataPsmExtends": [],
      "dataPsmIsClosed": null
    },
    {
      "types": [
        "core-operation",
        "https://ofn.gov.cz/slovník/psm/CreateAssociationEnd"
      ],
      "iri": "https://ofn.gov.cz/operation/1742341179971-f04d-26c7-a512",
      "parent": "https://ofn.gov.cz/operation/1742341179944-365d-9198-aad1",
      "dataPsmNewIri": null,
      "dataPsmInterpretation": "lnmjaritxohm7ylqfwx",
      "dataPsmTechnicalLabel": "conforms_to_schema",
      "dataPsmHumanLabel": null,
      "dataPsmHumanDescription": null,
      "dataPsmOwner": "https://ofn.gov.cz/class/1742341171412-b42f-f902-ba1b",
      "dataPsmPart": "https://ofn.gov.cz/class/1742341179944-e789-8488-8ad1",
      "dataPsmIsReverse": false,
      "dataPsmIsDematerialize": null
    },
    {
      "types": [
        "core-operation",
        "https://ofn.gov.cz/slovník/psm/CreateClass"
      ],
      "iri": "https://ofn.gov.cz/operation/1742341180004-6928-4326-845d",
      "parent": "https://ofn.gov.cz/operation/1742341179971-f04d-26c7-a512",
      "dataPsmNewIri": null,
      "dataPsmInterpretation": "e9sinvm4dgrm7yljpo4",
      "dataPsmTechnicalLabel": "media_type",
      "dataPsmHumanLabel": null,
      "dataPsmHumanDescription": null,
      "dataPsmExtends": [],
      "dataPsmIsClosed": null
    },
    {
      "types": [
        "core-operation",
        "https://ofn.gov.cz/slovník/psm/CreateAssociationEnd"
      ],
      "iri": "https://ofn.gov.cz/operation/1742341180027-be25-3898-8328",
      "parent": "https://ofn.gov.cz/operation/1742341180004-6928-4326-845d",
      "dataPsmNewIri": null,
      "dataPsmInterpretation": "jzx5hhz34jnm7ylkmnk",
      "dataPsmTechnicalLabel": "media_type",
      "dataPsmHumanLabel": null,
      "dataPsmHumanDescription": null,
      "dataPsmOwner": "https://ofn.gov.cz/class/1742341171412-b42f-f902-ba1b",
      "dataPsmPart": "https://ofn.gov.cz/class/1742341180004-956a-2221-a05f",
      "dataPsmIsReverse": false,
      "dataPsmIsDematerialize": null
    },
    {
      "types": [
        "core-operation",
        "https://ofn.gov.cz/slovník/psm/CreateClass"
      ],
      "iri": "https://ofn.gov.cz/operation/1742341180065-f947-8cc6-b931",
      "parent": "https://ofn.gov.cz/operation/1742341180027-be25-3898-8328",
      "dataPsmNewIri": null,
      "dataPsmInterpretation": "zpmrilt6hnm7yl9ajh",
      "dataPsmTechnicalLabel": "file",
      "dataPsmHumanLabel": null,
      "dataPsmHumanDescription": null,
      "dataPsmExtends": [],
      "dataPsmIsClosed": null
    },
    {
      "types": [
        "core-operation",
        "https://ofn.gov.cz/slovník/psm/CreateAssociationEnd"
      ],
      "iri": "https://ofn.gov.cz/operation/1742341180097-66b7-b778-a99a",
      "parent": "https://ofn.gov.cz/operation/1742341180065-f947-8cc6-b931",
      "dataPsmNewIri": null,
      "dataPsmInterpretation": "9zz6qcstokm7ylcxfk",
      "dataPsmTechnicalLabel": "access_url",
      "dataPsmHumanLabel": null,
      "dataPsmHumanDescription": null,
      "dataPsmOwner": "https://ofn.gov.cz/class/1742341171412-b42f-f902-ba1b",
      "dataPsmPart": "https://ofn.gov.cz/class/1742341180065-808e-0d0f-923b",
      "dataPsmIsReverse": false,
      "dataPsmIsDematerialize": null
    },
    {
      "types": [
        "core-operation",
        "https://ofn.gov.cz/slovník/psm/CreateClass"
      ],
      "iri": "https://ofn.gov.cz/operation/1742341180135-cdd1-35de-a41c",
      "parent": "https://ofn.gov.cz/operation/1742341180097-66b7-b778-a99a",
      "dataPsmNewIri": null,
      "dataPsmInterpretation": "zpmrilt6hnm7yl9ajh",
      "dataPsmTechnicalLabel": "file",
      "dataPsmHumanLabel": null,
      "dataPsmHumanDescription": null,
      "dataPsmExtends": [],
      "dataPsmIsClosed": null
    },
    {
      "types": [
        "core-operation",
        "https://ofn.gov.cz/slovník/psm/CreateAssociationEnd"
      ],
      "iri": "https://ofn.gov.cz/operation/1742341180169-1da1-600b-bc28",
      "parent": "https://ofn.gov.cz/operation/1742341180135-cdd1-35de-a41c",
      "dataPsmNewIri": null,
      "dataPsmInterpretation": "ugr008vxfbm7ylaqbt",
      "dataPsmTechnicalLabel": "download_url",
      "dataPsmHumanLabel": null,
      "dataPsmHumanDescription": null,
      "dataPsmOwner": "https://ofn.gov.cz/class/1742341171412-b42f-f902-ba1b",
      "dataPsmPart": "https://ofn.gov.cz/class/1742341180135-9bc5-148b-9960",
      "dataPsmIsReverse": false,
      "dataPsmIsDematerialize": null
    },
    {
      "types": [
        "core-operation",
        "https://ofn.gov.cz/slovník/psm/SetTechnicalLabel"
      ],
      "iri": "https://ofn.gov.cz/operation/1742341188271-adf5-da39-afce",
      "parent": "https://ofn.gov.cz/operation/1742341180169-1da1-600b-bc28",
      "dataPsmResource": "https://ofn.gov.cz/class/1742341171412-b42f-f902-ba1b",
      "dataPsmTechnicalLabel": "distribution_downloadable_file"
    },
    {
      "types": [
        "core-operation",
        "https://ofn.gov.cz/slovník/psm/CreateClassReference"
      ],
      "iri": "https://ofn.gov.cz/operation/1742341210321-6301-9d9b-bd26",
      "parent": "https://ofn.gov.cz/operation/1742341188271-adf5-da39-afce",
      "dataPsmNewIri": null,
      "dataPsmSpecification": "c6aa0a4b-e116-4247-9c26-bb59ad90cb83",
      "dataPsmClass": "https://ofn.gov.cz/class/1742235803801-3bb0-3064-a2dc"
    },
    {
      "types": [
        "core-operation",
        "https://ofn.gov.cz/slovník/psm/SetPart"
      ],
      "iri": "https://ofn.gov.cz/operation/1742341210363-b3a6-0125-bb25",
      "parent": "https://ofn.gov.cz/operation/1742341210321-6301-9d9b-bd26",
      "dataPsmAssociationEnd": "https://ofn.gov.cz/association/1742341179971-ad49-e9ae-851a",
      "dataPsmPart": "https://ofn.gov.cz/class-reference/1742341210321-63ea-0d51-a17c"
    },
    {
      "types": [
        "core-operation",
        "https://ofn.gov.cz/slovník/psm/DeleteClass"
      ],
      "iri": "https://ofn.gov.cz/operation/1742341210370-c1ce-f26d-91d7",
      "parent": "https://ofn.gov.cz/operation/1742341210363-b3a6-0125-bb25",
      "dataPsmClass": "https://ofn.gov.cz/class/1742341179944-e789-8488-8ad1"
    },
    {
      "types": [
        "core-operation",
        "https://ofn.gov.cz/slovník/psm/CreateClassReference"
      ],
      "iri": "https://ofn.gov.cz/operation/1742341213538-85b7-ffcc-8625",
      "parent": "https://ofn.gov.cz/operation/1742341210370-c1ce-f26d-91d7",
      "dataPsmNewIri": null,
      "dataPsmSpecification": "2b3aa148-1ba5-4eb9-a531-0dbf18beebdc",
      "dataPsmClass": "https://ofn.gov.cz/class/1742235818874-efde-8537-b0a5"
    },
    {
      "types": [
        "core-operation",
        "https://ofn.gov.cz/slovník/psm/SetPart"
      ],
      "iri": "https://ofn.gov.cz/operation/1742341213583-3d25-3536-9876",
      "parent": "https://ofn.gov.cz/operation/1742341213538-85b7-ffcc-8625",
      "dataPsmAssociationEnd": "https://ofn.gov.cz/association/1742341180027-ed2b-2da2-b259",
      "dataPsmPart": "https://ofn.gov.cz/class-reference/1742341213538-6450-918f-b613"
    },
    {
      "types": [
        "core-operation",
        "https://ofn.gov.cz/slovník/psm/DeleteClass"
      ],
      "iri": "https://ofn.gov.cz/operation/1742341213590-f6fd-17dc-bdca",
      "parent": "https://ofn.gov.cz/operation/1742341213583-3d25-3536-9876",
      "dataPsmClass": "https://ofn.gov.cz/class/1742341180004-956a-2221-a05f"
    },
    {
      "types": [
        "core-operation",
        "https://ofn.gov.cz/slovník/psm/CreateClassReference"
      ],
      "iri": "https://ofn.gov.cz/operation/1742341216692-23d8-6247-8a1c",
      "parent": "https://ofn.gov.cz/operation/1742341213590-f6fd-17dc-bdca",
      "dataPsmNewIri": null,
      "dataPsmSpecification": "c92046f6-f408-4d39-8fe8-c83ecffb56cd",
      "dataPsmClass": "https://ofn.gov.cz/class/1742235831207-776a-49bb-9ac1"
    },
    {
      "types": [
        "core-operation",
        "https://ofn.gov.cz/slovník/psm/SetPart"
      ],
      "iri": "https://ofn.gov.cz/operation/1742341216736-1c7a-18ef-9318",
      "parent": "https://ofn.gov.cz/operation/1742341216692-23d8-6247-8a1c",
      "dataPsmAssociationEnd": "https://ofn.gov.cz/association/1742341180097-6d78-8ffa-b1ba",
      "dataPsmPart": "https://ofn.gov.cz/class-reference/1742341216692-ffff-0faa-9399"
    },
    {
      "types": [
        "core-operation",
        "https://ofn.gov.cz/slovník/psm/DeleteClass"
      ],
      "iri": "https://ofn.gov.cz/operation/1742341216745-78ac-daa9-bf15",
      "parent": "https://ofn.gov.cz/operation/1742341216736-1c7a-18ef-9318",
      "dataPsmClass": "https://ofn.gov.cz/class/1742341180065-808e-0d0f-923b"
    },
    {
      "types": [
        "core-operation",
        "https://ofn.gov.cz/slovník/psm/CreateClassReference"
      ],
      "iri": "https://ofn.gov.cz/operation/1742341226132-76eb-4368-a2b9",
      "parent": "https://ofn.gov.cz/operation/1742341216745-78ac-daa9-bf15",
      "dataPsmNewIri": null,
      "dataPsmSpecification": "c92046f6-f408-4d39-8fe8-c83ecffb56cd",
      "dataPsmClass": "https://ofn.gov.cz/class/1742235831207-776a-49bb-9ac1"
    },
    {
      "types": [
        "core-operation",
        "https://ofn.gov.cz/slovník/psm/SetPart"
      ],
      "iri": "https://ofn.gov.cz/operation/1742341226164-33d5-6640-8bc2",
      "parent": "https://ofn.gov.cz/operation/1742341226132-76eb-4368-a2b9",
      "dataPsmAssociationEnd": "https://ofn.gov.cz/association/1742341180169-7e75-441c-bb50",
      "dataPsmPart": "https://ofn.gov.cz/class-reference/1742341226132-30ca-fa50-b927"
    },
    {
      "types": [
        "core-operation",
        "https://ofn.gov.cz/slovník/psm/DeleteClass"
      ],
      "iri": "https://ofn.gov.cz/operation/1742341226179-ecb2-e60e-9dc0",
      "parent": "https://ofn.gov.cz/operation/1742341226164-33d5-6640-8bc2",
      "dataPsmClass": "https://ofn.gov.cz/class/1742341180135-9bc5-148b-9960"
    },
    {
      "types": [
        "core-operation",
        "https://ofn.gov.cz/slovník/psm/DeleteAttribute"
      ],
      "iri": "https://ofn.gov.cz/operation/1743669574102-f85a-169a-9d36",
      "parent": "https://ofn.gov.cz/operation/1742341226179-ecb2-e60e-9dc0",
      "dataPsmOwner": "https://ofn.gov.cz/class/1742341171412-b42f-f902-ba1b",
      "dataPsmAttribute": "https://ofn.gov.cz/attribute/1742341179835-f9b2-fbe0-87ab"
    },
    {
      "types": [
        "core-operation",
        "https://ofn.gov.cz/slovník/psm/CreateClass"
      ],
      "iri": "https://ofn.gov.cz/operation/1743669581424-3713-c21d-9eeb",
      "parent": "https://ofn.gov.cz/operation/1743669574102-f85a-169a-9d36",
      "dataPsmNewIri": null,
      "dataPsmInterpretation": "tknf5srfsfm913kvvw",
      "dataPsmTechnicalLabel": "checksum",
      "dataPsmHumanLabel": null,
      "dataPsmHumanDescription": null,
      "dataPsmExtends": [],
      "dataPsmIsClosed": null
    },
    {
      "types": [
        "core-operation",
        "https://ofn.gov.cz/slovník/psm/CreateAssociationEnd"
      ],
      "iri": "https://ofn.gov.cz/operation/1743669581466-79eb-05f3-98d7",
      "parent": "https://ofn.gov.cz/operation/1743669581424-3713-c21d-9eeb",
      "dataPsmNewIri": null,
      "dataPsmInterpretation": "g072hca9bcm913reoq",
      "dataPsmTechnicalLabel": "checksum",
      "dataPsmHumanLabel": null,
      "dataPsmHumanDescription": null,
      "dataPsmOwner": "https://ofn.gov.cz/class/1742341171412-b42f-f902-ba1b",
      "dataPsmPart": "https://ofn.gov.cz/class/1743669581424-ff1b-5fc7-a4f9",
      "dataPsmIsReverse": false,
      "dataPsmIsDematerialize": null
    },
    {
      "types": [
        "core-operation",
        "https://ofn.gov.cz/slovník/psm/CreateAttribute"
      ],
      "iri": "https://ofn.gov.cz/operation/1743669587894-da2d-f34c-8c09",
      "parent": "https://ofn.gov.cz/operation/1743669581466-79eb-05f3-98d7",
      "dataPsmNewIri": null,
      "dataPsmInterpretation": "fb3y5r675m913nqxd",
      "dataPsmTechnicalLabel": "checksum_value",
      "dataPsmHumanLabel": null,
      "dataPsmHumanDescription": null,
      "dataPsmOwner": "https://ofn.gov.cz/class/1743669581424-ff1b-5fc7-a4f9",
      "dataPsmDatatype": "http://www.w3.org/2001/XMLSchema#hexBinary"
    },
    {
      "types": [
        "core-operation",
        "https://ofn.gov.cz/slovník/psm/CreateClass"
      ],
      "iri": "https://ofn.gov.cz/operation/1743669587956-3b70-4e8a-90df",
      "parent": "https://ofn.gov.cz/operation/1743669587894-da2d-f34c-8c09",
      "dataPsmNewIri": null,
      "dataPsmInterpretation": "7a3u9dy5afm913ohbm",
      "dataPsmTechnicalLabel": "checksum_algorithm",
      "dataPsmHumanLabel": null,
      "dataPsmHumanDescription": null,
      "dataPsmExtends": [],
      "dataPsmIsClosed": null
    },
    {
      "types": [
        "core-operation",
        "https://ofn.gov.cz/slovník/psm/CreateAssociationEnd"
      ],
      "iri": "https://ofn.gov.cz/operation/1743669588014-0786-c0cf-ae8d",
      "parent": "https://ofn.gov.cz/operation/1743669587956-3b70-4e8a-90df",
      "dataPsmNewIri": null,
      "dataPsmInterpretation": "nwv2524dafbm913q0ay",
      "dataPsmTechnicalLabel": "algorithm",
      "dataPsmHumanLabel": null,
      "dataPsmHumanDescription": null,
      "dataPsmOwner": "https://ofn.gov.cz/class/1743669581424-ff1b-5fc7-a4f9",
      "dataPsmPart": "https://ofn.gov.cz/class/1743669587956-9ef5-f658-a221",
      "dataPsmIsReverse": false,
      "dataPsmIsDematerialize": null
    },
    {
      "types": [
        "core-operation",
        "https://ofn.gov.cz/slovník/psm/CreateClassReference"
      ],
      "iri": "https://ofn.gov.cz/operation/1743669682088-83e5-67fc-bad9",
      "parent": "https://ofn.gov.cz/operation/1743669588014-0786-c0cf-ae8d",
      "dataPsmNewIri": null,
      "dataPsmSpecification": "282565c4-4d69-4dea-9432-9a2cdfcb15a4",
      "dataPsmClass": "https://ofn.gov.cz/class/1743669664695-1a30-486d-bbd8"
    },
    {
      "types": [
        "core-operation",
        "https://ofn.gov.cz/slovník/psm/SetPart"
      ],
      "iri": "https://ofn.gov.cz/operation/1743669682142-b4ae-9a85-9009",
      "parent": "https://ofn.gov.cz/operation/1743669682088-83e5-67fc-bad9",
      "dataPsmAssociationEnd": "https://ofn.gov.cz/association/1743669581466-33c0-3869-8bd8",
      "dataPsmPart": "https://ofn.gov.cz/class-reference/1743669682088-ec0d-be65-a1ff"
    }
  ],
  "resources": {
    "c488a57d-2d43-4324-bd5b-8befd44a6986": {
      "types": [
        "https://ofn.gov.cz/slovník/psm/Schema"
      ],
      "iri": "c488a57d-2d43-4324-bd5b-8befd44a6986",
      "dataPsmHumanLabel": {
        "cs": "Distribution - downloadable file",
        "en": "Distribution - downloadable file"
      },
      "dataPsmHumanDescription": {
        "cs": "Datová struktura pro Distribution - downloadable file. Physical embodiment of the dataset in a particular format. ",
        "en": "Data structure for Distribution - downloadable file. Physical embodiment of the dataset in a particular format. "
      },
      "dataPsmTechnicalLabel": null,
      "dataPsmRoots": [
        "https://ofn.gov.cz/class/1742341171412-b42f-f902-ba1b"
      ],
      "dataPsmParts": [
        "https://ofn.gov.cz/class/1742341171412-b42f-f902-ba1b",
        "https://ofn.gov.cz/attribute/1742341179883-faac-9279-9fa1",
        "https://ofn.gov.cz/attribute/1742341179912-bab0-f8a6-ae1f",
        "https://ofn.gov.cz/association/1742341179971-ad49-e9ae-851a",
        "https://ofn.gov.cz/association/1742341180027-ed2b-2da2-b259",
        "https://ofn.gov.cz/association/1742341180097-6d78-8ffa-b1ba",
        "https://ofn.gov.cz/association/1742341180169-7e75-441c-bb50",
        "https://ofn.gov.cz/class-reference/1742341210321-63ea-0d51-a17c",
        "https://ofn.gov.cz/class-reference/1742341213538-6450-918f-b613",
        "https://ofn.gov.cz/class-reference/1742341216692-ffff-0faa-9399",
        "https://ofn.gov.cz/class-reference/1742341226132-30ca-fa50-b927",
        "https://ofn.gov.cz/class/1743669581424-ff1b-5fc7-a4f9",
        "https://ofn.gov.cz/association/1743669581466-33c0-3869-8bd8",
        "https://ofn.gov.cz/attribute/1743669587892-ddbe-ed9a-a573",
        "https://ofn.gov.cz/class/1743669587956-9ef5-f658-a221",
        "https://ofn.gov.cz/association/1743669588014-a978-def6-9a91",
        "https://ofn.gov.cz/class-reference/1743669682088-ec0d-be65-a1ff"
      ]
    },
    "https://ofn.gov.cz/class/1742341171412-b42f-f902-ba1b": {
      "types": [
        "https://ofn.gov.cz/slovník/psm/Class"
      ],
      "iri": "https://ofn.gov.cz/class/1742341171412-b42f-f902-ba1b",
      "dataPsmHumanLabel": null,
      "dataPsmHumanDescription": null,
      "dataPsmTechnicalLabel": "distribution_downloadable_file",
      "dataPsmInterpretation": "h4ilxa28tx7m7yh5ur6",
      "dataPsmExtends": [],
      "dataPsmParts": [
        "https://ofn.gov.cz/attribute/1742341179883-faac-9279-9fa1",
        "https://ofn.gov.cz/attribute/1742341179912-bab0-f8a6-ae1f",
        "https://ofn.gov.cz/association/1742341179971-ad49-e9ae-851a",
        "https://ofn.gov.cz/association/1742341180027-ed2b-2da2-b259",
        "https://ofn.gov.cz/association/1742341180097-6d78-8ffa-b1ba",
        "https://ofn.gov.cz/association/1742341180169-7e75-441c-bb50",
        "https://ofn.gov.cz/association/1743669581466-33c0-3869-8bd8"
      ],
      "dataPsmIsClosed": null
    },
    "https://ofn.gov.cz/attribute/1742341179883-faac-9279-9fa1": {
      "types": [
        "https://ofn.gov.cz/slovník/psm/Attribute"
      ],
      "iri": "https://ofn.gov.cz/attribute/1742341179883-faac-9279-9fa1",
      "dataPsmHumanLabel": null,
      "dataPsmHumanDescription": null,
      "dataPsmTechnicalLabel": "byte_size",
      "dataPsmInterpretation": "2j0r4qp921zm7yllyjo",
      "dataPsmDatatype": "http://www.w3.org/2001/XMLSchema#integer"
    },
    "https://ofn.gov.cz/attribute/1742341179912-bab0-f8a6-ae1f": {
      "types": [
        "https://ofn.gov.cz/slovník/psm/Attribute"
      ],
      "iri": "https://ofn.gov.cz/attribute/1742341179912-bab0-f8a6-ae1f",
      "dataPsmHumanLabel": null,
      "dataPsmHumanDescription": null,
      "dataPsmTechnicalLabel": "format",
      "dataPsmInterpretation": "ttyy8my8nvm7ylgej4",
      "dataPsmDatatype": "http://www.w3.org/2001/XMLSchema#anyURI"
    },
    "https://ofn.gov.cz/association/1742341179971-ad49-e9ae-851a": {
      "types": [
        "https://ofn.gov.cz/slovník/psm/AssociationEnd"
      ],
      "iri": "https://ofn.gov.cz/association/1742341179971-ad49-e9ae-851a",
      "dataPsmHumanLabel": null,
      "dataPsmHumanDescription": null,
      "dataPsmTechnicalLabel": "conforms_to_schema",
      "dataPsmInterpretation": "lnmjaritxohm7ylqfwx",
      "dataPsmPart": "https://ofn.gov.cz/class-reference/1742341210321-63ea-0d51-a17c",
      "dataPsmIsReverse": false,
      "dataPsmIsDematerialize": null
    },
    "https://ofn.gov.cz/association/1742341180027-ed2b-2da2-b259": {
      "types": [
        "https://ofn.gov.cz/slovník/psm/AssociationEnd"
      ],
      "iri": "https://ofn.gov.cz/association/1742341180027-ed2b-2da2-b259",
      "dataPsmHumanLabel": null,
      "dataPsmHumanDescription": null,
      "dataPsmTechnicalLabel": "media_type",
      "dataPsmInterpretation": "jzx5hhz34jnm7ylkmnk",
      "dataPsmPart": "https://ofn.gov.cz/class-reference/1742341213538-6450-918f-b613",
      "dataPsmIsReverse": false,
      "dataPsmIsDematerialize": null
    },
    "https://ofn.gov.cz/association/1742341180097-6d78-8ffa-b1ba": {
      "types": [
        "https://ofn.gov.cz/slovník/psm/AssociationEnd"
      ],
      "iri": "https://ofn.gov.cz/association/1742341180097-6d78-8ffa-b1ba",
      "dataPsmHumanLabel": null,
      "dataPsmHumanDescription": null,
      "dataPsmTechnicalLabel": "access_url",
      "dataPsmInterpretation": "9zz6qcstokm7ylcxfk",
      "dataPsmPart": "https://ofn.gov.cz/class-reference/1742341216692-ffff-0faa-9399",
      "dataPsmIsReverse": false,
      "dataPsmIsDematerialize": null
    },
    "https://ofn.gov.cz/association/1742341180169-7e75-441c-bb50": {
      "types": [
        "https://ofn.gov.cz/slovník/psm/AssociationEnd"
      ],
      "iri": "https://ofn.gov.cz/association/1742341180169-7e75-441c-bb50",
      "dataPsmHumanLabel": null,
      "dataPsmHumanDescription": null,
      "dataPsmTechnicalLabel": "download_url",
      "dataPsmInterpretation": "ugr008vxfbm7ylaqbt",
      "dataPsmPart": "https://ofn.gov.cz/class-reference/1742341226132-30ca-fa50-b927",
      "dataPsmIsReverse": false,
      "dataPsmIsDematerialize": null
    },
    "https://ofn.gov.cz/class-reference/1742341210321-63ea-0d51-a17c": {
      "types": [
        "https://ofn.gov.cz/slovník/psm/ClassReference"
      ],
      "iri": "https://ofn.gov.cz/class-reference/1742341210321-63ea-0d51-a17c",
      "dataPsmSpecification": "c6aa0a4b-e116-4247-9c26-bb59ad90cb83",
      "dataPsmClass": "https://ofn.gov.cz/class/1742235803801-3bb0-3064-a2dc"
    },
    "https://ofn.gov.cz/class-reference/1742341213538-6450-918f-b613": {
      "types": [
        "https://ofn.gov.cz/slovník/psm/ClassReference"
      ],
      "iri": "https://ofn.gov.cz/class-reference/1742341213538-6450-918f-b613",
      "dataPsmSpecification": "2b3aa148-1ba5-4eb9-a531-0dbf18beebdc",
      "dataPsmClass": "https://ofn.gov.cz/class/1742235818874-efde-8537-b0a5"
    },
    "https://ofn.gov.cz/class-reference/1742341216692-ffff-0faa-9399": {
      "types": [
        "https://ofn.gov.cz/slovník/psm/ClassReference"
      ],
      "iri": "https://ofn.gov.cz/class-reference/1742341216692-ffff-0faa-9399",
      "dataPsmSpecification": "c92046f6-f408-4d39-8fe8-c83ecffb56cd",
      "dataPsmClass": "https://ofn.gov.cz/class/1742235831207-776a-49bb-9ac1"
    },
    "https://ofn.gov.cz/class-reference/1742341226132-30ca-fa50-b927": {
      "types": [
        "https://ofn.gov.cz/slovník/psm/ClassReference"
      ],
      "iri": "https://ofn.gov.cz/class-reference/1742341226132-30ca-fa50-b927",
      "dataPsmSpecification": "c92046f6-f408-4d39-8fe8-c83ecffb56cd",
      "dataPsmClass": "https://ofn.gov.cz/class/1742235831207-776a-49bb-9ac1"
    },
    "https://ofn.gov.cz/class/1743669581424-ff1b-5fc7-a4f9": {
      "types": [
        "https://ofn.gov.cz/slovník/psm/Class"
      ],
      "iri": "https://ofn.gov.cz/class/1743669581424-ff1b-5fc7-a4f9",
      "dataPsmHumanLabel": null,
      "dataPsmHumanDescription": null,
      "dataPsmTechnicalLabel": "checksum",
      "dataPsmInterpretation": "tknf5srfsfm913kvvw",
      "dataPsmExtends": [],
      "dataPsmParts": [
        "https://ofn.gov.cz/attribute/1743669587892-ddbe-ed9a-a573",
        "https://ofn.gov.cz/association/1743669588014-a978-def6-9a91"
      ],
      "dataPsmIsClosed": null
    },
    "https://ofn.gov.cz/association/1743669581466-33c0-3869-8bd8": {
      "types": [
        "https://ofn.gov.cz/slovník/psm/AssociationEnd"
      ],
      "iri": "https://ofn.gov.cz/association/1743669581466-33c0-3869-8bd8",
      "dataPsmHumanLabel": null,
      "dataPsmHumanDescription": null,
      "dataPsmTechnicalLabel": "checksum",
      "dataPsmInterpretation": "g072hca9bcm913reoq",
      "dataPsmPart": "https://ofn.gov.cz/class-reference/1743669682088-ec0d-be65-a1ff",
      "dataPsmIsReverse": false,
      "dataPsmIsDematerialize": null
    },
    "https://ofn.gov.cz/attribute/1743669587892-ddbe-ed9a-a573": {
      "types": [
        "https://ofn.gov.cz/slovník/psm/Attribute"
      ],
      "iri": "https://ofn.gov.cz/attribute/1743669587892-ddbe-ed9a-a573",
      "dataPsmHumanLabel": null,
      "dataPsmHumanDescription": null,
      "dataPsmTechnicalLabel": "checksum_value",
      "dataPsmInterpretation": "fb3y5r675m913nqxd",
      "dataPsmDatatype": "http://www.w3.org/2001/XMLSchema#hexBinary"
    },
    "https://ofn.gov.cz/class/1743669587956-9ef5-f658-a221": {
      "types": [
        "https://ofn.gov.cz/slovník/psm/Class"
      ],
      "iri": "https://ofn.gov.cz/class/1743669587956-9ef5-f658-a221",
      "dataPsmHumanLabel": null,
      "dataPsmHumanDescription": null,
      "dataPsmTechnicalLabel": "checksum_algorithm",
      "dataPsmInterpretation": "7a3u9dy5afm913ohbm",
      "dataPsmExtends": [],
      "dataPsmParts": [],
      "dataPsmIsClosed": null
    },
    "https://ofn.gov.cz/association/1743669588014-a978-def6-9a91": {
      "types": [
        "https://ofn.gov.cz/slovník/psm/AssociationEnd"
      ],
      "iri": "https://ofn.gov.cz/association/1743669588014-a978-def6-9a91",
      "dataPsmHumanLabel": null,
      "dataPsmHumanDescription": null,
      "dataPsmTechnicalLabel": "algorithm",
      "dataPsmInterpretation": "nwv2524dafbm913q0ay",
      "dataPsmPart": "https://ofn.gov.cz/class/1743669587956-9ef5-f658-a221",
      "dataPsmIsReverse": false,
      "dataPsmIsDematerialize": null
    },
    "https://ofn.gov.cz/class-reference/1743669682088-ec0d-be65-a1ff": {
      "types": [
        "https://ofn.gov.cz/slovník/psm/ClassReference"
      ],
      "iri": "https://ofn.gov.cz/class-reference/1743669682088-ec0d-be65-a1ff",
      "dataPsmSpecification": "282565c4-4d69-4dea-9432-9a2cdfcb15a4",
      "dataPsmClass": "https://ofn.gov.cz/class/1743669664695-1a30-486d-bbd8"
    }
  }
}