{
  "iri": "c488a57d-2d43-4324-bd5b-8befd44a6986",
  "types": [
    "http://dataspecer.com/resources/v1/psm"
  ],
  "userMetadata": {
    "label": {
      "cs": "Distribution - downloadable file",
      "en": "Distribution - downloadable file"
    },
    "description": {
      "cs": "Datová struktura pro Distribution - downloadable file. Physical embodiment of the dataset in a particular format. ",
      "en": "Data structure for Distribution - downloadable file. Physical embodiment of the dataset in a particular format. "
    }
  },
  "metadata": {
    "creationDate": "2025-03-18T23:39:24.318Z",
    "modificationDate": "2025-03-19T14:52:34.032Z"
  },
  "_version": 1,
  "_exportVersion": 1,
  "_exportedAt": "2025-03-19T14:55:01.327Z",
  "_exportedBy": "http://localhost:3100"
}