{
  "iri": "c6aa0a4b-e116-4247-9c26-bb59ad90cb83",
  "types": [
    "http://dataspecer.com/resources/v1/psm"
  ],
  "userMetadata": {
    "label": {
      "cs": "Application profile",
      "en": "Application profile"
    },
    "description": {
      "cs": "Datová struktura pro Application profile. A standard or other specification to which a metadata record conforms.",
      "en": "Data structure for Application profile. A standard or other specification to which a metadata record conforms."
    }
  },
  "metadata": {
    "creationDate": "2025-03-17T18:23:17.075Z",
    "modificationDate": "2025-03-19T14:52:30.511Z"
  },
  "_version": 1,
  "_exportVersion": 1,
  "_exportedAt": "2025-03-19T14:55:01.311Z",
  "_exportedBy": "http://localhost:3100"
}