{
  "operations": [
    {
      "types": [
        "core-operation",
        "https://ofn.gov.cz/slovník/psm/CreateClass"
      ],
      "iri": "https://ofn.gov.cz/operation/1742232141770-9987-8ef6-ad3a",
      "parent": null,
      "dataPsmNewIri": null,
      "dataPsmInterpretation": "x2rhgh5297cm7ufqdik",
      "dataPsmTechnicalLabel": "person",
      "dataPsmHumanLabel": null,
      "dataPsmHumanDescription": null,
      "dataPsmExtends": [],
      "dataPsmIsClosed": null
    },
    {
      "types": [
        "core-operation",
        "https://ofn.gov.cz/slovník/psm/SetRoots"
      ],
      "iri": "https://ofn.gov.cz/operation/1742232141819-f9c2-41fb-876d",
      "parent": "https://ofn.gov.cz/operation/1742232141770-9987-8ef6-ad3a",
      "dataPsmRoots": [
        "https://ofn.gov.cz/class/1742232141770-5f18-41ed-b6c4"
      ]
    },
    {
      "types": [
        "core-operation",
        "https://ofn.gov.cz/slovník/psm/SetHumanLabel"
      ],
      "iri": "https://ofn.gov.cz/operation/1742232141861-83bf-adaa-b377",
      "parent": "https://ofn.gov.cz/operation/1742232141819-f9c2-41fb-876d",
      "dataPsmResource": "c81e2992-c5ad-4536-82fb-87237987052d",
      "dataPsmHumanLabel": {
        "cs": "Person",
        "en": "Person"
      }
    },
    {
      "types": [
        "core-operation",
        "https://ofn.gov.cz/slovník/psm/SetHumanDescription"
      ],
      "iri": "https://ofn.gov.cz/operation/1742232141910-a08d-bafd-9856",
      "parent": "https://ofn.gov.cz/operation/1742232141861-83bf-adaa-b377",
      "dataPsmResource": "c81e2992-c5ad-4536-82fb-87237987052d",
      "dataPsmHumanDescription": {
        "cs": "Datová struktura pro Person. Physical person. ",
        "en": "Data structure for Person. Physical person. "
      }
    },
    {
      "types": [
        "core-operation",
        "https://ofn.gov.cz/slovník/psm/CreateAttribute"
      ],
      "iri": "https://ofn.gov.cz/operation/1742232146843-49ea-dcaf-bfc5",
      "parent": "https://ofn.gov.cz/operation/1742232141910-a08d-bafd-9856",
      "dataPsmNewIri": null,
      "dataPsmInterpretation": "pr9da4h44om7x91fmq",
      "dataPsmTechnicalLabel": "familyName",
      "dataPsmHumanLabel": null,
      "dataPsmHumanDescription": null,
      "dataPsmOwner": "https://ofn.gov.cz/class/1742232141770-5f18-41ed-b6c4",
      "dataPsmDatatype": "http://www.w3.org/2001/XMLSchema#string"
    },
    {
      "types": [
        "core-operation",
        "https://ofn.gov.cz/slovník/psm/CreateAttribute"
      ],
      "iri": "https://ofn.gov.cz/operation/1742232146885-f2bf-a9e6-a09d",
      "parent": "https://ofn.gov.cz/operation/1742232146843-49ea-dcaf-bfc5",
      "dataPsmNewIri": null,
      "dataPsmInterpretation": "h1mov9hrhilm7x90svc",
      "dataPsmTechnicalLabel": "givenName",
      "dataPsmHumanLabel": null,
      "dataPsmHumanDescription": null,
      "dataPsmOwner": "https://ofn.gov.cz/class/1742232141770-5f18-41ed-b6c4",
      "dataPsmDatatype": "http://www.w3.org/2001/XMLSchema#string"
    },
    {
      "types": [
        "core-operation",
        "https://ofn.gov.cz/slovník/psm/CreateClass"
      ],
      "iri": "https://ofn.gov.cz/operation/1742232146918-99b9-2079-a060",
      "parent": "https://ofn.gov.cz/operation/1742232146885-f2bf-a9e6-a09d",
      "dataPsmNewIri": null,
      "dataPsmInterpretation": "k7cmsrcsg3am7ufqxec",
      "dataPsmTechnicalLabel": "organization",
      "dataPsmHumanLabel": null,
      "dataPsmHumanDescription": null,
      "dataPsmExtends": [],
      "dataPsmIsClosed": null
    },
    {
      "types": [
        "core-operation",
        "https://ofn.gov.cz/slovník/psm/CreateAssociationEnd"
      ],
      "iri": "https://ofn.gov.cz/operation/1742232146945-bb07-44a7-818d",
      "parent": "https://ofn.gov.cz/operation/1742232146918-99b9-2079-a060",
      "dataPsmNewIri": null,
      "dataPsmInterpretation": "2r8bm571hl3m7x94naq",
      "dataPsmTechnicalLabel": "hasAffiliation",
      "dataPsmHumanLabel": null,
      "dataPsmHumanDescription": null,
      "dataPsmOwner": "https://ofn.gov.cz/class/1742232141770-5f18-41ed-b6c4",
      "dataPsmPart": "https://ofn.gov.cz/class/1742232146918-3214-1e40-abc4",
      "dataPsmIsReverse": false,
      "dataPsmIsDematerialize": null
    },
    {
      "types": [
        "core-operation",
        "https://ofn.gov.cz/slovník/psm/SetTechnicalLabel"
      ],
      "iri": "https://ofn.gov.cz/operation/1742232157066-1003-2aec-989c",
      "parent": "https://ofn.gov.cz/operation/1742232146945-bb07-44a7-818d",
      "dataPsmResource": "https://ofn.gov.cz/attribute/1742232146842-0309-8a4e-906b",
      "dataPsmTechnicalLabel": "family_name"
    },
    {
      "types": [
        "core-operation",
        "https://ofn.gov.cz/slovník/psm/SetTechnicalLabel"
      ],
      "iri": "https://ofn.gov.cz/operation/1742232164498-f27c-82fc-89f4",
      "parent": "https://ofn.gov.cz/operation/1742232157066-1003-2aec-989c",
      "dataPsmResource": "https://ofn.gov.cz/attribute/1742232146885-0b37-e296-b25b",
      "dataPsmTechnicalLabel": "given_name"
    },
    {
      "types": [
        "core-operation",
        "https://ofn.gov.cz/slovník/psm/SetTechnicalLabel"
      ],
      "iri": "https://ofn.gov.cz/operation/1742232176578-c7d5-0774-a36d",
      "parent": "https://ofn.gov.cz/operation/1742232164498-f27c-82fc-89f4",
      "dataPsmResource": "https://ofn.gov.cz/association/1742232146944-1655-f16c-b965",
      "dataPsmTechnicalLabel": "affiliations"
    },
    {
      "types": [
        "core-operation",
        "https://ofn.gov.cz/slovník/psm/SetTechnicalLabel"
      ],
      "iri": "https://ofn.gov.cz/operation/1742232183871-6a27-7314-8982",
      "parent": "https://ofn.gov.cz/operation/1742232176578-c7d5-0774-a36d",
      "dataPsmResource": "https://ofn.gov.cz/association/1742232146944-1655-f16c-b965",
      "dataPsmTechnicalLabel": "affiliation"
    },
    {
      "types": [
        "core-operation",
        "https://ofn.gov.cz/slovník/psm/CreateAttribute"
      ],
      "iri": "https://ofn.gov.cz/operation/1742232190833-f21c-f770-87ea",
      "parent": "https://ofn.gov.cz/operation/1742232183871-6a27-7314-8982",
      "dataPsmNewIri": null,
      "dataPsmInterpretation": "h30uw2fyqqjm7xezfls",
      "dataPsmTechnicalLabel": "alternateName",
      "dataPsmHumanLabel": null,
      "dataPsmHumanDescription": null,
      "dataPsmOwner": "https://ofn.gov.cz/class/1742232146918-3214-1e40-abc4",
      "dataPsmDatatype": "http://www.w3.org/2001/XMLSchema#string"
    },
    {
      "types": [
        "core-operation",
        "https://ofn.gov.cz/slovník/psm/CreateAttribute"
      ],
      "iri": "https://ofn.gov.cz/operation/1742232190868-b616-e3ec-81a2",
      "parent": "https://ofn.gov.cz/operation/1742232190833-f21c-f770-87ea",
      "dataPsmNewIri": null,
      "dataPsmInterpretation": "0396ztfnfgl4m7xeyrrf",
      "dataPsmTechnicalLabel": "name",
      "dataPsmHumanLabel": null,
      "dataPsmHumanDescription": null,
      "dataPsmOwner": "https://ofn.gov.cz/class/1742232146918-3214-1e40-abc4",
      "dataPsmDatatype": "http://www.w3.org/2001/XMLSchema#string"
    },
    {
      "types": [
        "core-operation",
        "https://ofn.gov.cz/slovník/psm/SetTechnicalLabel"
      ],
      "iri": "https://ofn.gov.cz/operation/1742232198914-a20f-962c-8fec",
      "parent": "https://ofn.gov.cz/operation/1742232190868-b616-e3ec-81a2",
      "dataPsmResource": "https://ofn.gov.cz/attribute/1742232190833-e65b-e881-9d99",
      "dataPsmTechnicalLabel": "alternate_name"
    },
    {
      "types": [
        "core-operation",
        "https://ofn.gov.cz/slovník/psm/CreateAttribute"
      ],
      "iri": "https://ofn.gov.cz/operation/1743521626013-1720-4eaa-a2b5",
      "parent": "https://ofn.gov.cz/operation/1742232198914-a20f-962c-8fec",
      "dataPsmNewIri": null,
      "dataPsmInterpretation": "cvcgjk1bn7m8ymwr8k",
      "dataPsmTechnicalLabel": "full_name",
      "dataPsmHumanLabel": null,
      "dataPsmHumanDescription": null,
      "dataPsmOwner": "https://ofn.gov.cz/class/1742232141770-5f18-41ed-b6c4",
      "dataPsmDatatype": "http://www.w3.org/2001/XMLSchema#string"
    },
    {
      "types": [
        "core-operation",
        "https://ofn.gov.cz/slovník/psm/SetOrder"
      ],
      "iri": "https://ofn.gov.cz/operation/1743521642634-314b-04c1-969b",
      "parent": "https://ofn.gov.cz/operation/1743521626013-1720-4eaa-a2b5",
      "dataPsmOwnerClass": "https://ofn.gov.cz/class/1742232141770-5f18-41ed-b6c4",
      "dataPsmResourceToMove": "https://ofn.gov.cz/attribute/1743521626013-ac32-b963-aad2",
      "dataPsmMoveAfter": "https://ofn.gov.cz/attribute/1742232146885-0b37-e296-b25b"
    }
  ],
  "resources": {
    "c81e2992-c5ad-4536-82fb-87237987052d": {
      "types": [
        "https://ofn.gov.cz/slovník/psm/Schema"
      ],
      "iri": "c81e2992-c5ad-4536-82fb-87237987052d",
      "dataPsmHumanLabel": {
        "cs": "Person",
        "en": "Person"
      },
      "dataPsmHumanDescription": {
        "cs": "Datová struktura pro Person. Physical person. ",
        "en": "Data structure for Person. Physical person. "
      },
      "dataPsmTechnicalLabel": null,
      "dataPsmRoots": [
        "https://ofn.gov.cz/class/1742232141770-5f18-41ed-b6c4"
      ],
      "dataPsmParts": [
        "https://ofn.gov.cz/class/1742232141770-5f18-41ed-b6c4",
        "https://ofn.gov.cz/attribute/1742232146842-0309-8a4e-906b",
        "https://ofn.gov.cz/attribute/1742232146885-0b37-e296-b25b",
        "https://ofn.gov.cz/class/1742232146918-3214-1e40-abc4",
        "https://ofn.gov.cz/association/1742232146944-1655-f16c-b965",
        "https://ofn.gov.cz/attribute/1742232190833-e65b-e881-9d99",
        "https://ofn.gov.cz/attribute/1742232190868-20b0-e307-b043",
        "https://ofn.gov.cz/attribute/1743521626013-ac32-b963-aad2"
      ]
    },
    "https://ofn.gov.cz/class/1742232141770-5f18-41ed-b6c4": {
      "types": [
        "https://ofn.gov.cz/slovník/psm/Class"
      ],
      "iri": "https://ofn.gov.cz/class/1742232141770-5f18-41ed-b6c4",
      "dataPsmHumanLabel": null,
      "dataPsmHumanDescription": null,
      "dataPsmTechnicalLabel": "person",
      "dataPsmInterpretation": "x2rhgh5297cm7ufqdik",
      "dataPsmExtends": [],
      "dataPsmParts": [
        "https://ofn.gov.cz/attribute/1742232146842-0309-8a4e-906b",
        "https://ofn.gov.cz/attribute/1742232146885-0b37-e296-b25b",
        "https://ofn.gov.cz/attribute/1743521626013-ac32-b963-aad2",
        "https://ofn.gov.cz/association/1742232146944-1655-f16c-b965"
      ],
      "dataPsmIsClosed": null
    },
    "https://ofn.gov.cz/attribute/1742232146842-0309-8a4e-906b": {
      "types": [
        "https://ofn.gov.cz/slovník/psm/Attribute"
      ],
      "iri": "https://ofn.gov.cz/attribute/1742232146842-0309-8a4e-906b",
      "dataPsmHumanLabel": null,
      "dataPsmHumanDescription": null,
      "dataPsmTechnicalLabel": "family_name",
      "dataPsmInterpretation": "pr9da4h44om7x91fmq",
      "dataPsmDatatype": "http://www.w3.org/2001/XMLSchema#string"
    },
    "https://ofn.gov.cz/attribute/1742232146885-0b37-e296-b25b": {
      "types": [
        "https://ofn.gov.cz/slovník/psm/Attribute"
      ],
      "iri": "https://ofn.gov.cz/attribute/1742232146885-0b37-e296-b25b",
      "dataPsmHumanLabel": null,
      "dataPsmHumanDescription": null,
      "dataPsmTechnicalLabel": "given_name",
      "dataPsmInterpretation": "h1mov9hrhilm7x90svc",
      "dataPsmDatatype": "http://www.w3.org/2001/XMLSchema#string"
    },
    "https://ofn.gov.cz/class/1742232146918-3214-1e40-abc4": {
      "types": [
        "https://ofn.gov.cz/slovník/psm/Class"
      ],
      "iri": "https://ofn.gov.cz/class/1742232146918-3214-1e40-abc4",
      "dataPsmHumanLabel": null,
      "dataPsmHumanDescription": null,
      "dataPsmTechnicalLabel": "organization",
      "dataPsmInterpretation": "k7cmsrcsg3am7ufqxec",
      "dataPsmExtends": [],
      "dataPsmParts": [
        "https://ofn.gov.cz/attribute/1742232190833-e65b-e881-9d99",
        "https://ofn.gov.cz/attribute/1742232190868-20b0-e307-b043"
      ],
      "dataPsmIsClosed": null
    },
    "https://ofn.gov.cz/association/1742232146944-1655-f16c-b965": {
      "types": [
        "https://ofn.gov.cz/slovník/psm/AssociationEnd"
      ],
      "iri": "https://ofn.gov.cz/association/1742232146944-1655-f16c-b965",
      "dataPsmHumanLabel": null,
      "dataPsmHumanDescription": null,
      "dataPsmTechnicalLabel": "affiliation",
      "dataPsmInterpretation": "2r8bm571hl3m7x94naq",
      "dataPsmPart": "https://ofn.gov.cz/class/1742232146918-3214-1e40-abc4",
      "dataPsmIsReverse": false,
      "dataPsmIsDematerialize": null
    },
    "https://ofn.gov.cz/attribute/1742232190833-e65b-e881-9d99": {
      "types": [
        "https://ofn.gov.cz/slovník/psm/Attribute"
      ],
      "iri": "https://ofn.gov.cz/attribute/1742232190833-e65b-e881-9d99",
      "dataPsmHumanLabel": null,
      "dataPsmHumanDescription": null,
      "dataPsmTechnicalLabel": "alternate_name",
      "dataPsmInterpretation": "h30uw2fyqqjm7xezfls",
      "dataPsmDatatype": "http://www.w3.org/2001/XMLSchema#string"
    },
    "https://ofn.gov.cz/attribute/1742232190868-20b0-e307-b043": {
      "types": [
        "https://ofn.gov.cz/slovník/psm/Attribute"
      ],
      "iri": "https://ofn.gov.cz/attribute/1742232190868-20b0-e307-b043",
      "dataPsmHumanLabel": null,
      "dataPsmHumanDescription": null,
      "dataPsmTechnicalLabel": "name",
      "dataPsmInterpretation": "0396ztfnfgl4m7xeyrrf",
      "dataPsmDatatype": "http://www.w3.org/2001/XMLSchema#string"
    },
    "https://ofn.gov.cz/attribute/1743521626013-ac32-b963-aad2": {
      "types": [
        "https://ofn.gov.cz/slovník/psm/Attribute"
      ],
      "iri": "https://ofn.gov.cz/attribute/1743521626013-ac32-b963-aad2",
      "dataPsmHumanLabel": null,
      "dataPsmHumanDescription": null,
      "dataPsmTechnicalLabel": "full_name",
      "dataPsmInterpretation": "cvcgjk1bn7m8ymwr8k",
      "dataPsmDatatype": "http://www.w3.org/2001/XMLSchema#string"
    }
  }
}