{
  "iri": "c81e2992-c5ad-4536-82fb-87237987052d",
  "types": [
    "http://dataspecer.com/resources/v1/psm"
  ],
  "userMetadata": {
    "label": {
      "cs": "Person",
      "en": "Person"
    },
    "description": {
      "cs": "Datová struktura pro Person. Physical person. ",
      "en": "Data structure for Person. Physical person. "
    }
  },
  "metadata": {
    "creationDate": "2025-03-17T17:22:15.186Z",
    "modificationDate": "2025-03-19T14:52:30.509Z"
  },
  "_version": 1,
  "_exportVersion": 1,
  "_exportedAt": "2025-03-19T14:55:01.302Z",
  "_exportedBy": "http://localhost:3100"
}