{
  "operations": [
    {
      "types": [
        "core-operation",
        "https://ofn.gov.cz/slovník/psm/CreateClass"
      ],
      "iri": "https://ofn.gov.cz/operation/1742235299937-49ac-97fb-adcc",
      "parent": null,
      "dataPsmNewIri": null,
      "dataPsmInterpretation": "x67cs7mr11m7w4riy7",
      "dataPsmTechnicalLabel": "timeReference",
      "dataPsmHumanLabel": null,
      "dataPsmHumanDescription": null,
      "dataPsmExtends": [],
      "dataPsmIsClosed": null
    },
    {
      "types": [
        "core-operation",
        "https://ofn.gov.cz/slovník/psm/SetRoots"
      ],
      "iri": "https://ofn.gov.cz/operation/1742235299963-82b1-1ec5-b845",
      "parent": "https://ofn.gov.cz/operation/1742235299937-49ac-97fb-adcc",
      "dataPsmRoots": [
        "https://ofn.gov.cz/class/1742235299937-b17d-6f34-926d"
      ]
    },
    {
      "types": [
        "core-operation",
        "https://ofn.gov.cz/slovník/psm/SetHumanLabel"
      ],
      "iri": "https://ofn.gov.cz/operation/1742235299991-8022-350d-b5b4",
      "parent": "https://ofn.gov.cz/operation/1742235299963-82b1-1ec5-b845",
      "dataPsmResource": "c82768f3-8865-4e8a-8278-4b895c4f6ff4",
      "dataPsmHumanLabel": {
        "cs": "Time reference",
        "en": "Time reference"
      }
    },
    {
      "types": [
        "core-operation",
        "https://ofn.gov.cz/slovník/psm/SetHumanDescription"
      ],
      "iri": "https://ofn.gov.cz/operation/1742235300019-3c4f-0aaf-82e1",
      "parent": "https://ofn.gov.cz/operation/1742235299991-8022-350d-b5b4",
      "dataPsmResource": "c82768f3-8865-4e8a-8278-4b895c4f6ff4",
      "dataPsmHumanDescription": {
        "cs": "Datová struktura pro Time reference. A date on which something relative to the resource has happened.",
        "en": "Data structure for Time reference. A date on which something relative to the resource has happened."
      }
    },
    {
      "types": [
        "core-operation",
        "https://ofn.gov.cz/slovník/psm/SetTechnicalLabel"
      ],
      "iri": "https://ofn.gov.cz/operation/1742235309584-f2cb-8f4f-8b84",
      "parent": "https://ofn.gov.cz/operation/1742235300019-3c4f-0aaf-82e1",
      "dataPsmResource": "https://ofn.gov.cz/class/1742235299937-b17d-6f34-926d",
      "dataPsmTechnicalLabel": "time_reference"
    },
    {
      "types": [
        "core-operation",
        "https://ofn.gov.cz/slovník/psm/CreateAttribute"
      ],
      "iri": "https://ofn.gov.cz/operation/1742235314054-80ec-a60b-86e1",
      "parent": "https://ofn.gov.cz/operation/1742235309584-f2cb-8f4f-8b84",
      "dataPsmNewIri": null,
      "dataPsmInterpretation": "iwwjtimp69m7yuc6g1",
      "dataPsmTechnicalLabel": "dateInformation",
      "dataPsmHumanLabel": null,
      "dataPsmHumanDescription": null,
      "dataPsmOwner": "https://ofn.gov.cz/class/1742235299937-b17d-6f34-926d",
      "dataPsmDatatype": "http://www.w3.org/2001/XMLSchema#string"
    },
    {
      "types": [
        "core-operation",
        "https://ofn.gov.cz/slovník/psm/CreateAttribute"
      ],
      "iri": "https://ofn.gov.cz/operation/1742235314087-8455-224a-a53e",
      "parent": "https://ofn.gov.cz/operation/1742235314054-80ec-a60b-86e1",
      "dataPsmNewIri": null,
      "dataPsmInterpretation": "4jx3a8qpiecm7ytvn95",
      "dataPsmTechnicalLabel": "dateType",
      "dataPsmHumanLabel": null,
      "dataPsmHumanDescription": null,
      "dataPsmOwner": "https://ofn.gov.cz/class/1742235299937-b17d-6f34-926d",
      "dataPsmDatatype": "http://www.w3.org/2001/XMLSchema#string"
    },
    {
      "types": [
        "core-operation",
        "https://ofn.gov.cz/slovník/psm/CreateAttribute"
      ],
      "iri": "https://ofn.gov.cz/operation/1742235314118-c4ca-cd9a-bb99",
      "parent": "https://ofn.gov.cz/operation/1742235314087-8455-224a-a53e",
      "dataPsmNewIri": null,
      "dataPsmInterpretation": "kchtsaq82arm7yttwj2",
      "dataPsmTechnicalLabel": "date",
      "dataPsmHumanLabel": null,
      "dataPsmHumanDescription": null,
      "dataPsmOwner": "https://ofn.gov.cz/class/1742235299937-b17d-6f34-926d",
      "dataPsmDatatype": "http://www.w3.org/2001/XMLSchema#date"
    },
    {
      "types": [
        "core-operation",
        "https://ofn.gov.cz/slovník/psm/SetTechnicalLabel"
      ],
      "iri": "https://ofn.gov.cz/operation/1742235321698-ff66-18fb-a15c",
      "parent": "https://ofn.gov.cz/operation/1742235314118-c4ca-cd9a-bb99",
      "dataPsmResource": "https://ofn.gov.cz/attribute/1742235314054-566f-39ac-8fcc",
      "dataPsmTechnicalLabel": "date_information"
    },
    {
      "types": [
        "core-operation",
        "https://ofn.gov.cz/slovník/psm/SetTechnicalLabel"
      ],
      "iri": "https://ofn.gov.cz/operation/1742235333604-cebc-bfa1-864b",
      "parent": "https://ofn.gov.cz/operation/1742235321698-ff66-18fb-a15c",
      "dataPsmResource": "https://ofn.gov.cz/attribute/1742235314087-7171-b181-9451",
      "dataPsmTechnicalLabel": "date_type"
    }
  ],
  "resources": {
    "c82768f3-8865-4e8a-8278-4b895c4f6ff4": {
      "types": [
        "https://ofn.gov.cz/slovník/psm/Schema"
      ],
      "iri": "c82768f3-8865-4e8a-8278-4b895c4f6ff4",
      "dataPsmHumanLabel": {
        "cs": "Time reference",
        "en": "Time reference"
      },
      "dataPsmHumanDescription": {
        "cs": "Datová struktura pro Time reference. A date on which something relative to the resource has happened.",
        "en": "Data structure for Time reference. A date on which something relative to the resource has happened."
      },
      "dataPsmTechnicalLabel": null,
      "dataPsmRoots": [
        "https://ofn.gov.cz/class/1742235299937-b17d-6f34-926d"
      ],
      "dataPsmParts": [
        "https://ofn.gov.cz/class/1742235299937-b17d-6f34-926d",
        "https://ofn.gov.cz/attribute/1742235314054-566f-39ac-8fcc",
        "https://ofn.gov.cz/attribute/1742235314087-7171-b181-9451",
        "https://ofn.gov.cz/attribute/1742235314118-e419-a6d2-8837"
      ]
    },
    "https://ofn.gov.cz/class/1742235299937-b17d-6f34-926d": {
      "types": [
        "https://ofn.gov.cz/slovník/psm/Class"
      ],
      "iri": "https://ofn.gov.cz/class/1742235299937-b17d-6f34-926d",
      "dataPsmHumanLabel": null,
      "dataPsmHumanDescription": null,
      "dataPsmTechnicalLabel": "time_reference",
      "dataPsmInterpretation": "x67cs7mr11m7w4riy7",
      "dataPsmExtends": [],
      "dataPsmParts": [
        "https://ofn.gov.cz/attribute/1742235314054-566f-39ac-8fcc",
        "https://ofn.gov.cz/attribute/1742235314087-7171-b181-9451",
        "https://ofn.gov.cz/attribute/1742235314118-e419-a6d2-8837"
      ],
      "dataPsmIsClosed": null
    },
    "https://ofn.gov.cz/attribute/1742235314054-566f-39ac-8fcc": {
      "types": [
        "https://ofn.gov.cz/slovník/psm/Attribute"
      ],
      "iri": "https://ofn.gov.cz/attribute/1742235314054-566f-39ac-8fcc",
      "dataPsmHumanLabel": null,
      "dataPsmHumanDescription": null,
      "dataPsmTechnicalLabel": "date_information",
      "dataPsmInterpretation": "iwwjtimp69m7yuc6g1",
      "dataPsmDatatype": "http://www.w3.org/2001/XMLSchema#string"
    },
    "https://ofn.gov.cz/attribute/1742235314087-7171-b181-9451": {
      "types": [
        "https://ofn.gov.cz/slovník/psm/Attribute"
      ],
      "iri": "https://ofn.gov.cz/attribute/1742235314087-7171-b181-9451",
      "dataPsmHumanLabel": null,
      "dataPsmHumanDescription": null,
      "dataPsmTechnicalLabel": "date_type",
      "dataPsmInterpretation": "4jx3a8qpiecm7ytvn95",
      "dataPsmDatatype": "http://www.w3.org/2001/XMLSchema#string"
    },
    "https://ofn.gov.cz/attribute/1742235314118-e419-a6d2-8837": {
      "types": [
        "https://ofn.gov.cz/slovník/psm/Attribute"
      ],
      "iri": "https://ofn.gov.cz/attribute/1742235314118-e419-a6d2-8837",
      "dataPsmHumanLabel": null,
      "dataPsmHumanDescription": null,
      "dataPsmTechnicalLabel": "date",
      "dataPsmInterpretation": "kchtsaq82arm7yttwj2",
      "dataPsmDatatype": "http://www.w3.org/2001/XMLSchema#date"
    }
  }
}