{
  "iri": "c82768f3-8865-4e8a-8278-4b895c4f6ff4",
  "types": [
    "http://dataspecer.com/resources/v1/psm"
  ],
  "userMetadata": {
    "label": {
      "cs": "Time reference",
      "en": "Time reference"
    },
    "description": {
      "cs": "Datová struktura pro Time reference. A date on which something relative to the resource has happened.",
      "en": "Data structure for Time reference. A date on which something relative to the resource has happened."
    }
  },
  "metadata": {
    "creationDate": "2025-03-17T18:14:54.560Z",
    "modificationDate": "2025-04-02T11:38:21.159Z"
  },
  "_version": 1,
  "_exportVersion": 1,
  "_exportedAt": "2025-04-02T11:39:20.796Z",
  "_exportedBy": "http://localhost:3100"
}