{
  "operations": [
    {
      "types": [
        "core-operation",
        "https://ofn.gov.cz/slovník/psm/CreateClass"
      ],
      "iri": "https://ofn.gov.cz/operation/1742235831208-47fc-05e8-babe",
      "parent": null,
      "dataPsmNewIri": null,
      "dataPsmInterpretation": "zpmrilt6hnm7yl9ajh",
      "dataPsmTechnicalLabel": "file",
      "dataPsmHumanLabel": null,
      "dataPsmHumanDescription": null,
      "dataPsmExtends": [],
      "dataPsmIsClosed": null
    },
    {
      "types": [
        "core-operation",
        "https://ofn.gov.cz/slovník/psm/SetRoots"
      ],
      "iri": "https://ofn.gov.cz/operation/1742235831244-f32a-7db9-bbb0",
      "parent": "https://ofn.gov.cz/operation/1742235831208-47fc-05e8-babe",
      "dataPsmRoots": [
        "https://ofn.gov.cz/class/1742235831207-776a-49bb-9ac1"
      ]
    },
    {
      "types": [
        "core-operation",
        "https://ofn.gov.cz/slovník/psm/SetHumanLabel"
      ],
      "iri": "https://ofn.gov.cz/operation/1742235831278-3c12-e67d-970e",
      "parent": "https://ofn.gov.cz/operation/1742235831244-f32a-7db9-bbb0",
      "dataPsmResource": "c92046f6-f408-4d39-8fe8-c83ecffb56cd",
      "dataPsmHumanLabel": {
        "cs": "File",
        "en": "File"
      }
    },
    {
      "types": [
        "core-operation",
        "https://ofn.gov.cz/slovník/psm/SetHumanDescription"
      ],
      "iri": "https://ofn.gov.cz/operation/1742235831309-dfab-8d7e-9582",
      "parent": "https://ofn.gov.cz/operation/1742235831278-3c12-e67d-970e",
      "dataPsmResource": "c92046f6-f408-4d39-8fe8-c83ecffb56cd",
      "dataPsmHumanDescription": {
        "cs": "Datová struktura pro File. Downloadable file in given format.",
        "en": "Data structure for File. Downloadable file in given format."
      }
    },
    {
      "types": [
        "core-operation",
        "https://ofn.gov.cz/slovník/psm/CreateAttribute"
      ],
      "iri": "https://ofn.gov.cz/operation/1742341222538-4f1c-2376-98db",
      "parent": "https://ofn.gov.cz/operation/1742235831309-dfab-8d7e-9582",
      "dataPsmNewIri": null,
      "dataPsmInterpretation": "wmzbwoxyi7m8f1wugr",
      "dataPsmTechnicalLabel": "label",
      "dataPsmHumanLabel": null,
      "dataPsmHumanDescription": null,
      "dataPsmOwner": "https://ofn.gov.cz/class/1742235831207-776a-49bb-9ac1",
      "dataPsmDatatype": "http://www.w3.org/1999/02/22-rdf-syntax-ns#langString"
    }
  ],
  "resources": {
    "c92046f6-f408-4d39-8fe8-c83ecffb56cd": {
      "types": [
        "https://ofn.gov.cz/slovník/psm/Schema"
      ],
      "iri": "c92046f6-f408-4d39-8fe8-c83ecffb56cd",
      "dataPsmHumanLabel": {
        "cs": "File",
        "en": "File"
      },
      "dataPsmHumanDescription": {
        "cs": "Datová struktura pro File. Downloadable file in given format.",
        "en": "Data structure for File. Downloadable file in given format."
      },
      "dataPsmTechnicalLabel": null,
      "dataPsmRoots": [
        "https://ofn.gov.cz/class/1742235831207-776a-49bb-9ac1"
      ],
      "dataPsmParts": [
        "https://ofn.gov.cz/class/1742235831207-776a-49bb-9ac1",
        "https://ofn.gov.cz/attribute/1742341222538-69a0-8ce3-ac2a"
      ]
    },
    "https://ofn.gov.cz/class/1742235831207-776a-49bb-9ac1": {
      "types": [
        "https://ofn.gov.cz/slovník/psm/Class"
      ],
      "iri": "https://ofn.gov.cz/class/1742235831207-776a-49bb-9ac1",
      "dataPsmHumanLabel": null,
      "dataPsmHumanDescription": null,
      "dataPsmTechnicalLabel": "file",
      "dataPsmInterpretation": "zpmrilt6hnm7yl9ajh",
      "dataPsmExtends": [],
      "dataPsmParts": [
        "https://ofn.gov.cz/attribute/1742341222538-69a0-8ce3-ac2a"
      ],
      "dataPsmIsClosed": null
    },
    "https://ofn.gov.cz/attribute/1742341222538-69a0-8ce3-ac2a": {
      "types": [
        "https://ofn.gov.cz/slovník/psm/Attribute"
      ],
      "iri": "https://ofn.gov.cz/attribute/1742341222538-69a0-8ce3-ac2a",
      "dataPsmHumanLabel": null,
      "dataPsmHumanDescription": null,
      "dataPsmTechnicalLabel": "label",
      "dataPsmInterpretation": "wmzbwoxyi7m8f1wugr",
      "dataPsmDatatype": "http://www.w3.org/1999/02/22-rdf-syntax-ns#langString"
    }
  }
}