{
  "iri": "c92046f6-f408-4d39-8fe8-c83ecffb56cd",
  "types": [
    "http://dataspecer.com/resources/v1/psm"
  ],
  "userMetadata": {
    "label": {
      "cs": "File",
      "en": "File"
    },
    "description": {
      "cs": "Datová struktura pro File. Downloadable file in given format.",
      "en": "Data structure for File. Downloadable file in given format."
    }
  },
  "metadata": {
    "creationDate": "2025-03-17T18:23:45.273Z",
    "modificationDate": "2025-03-20T12:22:54.940Z"
  },
  "_version": 1,
  "_exportVersion": 1,
  "_exportedAt": "2025-03-25T09:30:57.083Z",
  "_exportedBy": "http://localhost:3100"
}