{
  "operations": [
    {
      "types": [
        "core-operation",
        "https://ofn.gov.cz/slovník/psm/CreateClass"
      ],
      "iri": "https://ofn.gov.cz/operation/1742235441772-6ab0-ce00-8359",
      "parent": null,
      "dataPsmNewIri": null,
      "dataPsmInterpretation": "1zylaqq71pbm7x55j3o",
      "dataPsmTechnicalLabel": "funderIdentifier",
      "dataPsmHumanLabel": null,
      "dataPsmHumanDescription": null,
      "dataPsmExtends": [],
      "dataPsmIsClosed": null
    },
    {
      "types": [
        "core-operation",
        "https://ofn.gov.cz/slovník/psm/SetRoots"
      ],
      "iri": "https://ofn.gov.cz/operation/1742235441801-a6fc-d127-aa9e",
      "parent": "https://ofn.gov.cz/operation/1742235441772-6ab0-ce00-8359",
      "dataPsmRoots": [
        "https://ofn.gov.cz/class/1742235441772-8377-33b2-bc7b"
      ]
    },
    {
      "types": [
        "core-operation",
        "https://ofn.gov.cz/slovník/psm/SetHumanLabel"
      ],
      "iri": "https://ofn.gov.cz/operation/1742235441832-4217-0f5a-89ac",
      "parent": "https://ofn.gov.cz/operation/1742235441801-a6fc-d127-aa9e",
      "dataPsmResource": "cf829e45-a0bc-40db-b85e-42a437167143",
      "dataPsmHumanLabel": {
        "cs": "Funder identifier",
        "en": "Funder identifier"
      }
    },
    {
      "types": [
        "core-operation",
        "https://ofn.gov.cz/slovník/psm/SetHumanDescription"
      ],
      "iri": "https://ofn.gov.cz/operation/1742235441860-9808-c38d-95a1",
      "parent": "https://ofn.gov.cz/operation/1742235441832-4217-0f5a-89ac",
      "dataPsmResource": "cf829e45-a0bc-40db-b85e-42a437167143",
      "dataPsmHumanDescription": {
        "cs": "Datová struktura pro Funder identifier. Uniquely identifies a funding entity, according to various types.",
        "en": "Data structure for Funder identifier. Uniquely identifies a funding entity, according to various types."
      }
    },
    {
      "types": [
        "core-operation",
        "https://ofn.gov.cz/slovník/psm/SetTechnicalLabel"
      ],
      "iri": "https://ofn.gov.cz/operation/1742235449444-a2e4-757d-aebd",
      "parent": "https://ofn.gov.cz/operation/1742235441860-9808-c38d-95a1",
      "dataPsmResource": "https://ofn.gov.cz/class/1742235441772-8377-33b2-bc7b",
      "dataPsmTechnicalLabel": "funder_identifier"
    },
    {
      "types": [
        "core-operation",
        "https://ofn.gov.cz/slovník/psm/CreateAttribute"
      ],
      "iri": "https://ofn.gov.cz/operation/1742235454401-9fc4-7953-b3ea",
      "parent": "https://ofn.gov.cz/operation/1742235449444-a2e4-757d-aebd",
      "dataPsmNewIri": null,
      "dataPsmInterpretation": "17xmngaxiafm7x5ccd9",
      "dataPsmTechnicalLabel": "funderIdentifierSchemeUri",
      "dataPsmHumanLabel": null,
      "dataPsmHumanDescription": null,
      "dataPsmOwner": "https://ofn.gov.cz/class/1742235441772-8377-33b2-bc7b",
      "dataPsmDatatype": "http://www.w3.org/2001/XMLSchema#anyURI"
    },
    {
      "types": [
        "core-operation",
        "https://ofn.gov.cz/slovník/psm/CreateAttribute"
      ],
      "iri": "https://ofn.gov.cz/operation/1742235454436-795c-fe64-89d3",
      "parent": "https://ofn.gov.cz/operation/1742235454401-9fc4-7953-b3ea",
      "dataPsmNewIri": null,
      "dataPsmInterpretation": "sz57ijp2wemm7x5awc2",
      "dataPsmTechnicalLabel": "funderIdentifierType",
      "dataPsmHumanLabel": null,
      "dataPsmHumanDescription": null,
      "dataPsmOwner": "https://ofn.gov.cz/class/1742235441772-8377-33b2-bc7b",
      "dataPsmDatatype": "http://www.w3.org/2001/XMLSchema#anyURI"
    },
    {
      "types": [
        "core-operation",
        "https://ofn.gov.cz/slovník/psm/SetTechnicalLabel"
      ],
      "iri": "https://ofn.gov.cz/operation/1742235468430-e5cb-5a2f-b00c",
      "parent": "https://ofn.gov.cz/operation/1742235454436-795c-fe64-89d3",
      "dataPsmResource": "https://ofn.gov.cz/attribute/1742235454401-5f3c-0f04-a137",
      "dataPsmTechnicalLabel": "funder_identifier_scheme_uri"
    },
    {
      "types": [
        "core-operation",
        "https://ofn.gov.cz/slovník/psm/SetDataType"
      ],
      "iri": "https://ofn.gov.cz/operation/1742235479720-c8ca-3429-b5cc",
      "parent": "https://ofn.gov.cz/operation/1742235468430-e5cb-5a2f-b00c",
      "dataPsmAttribute": "https://ofn.gov.cz/attribute/1742235454436-b349-af91-89c5",
      "dataPsmDatatype": "http://www.w3.org/2001/XMLSchema#string"
    },
    {
      "types": [
        "core-operation",
        "https://ofn.gov.cz/slovník/psm/SetTechnicalLabel"
      ],
      "iri": "https://ofn.gov.cz/operation/1742339361078-24a3-ca4f-95f8",
      "parent": "https://ofn.gov.cz/operation/1742235479720-c8ca-3429-b5cc",
      "dataPsmResource": "https://ofn.gov.cz/attribute/1742235454436-b349-af91-89c5",
      "dataPsmTechnicalLabel": "funder_identifier_type"
    }
  ],
  "resources": {
    "cf829e45-a0bc-40db-b85e-42a437167143": {
      "types": [
        "https://ofn.gov.cz/slovník/psm/Schema"
      ],
      "iri": "cf829e45-a0bc-40db-b85e-42a437167143",
      "dataPsmHumanLabel": {
        "cs": "Funder identifier",
        "en": "Funder identifier"
      },
      "dataPsmHumanDescription": {
        "cs": "Datová struktura pro Funder identifier. Uniquely identifies a funding entity, according to various types.",
        "en": "Data structure for Funder identifier. Uniquely identifies a funding entity, according to various types."
      },
      "dataPsmTechnicalLabel": null,
      "dataPsmRoots": [
        "https://ofn.gov.cz/class/1742235441772-8377-33b2-bc7b"
      ],
      "dataPsmParts": [
        "https://ofn.gov.cz/class/1742235441772-8377-33b2-bc7b",
        "https://ofn.gov.cz/attribute/1742235454401-5f3c-0f04-a137",
        "https://ofn.gov.cz/attribute/1742235454436-b349-af91-89c5"
      ]
    },
    "https://ofn.gov.cz/class/1742235441772-8377-33b2-bc7b": {
      "types": [
        "https://ofn.gov.cz/slovník/psm/Class"
      ],
      "iri": "https://ofn.gov.cz/class/1742235441772-8377-33b2-bc7b",
      "dataPsmHumanLabel": null,
      "dataPsmHumanDescription": null,
      "dataPsmTechnicalLabel": "funder_identifier",
      "dataPsmInterpretation": "1zylaqq71pbm7x55j3o",
      "dataPsmExtends": [],
      "dataPsmParts": [
        "https://ofn.gov.cz/attribute/1742235454401-5f3c-0f04-a137",
        "https://ofn.gov.cz/attribute/1742235454436-b349-af91-89c5"
      ],
      "dataPsmIsClosed": null
    },
    "https://ofn.gov.cz/attribute/1742235454401-5f3c-0f04-a137": {
      "types": [
        "https://ofn.gov.cz/slovník/psm/Attribute"
      ],
      "iri": "https://ofn.gov.cz/attribute/1742235454401-5f3c-0f04-a137",
      "dataPsmHumanLabel": null,
      "dataPsmHumanDescription": null,
      "dataPsmTechnicalLabel": "funder_identifier_scheme_uri",
      "dataPsmInterpretation": "17xmngaxiafm7x5ccd9",
      "dataPsmDatatype": "http://www.w3.org/2001/XMLSchema#anyURI"
    },
    "https://ofn.gov.cz/attribute/1742235454436-b349-af91-89c5": {
      "types": [
        "https://ofn.gov.cz/slovník/psm/Attribute"
      ],
      "iri": "https://ofn.gov.cz/attribute/1742235454436-b349-af91-89c5",
      "dataPsmHumanLabel": null,
      "dataPsmHumanDescription": null,
      "dataPsmTechnicalLabel": "funder_identifier_type",
      "dataPsmInterpretation": "sz57ijp2wemm7x5awc2",
      "dataPsmDatatype": "http://www.w3.org/2001/XMLSchema#string"
    }
  }
}