{
  "operations": [
    {
      "types": [
        "core-operation",
        "https://ofn.gov.cz/slovník/psm/CreateClass"
      ],
      "iri": "https://ofn.gov.cz/operation/1742235441772-6ab0-ce00-8359",
      "parent": null,
      "dataPsmNewIri": null,
      "dataPsmInterpretation": "1zylaqq71pbm7x55j3o",
      "dataPsmTechnicalLabel": "funderIdentifier",
      "dataPsmHumanLabel": null,
      "dataPsmHumanDescription": null,
      "dataPsmExtends": [],
      "dataPsmIsClosed": null
    },
    {
      "types": [
        "core-operation",
        "https://ofn.gov.cz/slovník/psm/SetRoots"
      ],
      "iri": "https://ofn.gov.cz/operation/1742235441801-a6fc-d127-aa9e",
      "parent": "https://ofn.gov.cz/operation/1742235441772-6ab0-ce00-8359",
      "dataPsmRoots": [
        "https://ofn.gov.cz/class/1742235441772-8377-33b2-bc7b"
      ]
    },
    {
      "types": [
        "core-operation",
        "https://ofn.gov.cz/slovník/psm/SetHumanLabel"
      ],
      "iri": "https://ofn.gov.cz/operation/1742235441832-4217-0f5a-89ac",
      "parent": "https://ofn.gov.cz/operation/1742235441801-a6fc-d127-aa9e",
      "dataPsmResource": "cf829e45-a0bc-40db-b85e-42a437167143",
      "dataPsmHumanLabel": {
        "cs": "Funder identifier",
        "en": "Funder identifier"
      }
    },
    {
      "types": [
        "core-operation",
        "https://ofn.gov.cz/slovník/psm/SetHumanDescription"
      ],
      "iri": "https://ofn.gov.cz/operation/1742235441860-9808-c38d-95a1",
      "parent": "https://ofn.gov.cz/operation/1742235441832-4217-0f5a-89ac",
      "dataPsmResource": "cf829e45-a0bc-40db-b85e-42a437167143",
      "dataPsmHumanDescription": {
        "cs": "Datová struktura pro Funder identifier. Uniquely identifies a funding entity, according to various types.",
        "en": "Data structure for Funder identifier. Uniquely identifies a funding entity, according to various types."
      }
    },
    {
      "types": [
        "core-operation",
        "https://ofn.gov.cz/slovník/psm/SetTechnicalLabel"
      ],
      "iri": "https://ofn.gov.cz/operation/1742235449444-a2e4-757d-aebd",
      "parent": "https://ofn.gov.cz/operation/1742235441860-9808-c38d-95a1",
      "dataPsmResource": "https://ofn.gov.cz/class/1742235441772-8377-33b2-bc7b",
      "dataPsmTechnicalLabel": "funder_identifier"
    },
    {
      "types": [
        "core-operation",
        "https://ofn.gov.cz/slovník/psm/CreateAttribute"
      ],
      "iri": "https://ofn.gov.cz/operation/1742235454401-9fc4-7953-b3ea",
      "parent": "https://ofn.gov.cz/operation/1742235449444-a2e4-757d-aebd",
      "dataPsmNewIri": null,
      "dataPsmInterpretation": "17xmngaxiafm7x5ccd9",
      "dataPsmTechnicalLabel": "funderIdentifierSchemeUri",
      "dataPsmHumanLabel": null,
      "dataPsmHumanDescription": null,
      "dataPsmOwner": "https://ofn.gov.cz/class/1742235441772-8377-33b2-bc7b",
      "dataPsmDatatype": "http://www.w3.org/2001/XMLSchema#anyURI"
    },
    {
      "types": [
        "core-operation",
        "https://ofn.gov.cz/slovník/psm/CreateAttribute"
      ],
      "iri": "https://ofn.gov.cz/operation/1742235454436-795c-fe64-89d3",
      "parent": "https://ofn.gov.cz/operation/1742235454401-9fc4-7953-b3ea",
      "dataPsmNewIri": null,
      "dataPsmInterpretation": "sz57ijp2wemm7x5awc2",
      "dataPsmTechnicalLabel": "funderIdentifierType",
      "dataPsmHumanLabel": null,
      "dataPsmHumanDescription": null,
      "dataPsmOwner": "https://ofn.gov.cz/class/1742235441772-8377-33b2-bc7b",
      "dataPsmDatatype": "http://www.w3.org/2001/XMLSchema#anyURI"
    },
    {
      "types": [
        "core-operation",
        "https://ofn.gov.cz/slovník/psm/SetTechnicalLabel"
      ],
      "iri": "https://ofn.gov.cz/operation/1742235468430-e5cb-5a2f-b00c",
      "parent": "https://ofn.gov.cz/operation/1742235454436-795c-fe64-89d3",
      "dataPsmResource": "https://ofn.gov.cz/attribute/1742235454401-5f3c-0f04-a137",
      "dataPsmTechnicalLabel": "funder_identifier_scheme_uri"
    },
    {
      "types": [
        "core-operation",
        "https://ofn.gov.cz/slovník/psm/SetDataType"
      ],
      "iri": "https://ofn.gov.cz/operation/1742235479720-c8ca-3429-b5cc",
      "parent": "https://ofn.gov.cz/operation/1742235468430-e5cb-5a2f-b00c",
      "dataPsmAttribute": "https://ofn.gov.cz/attribute/1742235454436-b349-af91-89c5",
      "dataPsmDatatype": "http://www.w3.org/2001/XMLSchema#string"
    },
    {
      "types": [
        "core-operation",
        "https://ofn.gov.cz/slovník/psm/SetTechnicalLabel"
      ],
      "iri": "https://ofn.gov.cz/operation/1742339361078-24a3-ca4f-95f8",
      "parent": "https://ofn.gov.cz/operation/1742235479720-c8ca-3429-b5cc",
      "dataPsmResource": "https://ofn.gov.cz/attribute/1742235454436-b349-af91-89c5",
      "dataPsmTechnicalLabel": "funder_identifier_type"
    },
    {
      "types": [
        "core-operation",
        "https://ofn.gov.cz/slovník/psm/DeleteAttribute"
      ],
      "iri": "https://ofn.gov.cz/operation/1743590021817-59c6-afb0-92ba",
      "parent": "https://ofn.gov.cz/operation/1742339361078-24a3-ca4f-95f8",
      "dataPsmOwner": "https://ofn.gov.cz/class/1742235441772-8377-33b2-bc7b",
      "dataPsmAttribute": "https://ofn.gov.cz/attribute/1742235454401-5f3c-0f04-a137"
    },
    {
      "types": [
        "core-operation",
        "https://ofn.gov.cz/slovník/psm/DeleteAttribute"
      ],
      "iri": "https://ofn.gov.cz/operation/1743590023096-c551-f39f-9159",
      "parent": "https://ofn.gov.cz/operation/1743590021817-59c6-afb0-92ba",
      "dataPsmOwner": "https://ofn.gov.cz/class/1742235441772-8377-33b2-bc7b",
      "dataPsmAttribute": "https://ofn.gov.cz/attribute/1742235454436-b349-af91-89c5"
    },
    {
      "types": [
        "core-operation",
        "https://ofn.gov.cz/slovník/psm/CreateAttribute"
      ],
      "iri": "https://ofn.gov.cz/operation/1743590028020-4e78-4ed8-a4e7",
      "parent": "https://ofn.gov.cz/operation/1743590023096-c551-f39f-9159",
      "dataPsmNewIri": null,
      "dataPsmInterpretation": "5lkfqjs8eyhm8msl6ql",
      "dataPsmTechnicalLabel": "funder_name",
      "dataPsmHumanLabel": null,
      "dataPsmHumanDescription": null,
      "dataPsmOwner": "https://ofn.gov.cz/class/1742235441772-8377-33b2-bc7b",
      "dataPsmDatatype": "http://www.w3.org/2001/XMLSchema#string"
    },
    {
      "types": [
        "core-operation",
        "https://ofn.gov.cz/slovník/psm/CreateClass"
      ],
      "iri": "https://ofn.gov.cz/operation/1743590028064-cea8-c00e-a045",
      "parent": "https://ofn.gov.cz/operation/1743590028020-4e78-4ed8-a4e7",
      "dataPsmNewIri": null,
      "dataPsmInterpretation": "jn4pliugvvm8ezs3kk",
      "dataPsmTechnicalLabel": "identifier",
      "dataPsmHumanLabel": null,
      "dataPsmHumanDescription": null,
      "dataPsmExtends": [],
      "dataPsmIsClosed": null
    },
    {
      "types": [
        "core-operation",
        "https://ofn.gov.cz/slovník/psm/CreateAssociationEnd"
      ],
      "iri": "https://ofn.gov.cz/operation/1743590028104-e1ef-5ab0-9b0e",
      "parent": "https://ofn.gov.cz/operation/1743590028064-cea8-c00e-a045",
      "dataPsmNewIri": null,
      "dataPsmInterpretation": "v6gahl8o4esm8zr8inn",
      "dataPsmTechnicalLabel": "has_identifier",
      "dataPsmHumanLabel": null,
      "dataPsmHumanDescription": null,
      "dataPsmOwner": "https://ofn.gov.cz/class/1742235441772-8377-33b2-bc7b",
      "dataPsmPart": "https://ofn.gov.cz/class/1743590028064-7be1-7f47-9860",
      "dataPsmIsReverse": false,
      "dataPsmIsDematerialize": null
    },
    {
      "types": [
        "core-operation",
        "https://ofn.gov.cz/slovník/psm/SetTechnicalLabel"
      ],
      "iri": "https://ofn.gov.cz/operation/1743590036005-bc6c-8d40-bd05",
      "parent": "https://ofn.gov.cz/operation/1743590028104-e1ef-5ab0-9b0e",
      "dataPsmResource": "https://ofn.gov.cz/association/1743590028104-096a-1f3d-ae43",
      "dataPsmTechnicalLabel": "identifier"
    },
    {
      "types": [
        "core-operation",
        "https://ofn.gov.cz/slovník/psm/CreateClassReference"
      ],
      "iri": "https://ofn.gov.cz/operation/1743595202028-839b-7342-ace5",
      "parent": "https://ofn.gov.cz/operation/1743590036005-bc6c-8d40-bd05",
      "dataPsmNewIri": null,
      "dataPsmSpecification": "e4bb0f83-fd28-4b0b-8f74-6160a258796f",
      "dataPsmClass": "https://ofn.gov.cz/class/1742340169817-84a9-ded1-a656"
    },
    {
      "types": [
        "core-operation",
        "https://ofn.gov.cz/slovník/psm/SetPart"
      ],
      "iri": "https://ofn.gov.cz/operation/1743595202028-8314-daa5-9e1b",
      "parent": "https://ofn.gov.cz/operation/1743595202028-839b-7342-ace5",
      "dataPsmAssociationEnd": "https://ofn.gov.cz/association/1743590028104-096a-1f3d-ae43",
      "dataPsmPart": "https://ofn.gov.cz/class-reference/1743595202027-7a7c-e08a-9784"
    },
    {
      "types": [
        "core-operation",
        "https://ofn.gov.cz/slovník/psm/DeleteClass"
      ],
      "iri": "https://ofn.gov.cz/operation/1743595202035-cb42-74ac-bae5",
      "parent": "https://ofn.gov.cz/operation/1743595202028-8314-daa5-9e1b",
      "dataPsmClass": "https://ofn.gov.cz/class/1743590028064-7be1-7f47-9860"
    }
  ],
  "resources": {
    "cf829e45-a0bc-40db-b85e-42a437167143": {
      "types": [
        "https://ofn.gov.cz/slovník/psm/Schema"
      ],
      "iri": "cf829e45-a0bc-40db-b85e-42a437167143",
      "dataPsmHumanLabel": {
        "cs": "Funder identifier",
        "en": "Funder identifier"
      },
      "dataPsmHumanDescription": {
        "cs": "Datová struktura pro Funder identifier. Uniquely identifies a funding entity, according to various types.",
        "en": "Data structure for Funder identifier. Uniquely identifies a funding entity, according to various types."
      },
      "dataPsmTechnicalLabel": null,
      "dataPsmRoots": [
        "https://ofn.gov.cz/class/1742235441772-8377-33b2-bc7b"
      ],
      "dataPsmParts": [
        "https://ofn.gov.cz/class/1742235441772-8377-33b2-bc7b",
        "https://ofn.gov.cz/attribute/1743590028019-a127-9ca4-99b2",
        "https://ofn.gov.cz/association/1743590028104-096a-1f3d-ae43",
        "https://ofn.gov.cz/class-reference/1743595202027-7a7c-e08a-9784"
      ]
    },
    "https://ofn.gov.cz/class/1742235441772-8377-33b2-bc7b": {
      "types": [
        "https://ofn.gov.cz/slovník/psm/Class"
      ],
      "iri": "https://ofn.gov.cz/class/1742235441772-8377-33b2-bc7b",
      "dataPsmHumanLabel": null,
      "dataPsmHumanDescription": null,
      "dataPsmTechnicalLabel": "funder_identifier",
      "dataPsmInterpretation": "1zylaqq71pbm7x55j3o",
      "dataPsmExtends": [],
      "dataPsmParts": [
        "https://ofn.gov.cz/attribute/1743590028019-a127-9ca4-99b2",
        "https://ofn.gov.cz/association/1743590028104-096a-1f3d-ae43"
      ],
      "dataPsmIsClosed": null
    },
    "https://ofn.gov.cz/attribute/1743590028019-a127-9ca4-99b2": {
      "types": [
        "https://ofn.gov.cz/slovník/psm/Attribute"
      ],
      "iri": "https://ofn.gov.cz/attribute/1743590028019-a127-9ca4-99b2",
      "dataPsmHumanLabel": null,
      "dataPsmHumanDescription": null,
      "dataPsmTechnicalLabel": "funder_name",
      "dataPsmInterpretation": "5lkfqjs8eyhm8msl6ql",
      "dataPsmDatatype": "http://www.w3.org/2001/XMLSchema#string"
    },
    "https://ofn.gov.cz/association/1743590028104-096a-1f3d-ae43": {
      "types": [
        "https://ofn.gov.cz/slovník/psm/AssociationEnd"
      ],
      "iri": "https://ofn.gov.cz/association/1743590028104-096a-1f3d-ae43",
      "dataPsmHumanLabel": null,
      "dataPsmHumanDescription": null,
      "dataPsmTechnicalLabel": "identifier",
      "dataPsmInterpretation": "v6gahl8o4esm8zr8inn",
      "dataPsmPart": "https://ofn.gov.cz/class-reference/1743595202027-7a7c-e08a-9784",
      "dataPsmIsReverse": false,
      "dataPsmIsDematerialize": null
    },
    "https://ofn.gov.cz/class-reference/1743595202027-7a7c-e08a-9784": {
      "types": [
        "https://ofn.gov.cz/slovník/psm/ClassReference"
      ],
      "iri": "https://ofn.gov.cz/class-reference/1743595202027-7a7c-e08a-9784",
      "dataPsmSpecification": "e4bb0f83-fd28-4b0b-8f74-6160a258796f",
      "dataPsmClass": "https://ofn.gov.cz/class/1742340169817-84a9-ded1-a656"
    }
  }
}