{
  "iri": "cf829e45-a0bc-40db-b85e-42a437167143",
  "types": [
    "http://dataspecer.com/resources/v1/psm"
  ],
  "userMetadata": {
    "label": {
      "cs": "Funder identifier",
      "en": "Funder identifier"
    },
    "description": {
      "cs": "Datová struktura pro Funder identifier. Uniquely identifies a funding entity, according to various types.",
      "en": "Data structure for Funder identifier. Uniquely identifies a funding entity, according to various types."
    }
  },
  "metadata": {
    "creationDate": "2025-03-17T18:17:16.162Z",
    "modificationDate": "2025-03-19T08:45:08.998Z"
  },
  "_version": 1,
  "_exportVersion": 1,
  "_exportedAt": "2025-03-19T09:35:11.936Z",
  "_exportedBy": "http://localhost:3100"
}