{
  "identifier": "d19697d9-b1fe-427a-874b-0a537119a6e7",
  "version": 1,
  "type": "http://dataspecer.com/resources/local/visual-model",
  "entities": [
    {
      "identifier": "d19697d9-b1fe-427a-874b-0a537119a6e7-model-metadata-entity",
      "type": [
        "entity-model-type"
      ],
      "label": {
        "en": "View for Czech Core Metadata Model"
      }
    },
    {
      "type": [
        "http://dataspecer.com/resources/local/visual-model"
      ],
      "representedModel": "6b12e77a-aa55-4287-9040-782a3a77caab",
      "color": "#70d6ff",
      "identifier": "5vgmmf"
    },
    {
      "type": [
        "http://dataspecer.com/resources/local/visual-model"
      ],
      "representedModel": "d54a372a-b13d-479f-b8d8-2ce4c9a06b25/3fc2aec7-c0f7-441a-9610-ca5cb2ef41fb/vocabulary",
      "color": "#ff9770",
      "identifier": "jhbvd"
    },
    {
      "type": [
        "http://dataspecer.com/resources/local/visual-model"
      ],
      "representedModel": "d54a372a-b13d-479f-b8d8-2ce4c9a06b25/5f145e56-0f86-4cec-b3ad-f09e505d07e2/1bd4cf32-20b7-43ab-94e6-c3b5c37c4fe8",
      "color": "#8da266",
      "identifier": "nvq8z"
    },
    {
      "type": [
        "http://dataspecer.com/resources/local/visual-model"
      ],
      "representedModel": "d54a372a-b13d-479f-b8d8-2ce4c9a06b25/5f145e56-0f86-4cec-b3ad-f09e505d07e2/913c2858-2326-4212-8fb6-b69cd0ec5fa9",
      "color": "#ff848b",
      "identifier": "rmuhm"
    },
    {
      "type": [
        "http://dataspecer.com/resources/local/visual-model"
      ],
      "representedModel": "d54a372a-b13d-479f-b8d8-2ce4c9a06b25/5f145e56-0f86-4cec-b3ad-f09e505d07e2/profile",
      "color": "#4dc9ab",
      "identifier": "571op"
    },
    {
      "type": [
        "http://dataspecer.com/resources/local/visual-model"
      ],
      "representedModel": "d54a372a-b13d-479f-b8d8-2ce4c9a06b25/5f145e56-0f86-4cec-b3ad-f09e505d07e2/4b9668fa-ddbf-46ce-8f81-67fb48eb153c/5be4aff5-30d5-4f69-8da2-fdbe9b00e179",
      "color": "#8fab5c",
      "identifier": "mr7tx"
    },
    {
      "type": [
        "http://dataspecer.com/resources/local/visual-model"
      ],
      "representedModel": "d54a372a-b13d-479f-b8d8-2ce4c9a06b25/5f145e56-0f86-4cec-b3ad-f09e505d07e2/4b9668fa-ddbf-46ce-8f81-67fb48eb153c/8bc4fc2d-3ea6-4d64-8b2d-2eb2180aaf9e",
      "color": "#92bcea",
      "identifier": "vyw9q"
    },
    {
      "type": [
        "http://dataspecer.com/resources/local/visual-model"
      ],
      "representedModel": "d54a372a-b13d-479f-b8d8-2ce4c9a06b25/5f145e56-0f86-4cec-b3ad-f09e505d07e2/4b9668fa-ddbf-46ce-8f81-67fb48eb153c/66c73eef-9ef3-4e52-bd52-77db86982a79",
      "color": "#b8a3d3",
      "identifier": "42sg7"
    },
    {
      "type": [
        "http://dataspecer.com/resources/local/visual-model"
      ],
      "representedModel": "d54a372a-b13d-479f-b8d8-2ce4c9a06b25/5f145e56-0f86-4cec-b3ad-f09e505d07e2/4b9668fa-ddbf-46ce-8f81-67fb48eb153c/4895f7c1-31fe-461c-b9f3-015a2c54ec80",
      "color": "#b8a3d3",
      "identifier": "4jvku"
    },
    {
      "type": [
        "http://dataspecer.com/resources/local/visual-model"
      ],
      "representedModel": "d54a372a-b13d-479f-b8d8-2ce4c9a06b25/5f145e56-0f86-4cec-b3ad-f09e505d07e2/4b9668fa-ddbf-46ce-8f81-67fb48eb153c/36fa6ef5-1a44-485c-bba2-a61dd83cc35e",
      "color": "#b4e33d",
      "identifier": "wrewk"
    },
    {
      "type": [
        "http://dataspecer.com/resources/local/visual-model"
      ],
      "representedModel": "d54a372a-b13d-479f-b8d8-2ce4c9a06b25/5f145e56-0f86-4cec-b3ad-f09e505d07e2/4b9668fa-ddbf-46ce-8f81-67fb48eb153c/0f98cc60-2efa-4ded-a947-19ab0b01c6ea",
      "color": "#e63462",
      "identifier": "9zaxu"
    },
    {
      "type": [
        "http://dataspecer.com/resources/local/visual-model"
      ],
      "representedModel": "d54a372a-b13d-479f-b8d8-2ce4c9a06b25/5f145e56-0f86-4cec-b3ad-f09e505d07e2/4b9668fa-ddbf-46ce-8f81-67fb48eb153c/4fd7c46e-72ef-4448-aab4-634d3a9cbfb2",
      "color": "#ffd670",
      "identifier": "t2p9tk"
    },
    {
      "type": [
        "http://dataspecer.com/resources/local/visual-model"
      ],
      "representedModel": "d54a372a-b13d-479f-b8d8-2ce4c9a06b25/5f145e56-0f86-4cec-b3ad-f09e505d07e2/4b9668fa-ddbf-46ce-8f81-67fb48eb153c/09f95a19-8bb3-410e-a4c6-90610f4ed5c0",
      "color": "#92bcea",
      "identifier": "727ryj"
    },
    {
      "type": [
        "http://dataspecer.com/resources/local/visual-model"
      ],
      "representedModel": "d54a372a-b13d-479f-b8d8-2ce4c9a06b25/5f145e56-0f86-4cec-b3ad-f09e505d07e2/4b9668fa-ddbf-46ce-8f81-67fb48eb153c/943c4055-93c4-4717-a624-a89ec642dd0a",
      "color": "#b8d6b8",
      "identifier": "lu2n"
    },
    {
      "type": [
        "http://dataspecer.com/resources/local/visual-model"
      ],
      "representedModel": "d54a372a-b13d-479f-b8d8-2ce4c9a06b25/5f145e56-0f86-4cec-b3ad-f09e505d07e2/4b9668fa-ddbf-46ce-8f81-67fb48eb153c/d79d7093-5663-49b1-8431-34ae4399876b",
      "color": "#4dc9ab",
      "identifier": "gqks1"
    },
    {
      "type": [
        "http://dataspecer.com/resources/local/visual-model"
      ],
      "representedModel": "d54a372a-b13d-479f-b8d8-2ce4c9a06b25/5f145e56-0f86-4cec-b3ad-f09e505d07e2/4b9668fa-ddbf-46ce-8f81-67fb48eb153c/d4c5cc23-79e1-4d34-81a1-daa697ac0c5d",
      "color": "#b4e33d",
      "identifier": "jv8bb"
    },
    {
      "type": [
        "http://dataspecer.com/resources/local/visual-model"
      ],
      "representedModel": "d54a372a-b13d-479f-b8d8-2ce4c9a06b25/5f145e56-0f86-4cec-b3ad-f09e505d07e2/4b9668fa-ddbf-46ce-8f81-67fb48eb153c/5288c275-827a-4074-a44e-b2262491cf2b",
      "color": "#fc440f",
      "identifier": "hfzrg"
    },
    {
      "type": [
        "http://dataspecer.com/resources/local/visual-model"
      ],
      "representedModel": "d54a372a-b13d-479f-b8d8-2ce4c9a06b25/5f145e56-0f86-4cec-b3ad-f09e505d07e2/4b9668fa-ddbf-46ce-8f81-67fb48eb153c/90d30124-be10-47d8-9aa5-76f5caab7f29",
      "color": "#ffd670",
      "identifier": "w08uy"
    },
    {
      "type": [
        "http://dataspecer.com/resources/local/visual-model"
      ],
      "representedModel": "d54a372a-b13d-479f-b8d8-2ce4c9a06b25/5f145e56-0f86-4cec-b3ad-f09e505d07e2/4b9668fa-ddbf-46ce-8f81-67fb48eb153c/profile",
      "color": "#8da266",
      "identifier": "g1gl6"
    },
    {
      "model": "6b12e77a-aa55-4287-9040-782a3a77caab",
      "representedEntity": "om5comjjt99m7udffm4",
      "position": {
        "x": 570,
        "y": 480
      },
      "content": [
        "pr7l6lia19im7ue44i4",
        "17flw63qo4mm7uf5jtu",
        "qytsolxsbmom7uff1l2",
        "quad45adrm7ufgx9g",
        "6xspx0649plm7ufjxj4",
        "qmpbjiqct4m7ufkkqe",
        "3xvvqzcs9r3m7ugf9av"
      ],
      "visualModels": [],
      "type": [
        "visual-node"
      ],
      "identifier": "1jrn6"
    },
    {
      "model": "6b12e77a-aa55-4287-9040-782a3a77caab",
      "representedEntity": "pgsp7mo03vm7ufmeux",
      "position": {
        "x": 1620,
        "y": 900
      },
      "content": [],
      "visualModels": [],
      "type": [
        "visual-node"
      ],
      "identifier": "klzbv"
    },
    {
      "model": "6b12e77a-aa55-4287-9040-782a3a77caab",
      "representedEntity": "x2rhgh5297cm7ufqdik",
      "position": {
        "x": 1840,
        "y": 1080
      },
      "content": [
        "h1mov9hrhilm7x90svc",
        "pr9da4h44om7x91fmq",
        "byngyaid4fhm8zrary8"
      ],
      "visualModels": [],
      "type": [
        "visual-node"
      ],
      "identifier": "brptz"
    },
    {
      "model": "6b12e77a-aa55-4287-9040-782a3a77caab",
      "representedEntity": "k7cmsrcsg3am7ufqxec",
      "position": {
        "x": 1170,
        "y": 1080
      },
      "content": [
        "0396ztfnfgl4m7xeyrrf",
        "h30uw2fyqqjm7xezfls"
      ],
      "visualModels": [],
      "type": [
        "visual-node"
      ],
      "identifier": "7xg98"
    },
    {
      "type": [
        "http://dataspecer.com/resources/local/visual-model"
      ],
      "representedModel": "d54a372a-b13d-479f-b8d8-2ce4c9a06b25/9139b5f2-fd23-40b1-8ab8-8b597d301efa/vocabulary",
      "color": "#b4e33d",
      "identifier": "2lnu8"
    },
    {
      "model": "6b12e77a-aa55-4287-9040-782a3a77caab",
      "representedEntity": "qoxvp22u9edm7vwe1wv",
      "position": {
        "x": -150,
        "y": 750
      },
      "content": [
        "22kw9alpa6im7ynkddi",
        "l28llekl1qjm7ynly32",
        "makwws0s2xjm7ynnos7"
      ],
      "visualModels": [],
      "type": [
        "visual-node"
      ],
      "identifier": "sczyr"
    },
    {
      "model": "6b12e77a-aa55-4287-9040-782a3a77caab",
      "representedRelationship": "z9norio9nym7vszu86",
      "waypoints": [],
      "visualSource": "1jrn6",
      "visualTarget": "gouv0h",
      "type": [
        "visual-relationship"
      ],
      "identifier": "ca0xg"
    },
    {
      "model": "6b12e77a-aa55-4287-9040-782a3a77caab",
      "representedRelationship": "ml68akjmkogm7vxw0w8",
      "waypoints": [],
      "visualSource": "1jrn6",
      "visualTarget": "sczyr",
      "type": [
        "visual-relationship"
      ],
      "identifier": "s5d4a"
    },
    {
      "model": "6b12e77a-aa55-4287-9040-782a3a77caab",
      "representedEntity": "20408q8bdi8m7vzq7wn",
      "position": {
        "x": 1270,
        "y": 90
      },
      "content": [
        "hm6o81lvm2m7x51ibf",
        "afhtai48zdkm7x530k8",
        "4wyrlp0o1zam7x58tfc"
      ],
      "visualModels": [],
      "type": [
        "visual-node"
      ],
      "identifier": "8u36y"
    },
    {
      "model": "6b12e77a-aa55-4287-9040-782a3a77caab",
      "representedRelationship": "vcy7awjrlzkm7vzqrpr",
      "waypoints": [],
      "visualSource": "1jrn6",
      "visualTarget": "8u36y",
      "type": [
        "visual-relationship"
      ],
      "identifier": "ob577"
    },
    {
      "model": "6b12e77a-aa55-4287-9040-782a3a77caab",
      "representedEntity": "457s6m8lfwsm7vztk7v",
      "position": {
        "x": -360,
        "y": 590
      },
      "content": [
        "7ks7cjyp32bm7xj7x27"
      ],
      "visualModels": [],
      "type": [
        "visual-node"
      ],
      "identifier": "pmtsz"
    },
    {
      "model": "6b12e77a-aa55-4287-9040-782a3a77caab",
      "representedRelationship": "vacxp2hps2fm7vzv8xx",
      "waypoints": [],
      "visualSource": "1jrn6",
      "visualTarget": "pmtsz",
      "type": [
        "visual-relationship"
      ],
      "identifier": "oxlkl"
    },
    {
      "model": "6b12e77a-aa55-4287-9040-782a3a77caab",
      "representedEntity": "ytab28dh3irm7vzz4fs",
      "position": {
        "x": -220,
        "y": 460
      },
      "content": [
        "t8wxss1vn3m8f22ub8"
      ],
      "visualModels": [],
      "type": [
        "visual-node"
      ],
      "identifier": "05qej"
    },
    {
      "model": "6b12e77a-aa55-4287-9040-782a3a77caab",
      "representedRelationship": "w3cks4rn13lm7w0xhmg",
      "waypoints": [],
      "visualSource": "1jrn6",
      "visualTarget": "05qej",
      "type": [
        "visual-relationship"
      ],
      "identifier": "l7fqm"
    },
    {
      "model": "6b12e77a-aa55-4287-9040-782a3a77caab",
      "representedEntity": "2coeqes9w8fm7w108cs",
      "position": {
        "x": 160,
        "y": 180
      },
      "content": [
        "hpa5fd000i6m7ypvs4e",
        "pmk8ngrc1mjm7ypxnhp",
        "t9fly9gm77m7ypyou5"
      ],
      "visualModels": [],
      "type": [
        "visual-node"
      ],
      "identifier": "a90lj"
    },
    {
      "model": "6b12e77a-aa55-4287-9040-782a3a77caab",
      "representedRelationship": "kytzkq9kn5lm7w10y9x",
      "waypoints": [],
      "visualSource": "1jrn6",
      "visualTarget": "a90lj",
      "type": [
        "visual-relationship"
      ],
      "identifier": "eeyrd"
    },
    {
      "model": "6b12e77a-aa55-4287-9040-782a3a77caab",
      "representedEntity": "pxybpkdil5lm7w19him",
      "position": {
        "x": 650,
        "y": 1020
      },
      "content": [
        "y8q8sx1k6iqm7w3r862",
        "vhvnvov86usm7w3u6j1",
        "bt5l1hscvmm7w3y9x0",
        "dttou9ndgvfm8zsa5cv"
      ],
      "visualModels": [],
      "type": [
        "visual-node"
      ],
      "identifier": "gouv0h"
    },
    {
      "model": "6b12e77a-aa55-4287-9040-782a3a77caab",
      "representedEntity": "x67cs7mr11m7w4riy7",
      "position": {
        "x": 170,
        "y": 1300
      },
      "content": [
        "kchtsaq82arm7yttwj2",
        "4jx3a8qpiecm7ytvn95",
        "iwwjtimp69m7yuc6g1"
      ],
      "visualModels": [],
      "type": [
        "visual-node"
      ],
      "identifier": "nglsj"
    },
    {
      "model": "6b12e77a-aa55-4287-9040-782a3a77caab",
      "representedRelationship": "b30c5ypowwrm7w4vdjj",
      "waypoints": [],
      "visualSource": "gouv0h",
      "visualTarget": "nglsj",
      "type": [
        "visual-relationship"
      ],
      "identifier": "bl25q"
    },
    {
      "model": "6b12e77a-aa55-4287-9040-782a3a77caab",
      "representedRelationship": "iscv6g8ekam7w4xok4",
      "waypoints": [],
      "visualSource": "1jrn6",
      "visualTarget": "nglsj",
      "type": [
        "visual-relationship"
      ],
      "identifier": "shyhsi"
    },
    {
      "model": "6b12e77a-aa55-4287-9040-782a3a77caab",
      "representedEntity": "5efwrun05sam7w6d54p",
      "position": {
        "x": 1190,
        "y": 660
      },
      "content": [],
      "visualModels": [],
      "type": [
        "visual-node"
      ],
      "identifier": "cbuqx"
    },
    {
      "model": "6b12e77a-aa55-4287-9040-782a3a77caab",
      "representedRelationship": "usml139p1wm7w6m051",
      "waypoints": [],
      "visualSource": "1jrn6",
      "visualTarget": "cbuqx",
      "type": [
        "visual-relationship"
      ],
      "identifier": "uj65s"
    },
    {
      "model": "6b12e77a-aa55-4287-9040-782a3a77caab",
      "representedRelationship": "xgmi51m5esm7w6p75c",
      "waypoints": [],
      "visualSource": "cbuqx",
      "visualTarget": "klzbv",
      "type": [
        "visual-relationship"
      ],
      "identifier": "k4p40j"
    },
    {
      "model": "6b12e77a-aa55-4287-9040-782a3a77caab",
      "representedEntity": "ppu00famb3am7w6qsdm",
      "position": {
        "x": 1940,
        "y": 730
      },
      "content": [
        "k1mch2oi1gm8o9ztmd"
      ],
      "visualModels": [],
      "type": [
        "visual-node"
      ],
      "identifier": "noaap"
    },
    {
      "model": "6b12e77a-aa55-4287-9040-782a3a77caab",
      "representedRelationship": "7ezk2krx8crm7w6shit",
      "waypoints": [],
      "visualSource": "cbuqx",
      "visualTarget": "noaap",
      "type": [
        "visual-relationship"
      ],
      "identifier": "gdd7q"
    },
    {
      "model": "6b12e77a-aa55-4287-9040-782a3a77caab",
      "representedRelationship": "vfryag0fpq8m7w808t2",
      "waypoints": [],
      "visualSource": "gouv0h",
      "visualTarget": "cbuqx",
      "type": [
        "visual-relationship"
      ],
      "identifier": "ksrzl"
    },
    {
      "model": "6b12e77a-aa55-4287-9040-782a3a77caab",
      "representedEntity": "1zylaqq71pbm7x55j3o",
      "position": {
        "x": 1930,
        "y": 120
      },
      "content": [
        "5lkfqjs8eyhm8msl6ql"
      ],
      "visualModels": [],
      "type": [
        "visual-node"
      ],
      "identifier": "ccf0yk"
    },
    {
      "model": "6b12e77a-aa55-4287-9040-782a3a77caab",
      "representedRelationship": "jiikz8g306m7x570fs",
      "waypoints": [],
      "visualSource": "8u36y",
      "visualTarget": "ccf0yk",
      "type": [
        "visual-relationship"
      ],
      "identifier": "djxu8"
    },
    {
      "model": "6b12e77a-aa55-4287-9040-782a3a77caab",
      "representedEntity": "v5egy7ngk8m7x8n1y2",
      "position": {
        "x": 2250,
        "y": 870
      },
      "content": [
        "q32bf92be9m7x8syqg",
        "lgsz9xqko1am7x8twvi",
        "vfc2hn4o9nm7x8zlic"
      ],
      "visualModels": [],
      "type": [
        "visual-node"
      ],
      "identifier": "wqk7j"
    },
    {
      "model": "6b12e77a-aa55-4287-9040-782a3a77caab",
      "representedRelationship": "v8v8b5bej8om7x8nyih",
      "waypoints": [],
      "visualSource": "klzbv",
      "visualTarget": "wqk7j",
      "type": [
        "visual-relationship"
      ],
      "identifier": "vpm0b"
    },
    {
      "model": "6b12e77a-aa55-4287-9040-782a3a77caab",
      "representedEntity": "2t0hvy54ifdm7x8w4bh",
      "position": {
        "x": 2250,
        "y": 1220
      },
      "content": [
        "r9rk00zqk6lm8f24eqr"
      ],
      "visualModels": [],
      "type": [
        "visual-node"
      ],
      "identifier": "eougf"
    },
    {
      "model": "6b12e77a-aa55-4287-9040-782a3a77caab",
      "representedRelationship": "gfng75ifemm7x8y2wr",
      "waypoints": [],
      "visualSource": "wqk7j",
      "visualTarget": "eougf",
      "type": [
        "visual-relationship"
      ],
      "identifier": "ks7ub"
    },
    {
      "model": "6b12e77a-aa55-4287-9040-782a3a77caab",
      "representedRelationship": "2r8bm571hl3m7x94naq",
      "waypoints": [],
      "visualSource": "brptz",
      "visualTarget": "7xg98",
      "type": [
        "visual-relationship"
      ],
      "identifier": "c64m8"
    },
    {
      "model": "6b12e77a-aa55-4287-9040-782a3a77caab",
      "representedEntity": "5xxz1qh9j1ym7xf9eh6",
      "position": {
        "x": 610,
        "y": 20
      },
      "content": [
        "k3muetmkorm7xhicxn",
        "r6nbeisqbam7xix877",
        "gcdquog11jem7xiypw3"
      ],
      "visualModels": [],
      "type": [
        "visual-node"
      ],
      "identifier": "4qws5"
    },
    {
      "model": "6b12e77a-aa55-4287-9040-782a3a77caab",
      "representedEntity": "kzdl89bw9ym7xgj5sm",
      "position": {
        "x": -650,
        "y": 80
      },
      "content": [
        "rt6h8naakzm8f1pgfl"
      ],
      "visualModels": [],
      "type": [
        "visual-node"
      ],
      "identifier": "x3loxg"
    },
    {
      "model": "6b12e77a-aa55-4287-9040-782a3a77caab",
      "representedRelationship": "jtkqk6d0tvmm7xgl5m0",
      "waypoints": [],
      "visualSource": "4qws5",
      "visualTarget": "x3loxg",
      "type": [
        "visual-relationship"
      ],
      "identifier": "c5zy9"
    },
    {
      "model": "6b12e77a-aa55-4287-9040-782a3a77caab",
      "representedEntity": "n3jv2kwxazm7xgoay1",
      "position": {
        "x": -160,
        "y": 340
      },
      "content": [
        "p2htyxl6ybm8f23pg0"
      ],
      "visualModels": [],
      "type": [
        "visual-node"
      ],
      "identifier": "kjvy9"
    },
    {
      "model": "6b12e77a-aa55-4287-9040-782a3a77caab",
      "representedRelationship": "qd14qopfooam7xgp5kv",
      "waypoints": [],
      "visualSource": "1jrn6",
      "visualTarget": "kjvy9",
      "type": [
        "visual-relationship"
      ],
      "identifier": "ipna"
    },
    {
      "model": "6b12e77a-aa55-4287-9040-782a3a77caab",
      "representedEntity": "8ng0ekeiz4rm7xhjyox",
      "position": {
        "x": 780,
        "y": -200
      },
      "content": [
        "ymnmol13rem8f1ono6"
      ],
      "visualModels": [],
      "type": [
        "visual-node"
      ],
      "identifier": "roy1b"
    },
    {
      "model": "6b12e77a-aa55-4287-9040-782a3a77caab",
      "representedRelationship": "hcz1iz9unjpm7xhmo58",
      "waypoints": [],
      "visualSource": "4qws5",
      "visualTarget": "roy1b",
      "type": [
        "visual-relationship"
      ],
      "identifier": "2mkuk"
    },
    {
      "model": "6b12e77a-aa55-4287-9040-782a3a77caab",
      "representedRelationship": "pkja4663fgkm7xj3foi",
      "waypoints": [
        {
          "x": 720,
          "y": 290,
          "anchored": null
        }
      ],
      "visualSource": "4qws5",
      "visualTarget": "1jrn6",
      "type": [
        "visual-relationship"
      ],
      "identifier": "totpt"
    },
    {
      "model": "6b12e77a-aa55-4287-9040-782a3a77caab",
      "representedEntity": "h4ilxa28tx7m7yh5ur6",
      "position": {
        "x": -690,
        "y": 750
      },
      "content": [
        "ttyy8my8nvm7ylgej4",
        "2j0r4qp921zm7yllyjo"
      ],
      "visualModels": [],
      "type": [
        "visual-node"
      ],
      "identifier": "r8ie4"
    },
    {
      "model": "6b12e77a-aa55-4287-9040-782a3a77caab",
      "representedEntity": "vdp1ynrj7pnm7yh66bt",
      "position": {
        "x": -900,
        "y": 590
      },
      "content": [
        "0rfjggqq6flm7ymc7kl"
      ],
      "visualModels": [],
      "type": [
        "visual-node"
      ],
      "identifier": "wpnt4"
    },
    {
      "model": "6b12e77a-aa55-4287-9040-782a3a77caab",
      "representedEntity": "zpmrilt6hnm7yl9ajh",
      "position": {
        "x": -580,
        "y": 1170
      },
      "content": [
        "wmzbwoxyi7m8f1wugr"
      ],
      "visualModels": [],
      "type": [
        "visual-node"
      ],
      "identifier": "5dqxz"
    },
    {
      "entity": "zpmrilt6hnm7yl9ajh",
      "model": "6b12e77a-aa55-4287-9040-782a3a77caab",
      "visualSource": "5dqxz",
      "visualTarget": "gouv0h",
      "waypoints": [],
      "type": [
        "visual-profile-relationship"
      ],
      "identifier": "j0s3g"
    },
    {
      "model": "6b12e77a-aa55-4287-9040-782a3a77caab",
      "representedRelationship": "ugr008vxfbm7ylaqbt",
      "waypoints": [
        {
          "x": -550,
          "y": 1040,
          "anchored": null
        }
      ],
      "visualSource": "r8ie4",
      "visualTarget": "5dqxz",
      "type": [
        "visual-relationship"
      ],
      "identifier": "39zo8k"
    },
    {
      "model": "6b12e77a-aa55-4287-9040-782a3a77caab",
      "representedRelationship": "9zz6qcstokm7ylcxfk",
      "waypoints": [
        {
          "x": -230,
          "y": 1050,
          "anchored": null
        }
      ],
      "visualSource": "r8ie4",
      "visualTarget": "5dqxz",
      "type": [
        "visual-relationship"
      ],
      "identifier": "j2czg"
    },
    {
      "model": "6b12e77a-aa55-4287-9040-782a3a77caab",
      "representedEntity": "e9sinvm4dgrm7yljpo4",
      "position": {
        "x": -930,
        "y": 1190
      },
      "content": [
        "d5wpgg2tdgmm8f1u3gy"
      ],
      "visualModels": [],
      "type": [
        "visual-node"
      ],
      "identifier": "t5e4hj"
    },
    {
      "model": "6b12e77a-aa55-4287-9040-782a3a77caab",
      "representedRelationship": "jzx5hhz34jnm7ylkmnk",
      "waypoints": [],
      "visualSource": "r8ie4",
      "visualTarget": "t5e4hj",
      "type": [
        "visual-relationship"
      ],
      "identifier": "xwt5e"
    },
    {
      "model": "6b12e77a-aa55-4287-9040-782a3a77caab",
      "representedRelationship": "lnmjaritxohm7ylqfwx",
      "waypoints": [],
      "visualSource": "r8ie4",
      "visualTarget": "x3loxg",
      "type": [
        "visual-relationship"
      ],
      "identifier": "fhelfk"
    },
    {
      "model": "6b12e77a-aa55-4287-9040-782a3a77caab",
      "representedEntity": "s4oecatrytcm7yma45p",
      "position": {
        "x": -1240,
        "y": 850
      },
      "content": [
        "v5t42i5lulm8o9yq1q"
      ],
      "visualModels": [],
      "type": [
        "visual-node"
      ],
      "identifier": "i2why"
    },
    {
      "model": "6b12e77a-aa55-4287-9040-782a3a77caab",
      "representedRelationship": "i40zftyv4wm7ymaw4t",
      "waypoints": [],
      "visualSource": "wpnt4",
      "visualTarget": "i2why",
      "type": [
        "visual-relationship"
      ],
      "identifier": "idsi2"
    },
    {
      "model": "6b12e77a-aa55-4287-9040-782a3a77caab",
      "representedRelationship": "95ztxv4zuqfm7ymwb3a",
      "waypoints": [],
      "visualSource": "wpnt4",
      "visualTarget": "x3loxg",
      "type": [
        "visual-relationship"
      ],
      "identifier": "brjha"
    },
    {
      "model": "6b12e77a-aa55-4287-9040-782a3a77caab",
      "representedEntity": "sfsnn65yifm7ymy4qe",
      "position": {
        "x": -1080,
        "y": 360
      },
      "content": [
        "jop2u94vfurm8f1sply"
      ],
      "visualModels": [],
      "type": [
        "visual-node"
      ],
      "identifier": "8vccl"
    },
    {
      "model": "6b12e77a-aa55-4287-9040-782a3a77caab",
      "representedRelationship": "9ffamme2dpsm7ymyv3u",
      "waypoints": [],
      "visualSource": "wpnt4",
      "visualTarget": "8vccl",
      "type": [
        "visual-relationship"
      ],
      "identifier": "3po9v"
    },
    {
      "model": "6b12e77a-aa55-4287-9040-782a3a77caab",
      "representedRelationship": "9i24uvokz7pm7ynqeyu",
      "waypoints": [],
      "visualSource": "sczyr",
      "visualTarget": "klzbv",
      "type": [
        "visual-relationship"
      ],
      "identifier": "vzmpo"
    },
    {
      "model": "6b12e77a-aa55-4287-9040-782a3a77caab",
      "representedEntity": "uhydoyedamfm7ypr1v1",
      "position": {
        "x": -430,
        "y": 220
      },
      "content": [
        "rc6dbbbuo3om8f1qpsx"
      ],
      "visualModels": [],
      "type": [
        "visual-node"
      ],
      "identifier": "g75bv"
    },
    {
      "model": "6b12e77a-aa55-4287-9040-782a3a77caab",
      "representedRelationship": "rdig9yi5oom7ypsn9y",
      "waypoints": [],
      "visualSource": "a90lj",
      "visualTarget": "g75bv",
      "type": [
        "visual-relationship"
      ],
      "identifier": "l1xf3"
    },
    {
      "model": "6b12e77a-aa55-4287-9040-782a3a77caab",
      "representedEntity": "vq95pqbn7tam7yrkxsy",
      "position": {
        "x": -150,
        "y": 1080
      },
      "content": [
        "2cpx9bz6vqem7yt1nvn",
        "8pw7pu871snm7yt9zjk",
        "jo8x9v4i8l9m7ytlcq8"
      ],
      "visualModels": [],
      "type": [
        "visual-node"
      ],
      "identifier": "cfb2o"
    },
    {
      "model": "6b12e77a-aa55-4287-9040-782a3a77caab",
      "representedRelationship": "6ca3lx4wd4om7ys8vo5",
      "waypoints": [],
      "visualSource": "1jrn6",
      "visualTarget": "cfb2o",
      "type": [
        "visual-relationship"
      ],
      "identifier": "0dj34"
    },
    {
      "model": "6b12e77a-aa55-4287-9040-782a3a77caab",
      "representedRelationship": "ooejgouqenm7yt62zj",
      "waypoints": [],
      "visualSource": "cfb2o",
      "visualTarget": "gouv0h",
      "type": [
        "visual-relationship"
      ],
      "identifier": "1qd1h"
    },
    {
      "model": "6b12e77a-aa55-4287-9040-782a3a77caab",
      "representedEntity": "wvptnmmpc3cm7ytmhy8",
      "position": {
        "x": -320,
        "y": 1350
      },
      "content": [
        "ou2v1c7zpnhm8f1xsac"
      ],
      "visualModels": [],
      "type": [
        "visual-node"
      ],
      "identifier": "la87nk"
    },
    {
      "model": "6b12e77a-aa55-4287-9040-782a3a77caab",
      "representedRelationship": "tr1e9vf80zm7ytnudc",
      "waypoints": [],
      "visualSource": "cfb2o",
      "visualTarget": "la87nk",
      "type": [
        "visual-relationship"
      ],
      "identifier": "fng8n"
    },
    {
      "type": [
        "http://dataspecer.com/resources/local/visual-model"
      ],
      "representedModel": "d54a372a-b13d-479f-b8d8-2ce4c9a06b25/fda6cad3-b442-411b-8a6a-29a75d21a1a7/aaa025af-aa1f-4b8d-a55d-263ce61185ba",
      "color": "#ffd670",
      "identifier": "qev6i"
    },
    {
      "type": [
        "http://dataspecer.com/resources/local/visual-model"
      ],
      "representedModel": "d54a372a-b13d-479f-b8d8-2ce4c9a06b25/fda6cad3-b442-411b-8a6a-29a75d21a1a7/218a158e-1bb6-45be-a33f-db0c224447c4/3dc72a62-1ac4-4a2d-a7b9-eb3f2daed24e",
      "color": "#8fab5c",
      "identifier": "7jqodf"
    },
    {
      "type": [
        "http://dataspecer.com/resources/local/visual-model"
      ],
      "representedModel": "d54a372a-b13d-479f-b8d8-2ce4c9a06b25/fda6cad3-b442-411b-8a6a-29a75d21a1a7/218a158e-1bb6-45be-a33f-db0c224447c4/271ad555-577c-4813-a753-871d2abcc6c7",
      "color": "#8da266",
      "identifier": "8hem6h"
    },
    {
      "type": [
        "http://dataspecer.com/resources/local/visual-model"
      ],
      "representedModel": "d54a372a-b13d-479f-b8d8-2ce4c9a06b25/fda6cad3-b442-411b-8a6a-29a75d21a1a7/218a158e-1bb6-45be-a33f-db0c224447c4/8498d0e4-3d5c-49d3-803d-ca63674bd4c6",
      "color": "#4dc9ab",
      "identifier": "vc3uh"
    },
    {
      "type": [
        "http://dataspecer.com/resources/local/visual-model"
      ],
      "representedModel": "d54a372a-b13d-479f-b8d8-2ce4c9a06b25/fda6cad3-b442-411b-8a6a-29a75d21a1a7/218a158e-1bb6-45be-a33f-db0c224447c4/e38e1530-9ed0-46f9-9472-e4d157201e85",
      "color": "#70d6ff",
      "identifier": "3djpq"
    },
    {
      "type": [
        "http://dataspecer.com/resources/local/visual-model"
      ],
      "representedModel": "d54a372a-b13d-479f-b8d8-2ce4c9a06b25/fda6cad3-b442-411b-8a6a-29a75d21a1a7/218a158e-1bb6-45be-a33f-db0c224447c4/0a4d4021-4ea0-4efb-99b4-6db1466065b9",
      "color": "#4dc9ab",
      "identifier": "st5yw"
    },
    {
      "type": [
        "http://dataspecer.com/resources/local/visual-model"
      ],
      "representedModel": "d54a372a-b13d-479f-b8d8-2ce4c9a06b25/fda6cad3-b442-411b-8a6a-29a75d21a1a7/218a158e-1bb6-45be-a33f-db0c224447c4/0a170e52-c622-45cd-b497-ce81286b2bef",
      "color": "#ffb770",
      "identifier": "ciqtw"
    },
    {
      "type": [
        "http://dataspecer.com/resources/local/visual-model"
      ],
      "representedModel": "d54a372a-b13d-479f-b8d8-2ce4c9a06b25/fda6cad3-b442-411b-8a6a-29a75d21a1a7/218a158e-1bb6-45be-a33f-db0c224447c4/12bf47d1-2537-4ec5-a4f2-44d87f905c6a",
      "color": "#ff9770",
      "identifier": "qnciv"
    },
    {
      "type": [
        "http://dataspecer.com/resources/local/visual-model"
      ],
      "representedModel": "d54a372a-b13d-479f-b8d8-2ce4c9a06b25/fda6cad3-b442-411b-8a6a-29a75d21a1a7/218a158e-1bb6-45be-a33f-db0c224447c4/2fd5d7b1-8a1e-40bc-9669-1a50b092f65d",
      "color": "#1effbc",
      "identifier": "5d53z"
    },
    {
      "type": [
        "http://dataspecer.com/resources/local/visual-model"
      ],
      "representedModel": "d54a372a-b13d-479f-b8d8-2ce4c9a06b25/fda6cad3-b442-411b-8a6a-29a75d21a1a7/218a158e-1bb6-45be-a33f-db0c224447c4/8a8b888b-f6c5-4c40-8d00-3b4508aa4bbd",
      "color": "#e63462",
      "identifier": "ra16p"
    },
    {
      "type": [
        "http://dataspecer.com/resources/local/visual-model"
      ],
      "representedModel": "d54a372a-b13d-479f-b8d8-2ce4c9a06b25/fda6cad3-b442-411b-8a6a-29a75d21a1a7/218a158e-1bb6-45be-a33f-db0c224447c4/b1b8e882-4994-4a70-984c-1022fae28f6a",
      "color": "#d4f2d2",
      "identifier": "9mdidl"
    },
    {
      "type": [
        "http://dataspecer.com/resources/local/visual-model"
      ],
      "representedModel": "d54a372a-b13d-479f-b8d8-2ce4c9a06b25/fda6cad3-b442-411b-8a6a-29a75d21a1a7/218a158e-1bb6-45be-a33f-db0c224447c4/d0f43f46-6331-4ded-91d1-6b4a3f885648",
      "color": "#ffb770",
      "identifier": "i51ys"
    },
    {
      "type": [
        "http://dataspecer.com/resources/local/visual-model"
      ],
      "representedModel": "d54a372a-b13d-479f-b8d8-2ce4c9a06b25/fda6cad3-b442-411b-8a6a-29a75d21a1a7/218a158e-1bb6-45be-a33f-db0c224447c4/adec7f37-7dd3-4644-8626-7d3a62007b10",
      "color": "#1effbc",
      "identifier": "fznob"
    },
    {
      "type": [
        "http://dataspecer.com/resources/local/visual-model"
      ],
      "representedModel": "d54a372a-b13d-479f-b8d8-2ce4c9a06b25/fda6cad3-b442-411b-8a6a-29a75d21a1a7/218a158e-1bb6-45be-a33f-db0c224447c4/b5890024-94ac-41a5-8981-8720b3be97f1",
      "color": "#70d6ff",
      "identifier": "0t7e6"
    },
    {
      "type": [
        "http://dataspecer.com/resources/local/visual-model"
      ],
      "representedModel": "d54a372a-b13d-479f-b8d8-2ce4c9a06b25/fda6cad3-b442-411b-8a6a-29a75d21a1a7/218a158e-1bb6-45be-a33f-db0c224447c4/profile",
      "color": "#e63462",
      "identifier": "yuc5s"
    },
    {
      "type": [
        "http://dataspecer.com/resources/local/visual-model"
      ],
      "representedModel": "d54a372a-b13d-479f-b8d8-2ce4c9a06b25/bf936d61-d277-4d4f-b10c-e20657870580/vocabulary",
      "color": "#92bcea",
      "identifier": "6tvq"
    },
    {
      "model": "6b12e77a-aa55-4287-9040-782a3a77caab",
      "representedEntity": "jn4pliugvvm8ezs3kk",
      "position": {
        "x": 1310,
        "y": 390
      },
      "content": [
        "474hg90y13hm8ezxofu",
        "843g6vytwyxm8f04uqb"
      ],
      "visualModels": [],
      "type": [
        "visual-node"
      ],
      "identifier": "iqkjh"
    },
    {
      "model": "6b12e77a-aa55-4287-9040-782a3a77caab",
      "representedRelationship": "mk35x1rpnkm8f07pus",
      "waypoints": [],
      "visualSource": "1jrn6",
      "visualTarget": "iqkjh",
      "type": [
        "visual-relationship"
      ],
      "identifier": "9i5mh"
    },
    {
      "model": "6b12e77a-aa55-4287-9040-782a3a77caab",
      "representedRelationship": "4zsil494wx6m8f0ez2q",
      "waypoints": [
        {
          "x": 850,
          "y": 290,
          "anchored": null
        }
      ],
      "visualSource": "1jrn6",
      "visualTarget": "4qws5",
      "type": [
        "visual-relationship"
      ],
      "identifier": "3zv6w"
    },
    {
      "model": "6b12e77a-aa55-4287-9040-782a3a77caab",
      "representedEntity": "0yqleht4693om8f0pgrs",
      "position": {
        "x": 1100,
        "y": -90
      },
      "content": [
        "ad2ixzmjcilm8f0vuh6"
      ],
      "visualModels": [],
      "type": [
        "visual-node"
      ],
      "identifier": "m2kv9"
    },
    {
      "model": "6b12e77a-aa55-4287-9040-782a3a77caab",
      "representedRelationship": "qgpl56dsw4m8f0qocx",
      "waypoints": [],
      "visualSource": "1jrn6",
      "visualTarget": "m2kv9",
      "type": [
        "visual-relationship"
      ],
      "identifier": "qc7ny"
    },
    {
      "model": "6b12e77a-aa55-4287-9040-782a3a77caab",
      "representedRelationship": "8aenata0fqkm8f2kj74",
      "waypoints": [],
      "visualSource": "i2why",
      "visualTarget": "gouv0h",
      "type": [
        "visual-relationship"
      ],
      "identifier": "68flj"
    },
    {
      "model": "6b12e77a-aa55-4287-9040-782a3a77caab",
      "representedRelationship": "rrkv9n6v03m8oa35i6",
      "waypoints": [],
      "visualSource": "gouv0h",
      "visualTarget": "iqkjh",
      "type": [
        "visual-relationship"
      ],
      "identifier": "0ff5w"
    },
    {
      "model": "6b12e77a-aa55-4287-9040-782a3a77caab",
      "representedRelationship": "49hidi4pcj3m8wq5v8v",
      "waypoints": [],
      "visualSource": "7xg98",
      "visualTarget": "klzbv",
      "type": [
        "visual-relationship"
      ],
      "identifier": "ykhhb"
    },
    {
      "model": "6b12e77a-aa55-4287-9040-782a3a77caab",
      "representedRelationship": "rivjnrgqazm8wq61qc",
      "waypoints": [],
      "visualSource": "brptz",
      "visualTarget": "klzbv",
      "type": [
        "visual-relationship"
      ],
      "identifier": "6n87nj"
    },
    {
      "model": "6b12e77a-aa55-4287-9040-782a3a77caab",
      "representedRelationship": "gwpxnlf2t3m8wq878k",
      "waypoints": [],
      "visualSource": "r8ie4",
      "visualTarget": "pmtsz",
      "type": [
        "visual-relationship"
      ],
      "identifier": "ihg0y"
    },
    {
      "model": "6b12e77a-aa55-4287-9040-782a3a77caab",
      "representedRelationship": "xcis0bpo0ijm8wq8gpo",
      "waypoints": [],
      "visualSource": "wpnt4",
      "visualTarget": "pmtsz",
      "type": [
        "visual-relationship"
      ],
      "identifier": "nbgrq"
    },
    {
      "model": "6b12e77a-aa55-4287-9040-782a3a77caab",
      "representedRelationship": "hkaau3ri5uhm8zr7uh5",
      "waypoints": [],
      "visualSource": "klzbv",
      "visualTarget": "iqkjh",
      "type": [
        "visual-relationship"
      ],
      "identifier": "fbe2l"
    },
    {
      "model": "6b12e77a-aa55-4287-9040-782a3a77caab",
      "representedRelationship": "v6gahl8o4esm8zr8inn",
      "waypoints": [],
      "visualSource": "ccf0yk",
      "visualTarget": "iqkjh",
      "type": [
        "visual-relationship"
      ],
      "identifier": "aui05"
    },
    {
      "model": "6b12e77a-aa55-4287-9040-782a3a77caab",
      "representedRelationship": "vevbthsn83m8zuqqzc",
      "waypoints": [],
      "visualSource": "4qws5",
      "visualTarget": "cbuqx",
      "type": [
        "visual-relationship"
      ],
      "identifier": "t41q3"
    },
    {
      "model": "6b12e77a-aa55-4287-9040-782a3a77caab",
      "representedEntity": "tknf5srfsfm913kvvw",
      "position": {
        "x": -1150,
        "y": 1000
      },
      "content": [
        "fb3y5r675m913nqxd"
      ],
      "visualModels": [],
      "type": [
        "visual-node"
      ],
      "identifier": "9lbq8h"
    },
    {
      "model": "6b12e77a-aa55-4287-9040-782a3a77caab",
      "representedEntity": "7a3u9dy5afm913ohbm",
      "position": {
        "x": -1450,
        "y": 1220
      },
      "content": [],
      "visualModels": [],
      "type": [
        "visual-node"
      ],
      "identifier": "0pw0d"
    },
    {
      "model": "6b12e77a-aa55-4287-9040-782a3a77caab",
      "representedRelationship": "nwv2524dafbm913q0ay",
      "waypoints": [],
      "visualSource": "9lbq8h",
      "visualTarget": "0pw0d",
      "type": [
        "visual-relationship"
      ],
      "identifier": "ss3wp"
    },
    {
      "model": "6b12e77a-aa55-4287-9040-782a3a77caab",
      "representedRelationship": "g072hca9bcm913reoq",
      "waypoints": [],
      "visualSource": "r8ie4",
      "visualTarget": "9lbq8h",
      "type": [
        "visual-relationship"
      ],
      "identifier": "49b2o"
    }
  ]
}