{
  "iri": "d19697d9-b1fe-427a-874b-0a537119a6e7",
  "types": [
    "http://dataspecer.com/resources/local/visual-model"
  ],
  "userMetadata": {
    "label": {
      "en": "View for Czech Core Metadata Model"
    },
    "description": {
      "en": "View model for the profile"
    }
  },
  "metadata": {
    "creationDate": "2025-03-17T09:57:07.031Z",
    "modificationDate": "2025-03-18T22:20:41.068Z"
  },
  "_version": 1,
  "_exportVersion": 1,
  "_exportedAt": "2025-03-19T14:55:01.216Z",
  "_exportedBy": "http://localhost:3100"
}