{
  "operations": [
    {
      "types": [
        "core-operation",
        "https://ofn.gov.cz/slovník/psm/CreateClass"
      ],
      "iri": "https://ofn.gov.cz/operation/1742340169817-ec54-7d36-bf87",
      "parent": null,
      "dataPsmNewIri": null,
      "dataPsmInterpretation": "jn4pliugvvm8ezs3kk",
      "dataPsmTechnicalLabel": "identifier",
      "dataPsmHumanLabel": null,
      "dataPsmHumanDescription": null,
      "dataPsmExtends": [],
      "dataPsmIsClosed": null
    },
    {
      "types": [
        "core-operation",
        "https://ofn.gov.cz/slovník/psm/SetRoots"
      ],
      "iri": "https://ofn.gov.cz/operation/1742340169843-cf0e-40cd-b808",
      "parent": "https://ofn.gov.cz/operation/1742340169817-ec54-7d36-bf87",
      "dataPsmRoots": [
        "https://ofn.gov.cz/class/1742340169817-84a9-ded1-a656"
      ]
    },
    {
      "types": [
        "core-operation",
        "https://ofn.gov.cz/slovník/psm/SetHumanLabel"
      ],
      "iri": "https://ofn.gov.cz/operation/1742340169877-85ba-bdba-93d0",
      "parent": "https://ofn.gov.cz/operation/1742340169843-cf0e-40cd-b808",
      "dataPsmResource": "e4bb0f83-fd28-4b0b-8f74-6160a258796f",
      "dataPsmHumanLabel": {
        "cs": "Identifier",
        "en": "Identifier"
      }
    },
    {
      "types": [
        "core-operation",
        "https://ofn.gov.cz/slovník/psm/SetHumanDescription"
      ],
      "iri": "https://ofn.gov.cz/operation/1742340169899-127a-e8f3-b636",
      "parent": "https://ofn.gov.cz/operation/1742340169877-85ba-bdba-93d0",
      "dataPsmResource": "e4bb0f83-fd28-4b0b-8f74-6160a258796f",
      "dataPsmHumanDescription": {
        "cs": "Datová struktura pro Identifier. This is based on the UN/CEFACT Identifier class.",
        "en": "Data structure for Identifier. This is based on the UN/CEFACT Identifier class."
      }
    },
    {
      "types": [
        "core-operation",
        "https://ofn.gov.cz/slovník/psm/CreateAttribute"
      ],
      "iri": "https://ofn.gov.cz/operation/1742340174617-045d-0c4f-b590",
      "parent": "https://ofn.gov.cz/operation/1742340169899-127a-e8f3-b636",
      "dataPsmNewIri": null,
      "dataPsmInterpretation": "843g6vytwyxm8f04uqb",
      "dataPsmTechnicalLabel": "identifier_scheme",
      "dataPsmHumanLabel": null,
      "dataPsmHumanDescription": null,
      "dataPsmOwner": "https://ofn.gov.cz/class/1742340169817-84a9-ded1-a656",
      "dataPsmDatatype": "http://www.w3.org/2001/XMLSchema#anyURI"
    },
    {
      "types": [
        "core-operation",
        "https://ofn.gov.cz/slovník/psm/CreateAttribute"
      ],
      "iri": "https://ofn.gov.cz/operation/1742340174652-06f9-cc20-b999",
      "parent": "https://ofn.gov.cz/operation/1742340174617-045d-0c4f-b590",
      "dataPsmNewIri": null,
      "dataPsmInterpretation": "474hg90y13hm8ezxofu",
      "dataPsmTechnicalLabel": "value",
      "dataPsmHumanLabel": null,
      "dataPsmHumanDescription": null,
      "dataPsmOwner": "https://ofn.gov.cz/class/1742340169817-84a9-ded1-a656",
      "dataPsmDatatype": "http://www.w3.org/2000/01/rdf-schema#Literal"
    }
  ],
  "resources": {
    "e4bb0f83-fd28-4b0b-8f74-6160a258796f": {
      "types": [
        "https://ofn.gov.cz/slovník/psm/Schema"
      ],
      "iri": "e4bb0f83-fd28-4b0b-8f74-6160a258796f",
      "dataPsmHumanLabel": {
        "cs": "Identifier",
        "en": "Identifier"
      },
      "dataPsmHumanDescription": {
        "cs": "Datová struktura pro Identifier. This is based on the UN/CEFACT Identifier class.",
        "en": "Data structure for Identifier. This is based on the UN/CEFACT Identifier class."
      },
      "dataPsmTechnicalLabel": null,
      "dataPsmRoots": [
        "https://ofn.gov.cz/class/1742340169817-84a9-ded1-a656"
      ],
      "dataPsmParts": [
        "https://ofn.gov.cz/class/1742340169817-84a9-ded1-a656",
        "https://ofn.gov.cz/attribute/1742340174617-fdf3-cbb0-8c45",
        "https://ofn.gov.cz/attribute/1742340174652-5705-4be0-ae0b"
      ]
    },
    "https://ofn.gov.cz/class/1742340169817-84a9-ded1-a656": {
      "types": [
        "https://ofn.gov.cz/slovník/psm/Class"
      ],
      "iri": "https://ofn.gov.cz/class/1742340169817-84a9-ded1-a656",
      "dataPsmHumanLabel": null,
      "dataPsmHumanDescription": null,
      "dataPsmTechnicalLabel": "identifier",
      "dataPsmInterpretation": "jn4pliugvvm8ezs3kk",
      "dataPsmExtends": [],
      "dataPsmParts": [
        "https://ofn.gov.cz/attribute/1742340174617-fdf3-cbb0-8c45",
        "https://ofn.gov.cz/attribute/1742340174652-5705-4be0-ae0b"
      ],
      "dataPsmIsClosed": null
    },
    "https://ofn.gov.cz/attribute/1742340174617-fdf3-cbb0-8c45": {
      "types": [
        "https://ofn.gov.cz/slovník/psm/Attribute"
      ],
      "iri": "https://ofn.gov.cz/attribute/1742340174617-fdf3-cbb0-8c45",
      "dataPsmHumanLabel": null,
      "dataPsmHumanDescription": null,
      "dataPsmTechnicalLabel": "identifier_scheme",
      "dataPsmInterpretation": "843g6vytwyxm8f04uqb",
      "dataPsmDatatype": "http://www.w3.org/2001/XMLSchema#anyURI"
    },
    "https://ofn.gov.cz/attribute/1742340174652-5705-4be0-ae0b": {
      "types": [
        "https://ofn.gov.cz/slovník/psm/Attribute"
      ],
      "iri": "https://ofn.gov.cz/attribute/1742340174652-5705-4be0-ae0b",
      "dataPsmHumanLabel": null,
      "dataPsmHumanDescription": null,
      "dataPsmTechnicalLabel": "value",
      "dataPsmInterpretation": "474hg90y13hm8ezxofu",
      "dataPsmDatatype": "http://www.w3.org/2000/01/rdf-schema#Literal"
    }
  }
}