{
  "iri": "edaeb96d-b03f-46fe-ba4e-b7065361fd5d",
  "types": [
    "http://dataspecer.com/resources/v1/psm"
  ],
  "userMetadata": {
    "label": {
      "cs": "Resource to Agent Relationship",
      "en": "Resource to Agent Relationship"
    },
    "description": {
      "cs": "Datová struktura pro Resource to Agent Relationship. An association class for attaching additional information to a relationship between Dataset and Agent.",
      "en": "Data structure for Resource to Agent Relationship. An association class for attaching additional information to a relationship between Dataset and Agent."
    }
  },
  "metadata": {
    "creationDate": "2025-03-17T18:19:11.031Z",
    "modificationDate": "2025-03-20T12:22:55.534Z"
  },
  "_version": 1,
  "_exportVersion": 1,
  "_exportedAt": "2025-03-25T09:30:57.081Z",
  "_exportedBy": "http://localhost:3100"
}