{
  "operations": [
    {
      "types": [
        "core-operation",
        "https://ofn.gov.cz/slovník/psm/CreateClass"
      ],
      "iri": "https://ofn.gov.cz/operation/1742235557653-be7d-c08c-96d6",
      "parent": null,
      "dataPsmNewIri": null,
      "dataPsmInterpretation": "5efwrun05sam7w6d54p",
      "dataPsmTechnicalLabel": "resourceToAgentRelationship",
      "dataPsmHumanLabel": null,
      "dataPsmHumanDescription": null,
      "dataPsmExtends": [],
      "dataPsmIsClosed": null
    },
    {
      "types": [
        "core-operation",
        "https://ofn.gov.cz/slovník/psm/SetRoots"
      ],
      "iri": "https://ofn.gov.cz/operation/1742235557693-dc63-9d1c-bc26",
      "parent": "https://ofn.gov.cz/operation/1742235557653-be7d-c08c-96d6",
      "dataPsmRoots": [
        "https://ofn.gov.cz/class/1742235557653-64a2-513a-97fe"
      ]
    },
    {
      "types": [
        "core-operation",
        "https://ofn.gov.cz/slovník/psm/SetHumanLabel"
      ],
      "iri": "https://ofn.gov.cz/operation/1742235557729-5ec3-a99b-b393",
      "parent": "https://ofn.gov.cz/operation/1742235557693-dc63-9d1c-bc26",
      "dataPsmResource": "edaeb96d-b03f-46fe-ba4e-b7065361fd5d",
      "dataPsmHumanLabel": {
        "cs": "Resource to Agent Relationship",
        "en": "Resource to Agent Relationship"
      }
    },
    {
      "types": [
        "core-operation",
        "https://ofn.gov.cz/slovník/psm/SetHumanDescription"
      ],
      "iri": "https://ofn.gov.cz/operation/1742235557759-0b4f-8c3c-aaeb",
      "parent": "https://ofn.gov.cz/operation/1742235557729-5ec3-a99b-b393",
      "dataPsmResource": "edaeb96d-b03f-46fe-ba4e-b7065361fd5d",
      "dataPsmHumanDescription": {
        "cs": "Datová struktura pro Resource to Agent Relationship. An association class for attaching additional information to a relationship between Dataset and Agent.",
        "en": "Data structure for Resource to Agent Relationship. An association class for attaching additional information to a relationship between Dataset and Agent."
      }
    },
    {
      "types": [
        "core-operation",
        "https://ofn.gov.cz/slovník/psm/SetTechnicalLabel"
      ],
      "iri": "https://ofn.gov.cz/operation/1742235568840-b17a-32aa-a8a1",
      "parent": "https://ofn.gov.cz/operation/1742235557759-0b4f-8c3c-aaeb",
      "dataPsmResource": "https://ofn.gov.cz/class/1742235557653-64a2-513a-97fe",
      "dataPsmTechnicalLabel": "resource_to_agent_relationship"
    },
    {
      "types": [
        "core-operation",
        "https://ofn.gov.cz/slovník/psm/CreateClass"
      ],
      "iri": "https://ofn.gov.cz/operation/1742235573469-7293-f2c9-9ad3",
      "parent": "https://ofn.gov.cz/operation/1742235568840-b17a-32aa-a8a1",
      "dataPsmNewIri": null,
      "dataPsmInterpretation": "ppu00famb3am7w6qsdm",
      "dataPsmTechnicalLabel": "resourceAgentRoleType",
      "dataPsmHumanLabel": null,
      "dataPsmHumanDescription": null,
      "dataPsmExtends": [],
      "dataPsmIsClosed": null
    },
    {
      "types": [
        "core-operation",
        "https://ofn.gov.cz/slovník/psm/CreateAssociationEnd"
      ],
      "iri": "https://ofn.gov.cz/operation/1742235573496-1b3e-4b69-a1c7",
      "parent": "https://ofn.gov.cz/operation/1742235573469-7293-f2c9-9ad3",
      "dataPsmNewIri": null,
      "dataPsmInterpretation": "7ezk2krx8crm7w6shit",
      "dataPsmTechnicalLabel": "hadRole",
      "dataPsmHumanLabel": null,
      "dataPsmHumanDescription": null,
      "dataPsmOwner": "https://ofn.gov.cz/class/1742235557653-64a2-513a-97fe",
      "dataPsmPart": "https://ofn.gov.cz/class/1742235573469-45ae-0989-b584",
      "dataPsmIsReverse": false,
      "dataPsmIsDematerialize": null
    },
    {
      "types": [
        "core-operation",
        "https://ofn.gov.cz/slovník/psm/CreateClass"
      ],
      "iri": "https://ofn.gov.cz/operation/1742235573530-c9ee-a59a-a984",
      "parent": "https://ofn.gov.cz/operation/1742235573496-1b3e-4b69-a1c7",
      "dataPsmNewIri": null,
      "dataPsmInterpretation": "pgsp7mo03vm7ufmeux",
      "dataPsmTechnicalLabel": "agent",
      "dataPsmHumanLabel": null,
      "dataPsmHumanDescription": null,
      "dataPsmExtends": [],
      "dataPsmIsClosed": null
    },
    {
      "types": [
        "core-operation",
        "https://ofn.gov.cz/slovník/psm/CreateAssociationEnd"
      ],
      "iri": "https://ofn.gov.cz/operation/1742235573557-622b-bbd1-b861",
      "parent": "https://ofn.gov.cz/operation/1742235573530-c9ee-a59a-a984",
      "dataPsmNewIri": null,
      "dataPsmInterpretation": "xgmi51m5esm7w6p75c",
      "dataPsmTechnicalLabel": "relation",
      "dataPsmHumanLabel": null,
      "dataPsmHumanDescription": null,
      "dataPsmOwner": "https://ofn.gov.cz/class/1742235557653-64a2-513a-97fe",
      "dataPsmPart": "https://ofn.gov.cz/class/1742235573529-32a7-0dca-9fe5",
      "dataPsmIsReverse": false,
      "dataPsmIsDematerialize": null
    },
    {
      "types": [
        "core-operation",
        "https://ofn.gov.cz/slovník/psm/SetTechnicalLabel"
      ],
      "iri": "https://ofn.gov.cz/operation/1742235590642-1fd5-6377-818f",
      "parent": "https://ofn.gov.cz/operation/1742235573557-622b-bbd1-b861",
      "dataPsmResource": "https://ofn.gov.cz/association/1742235573496-2eb8-d02a-b8d5",
      "dataPsmTechnicalLabel": "roles"
    },
    {
      "types": [
        "core-operation",
        "https://ofn.gov.cz/slovník/psm/SetTechnicalLabel"
      ],
      "iri": "https://ofn.gov.cz/operation/1742235590670-565b-6d41-8cee",
      "parent": "https://ofn.gov.cz/operation/1742235590642-1fd5-6377-818f",
      "dataPsmResource": "https://ofn.gov.cz/class/1742235573469-45ae-0989-b584",
      "dataPsmTechnicalLabel": "resource_agent_role_type"
    },
    {
      "types": [
        "core-operation",
        "https://ofn.gov.cz/slovník/psm/SetTechnicalLabel"
      ],
      "iri": "https://ofn.gov.cz/operation/1742235596378-b8ba-84fd-92d2",
      "parent": "https://ofn.gov.cz/operation/1742235590670-565b-6d41-8cee",
      "dataPsmResource": "https://ofn.gov.cz/association/1742235573557-7ba5-50d9-b741",
      "dataPsmTechnicalLabel": "relations"
    },
    {
      "types": [
        "core-operation",
        "https://ofn.gov.cz/slovník/psm/CreateClassReference"
      ],
      "iri": "https://ofn.gov.cz/operation/1742338349013-f488-dc7b-907d",
      "parent": "https://ofn.gov.cz/operation/1742235596378-b8ba-84fd-92d2",
      "dataPsmNewIri": null,
      "dataPsmSpecification": "4fd91afc-e490-4b08-bbdf-4c1442cb70eb",
      "dataPsmClass": "https://ofn.gov.cz/class/1742235606195-b8fa-9b2f-a5cf"
    },
    {
      "types": [
        "core-operation",
        "https://ofn.gov.cz/slovník/psm/SetPart"
      ],
      "iri": "https://ofn.gov.cz/operation/1742338349013-9f58-9566-8c28",
      "parent": "https://ofn.gov.cz/operation/1742338349013-f488-dc7b-907d",
      "dataPsmAssociationEnd": "https://ofn.gov.cz/association/1742235573496-2eb8-d02a-b8d5",
      "dataPsmPart": "https://ofn.gov.cz/class-reference/1742338349013-f84d-8b8e-92e7"
    },
    {
      "types": [
        "core-operation",
        "https://ofn.gov.cz/slovník/psm/DeleteClass"
      ],
      "iri": "https://ofn.gov.cz/operation/1742338349020-bed3-3898-84da",
      "parent": "https://ofn.gov.cz/operation/1742338349013-9f58-9566-8c28",
      "dataPsmClass": "https://ofn.gov.cz/class/1742235573469-45ae-0989-b584"
    },
    {
      "types": [
        "core-operation",
        "https://ofn.gov.cz/slovník/psm/CreateClassReference"
      ],
      "iri": "https://ofn.gov.cz/operation/1742338354198-e2c3-a74d-b3d3",
      "parent": "https://ofn.gov.cz/operation/1742338349020-bed3-3898-84da",
      "dataPsmNewIri": null,
      "dataPsmSpecification": "6f97608f-3118-4975-a7e3-046f8fc0c04f",
      "dataPsmClass": "https://ofn.gov.cz/class/1742234312711-3b17-2e3d-91b1"
    },
    {
      "types": [
        "core-operation",
        "https://ofn.gov.cz/slovník/psm/SetPart"
      ],
      "iri": "https://ofn.gov.cz/operation/1742338354198-ac13-39f2-a297",
      "parent": "https://ofn.gov.cz/operation/1742338354198-e2c3-a74d-b3d3",
      "dataPsmAssociationEnd": "https://ofn.gov.cz/association/1742235573557-7ba5-50d9-b741",
      "dataPsmPart": "https://ofn.gov.cz/class-reference/1742338354198-5b27-8154-ba84"
    },
    {
      "types": [
        "core-operation",
        "https://ofn.gov.cz/slovník/psm/DeleteClass"
      ],
      "iri": "https://ofn.gov.cz/operation/1742338354206-c522-134f-b52e",
      "parent": "https://ofn.gov.cz/operation/1742338354198-ac13-39f2-a297",
      "dataPsmClass": "https://ofn.gov.cz/class/1742235573529-32a7-0dca-9fe5"
    },
    {
      "types": [
        "core-operation",
        "https://ofn.gov.cz/slovník/psm/CreateClassReference"
      ],
      "iri": "https://ofn.gov.cz/operation/1742338510153-6b5b-36de-9496",
      "parent": "https://ofn.gov.cz/operation/1742338354206-c522-134f-b52e",
      "dataPsmNewIri": null,
      "dataPsmSpecification": "4fd91afc-e490-4b08-bbdf-4c1442cb70eb",
      "dataPsmClass": "https://ofn.gov.cz/class/1742235606195-b8fa-9b2f-a5cf"
    },
    {
      "types": [
        "core-operation",
        "https://ofn.gov.cz/slovník/psm/SetPart"
      ],
      "iri": "https://ofn.gov.cz/operation/1742338510193-c4d5-e412-b4e3",
      "parent": "https://ofn.gov.cz/operation/1742338510153-6b5b-36de-9496",
      "dataPsmAssociationEnd": "https://ofn.gov.cz/association/1742235573496-2eb8-d02a-b8d5",
      "dataPsmPart": "https://ofn.gov.cz/class-reference/1742338510153-4b9d-339e-a3cb"
    },
    {
      "types": [
        "core-operation",
        "https://ofn.gov.cz/slovník/psm/CreateClassReference"
      ],
      "iri": "https://ofn.gov.cz/operation/1742338514315-244b-c21c-87f5",
      "parent": "https://ofn.gov.cz/operation/1742338510193-c4d5-e412-b4e3",
      "dataPsmNewIri": null,
      "dataPsmSpecification": "6f97608f-3118-4975-a7e3-046f8fc0c04f",
      "dataPsmClass": "https://ofn.gov.cz/class/1742234312711-3b17-2e3d-91b1"
    },
    {
      "types": [
        "core-operation",
        "https://ofn.gov.cz/slovník/psm/SetPart"
      ],
      "iri": "https://ofn.gov.cz/operation/1742338514346-47f7-8d50-b0fc",
      "parent": "https://ofn.gov.cz/operation/1742338514315-244b-c21c-87f5",
      "dataPsmAssociationEnd": "https://ofn.gov.cz/association/1742235573557-7ba5-50d9-b741",
      "dataPsmPart": "https://ofn.gov.cz/class-reference/1742338514315-e3be-ee51-90ca"
    },
    {
      "types": [
        "core-operation",
        "https://ofn.gov.cz/slovník/psm/SetTechnicalLabel"
      ],
      "iri": "https://ofn.gov.cz/operation/1742338574601-4470-23a6-b994",
      "parent": "https://ofn.gov.cz/operation/1742338514346-47f7-8d50-b0fc",
      "dataPsmResource": "https://ofn.gov.cz/association/1742235573496-2eb8-d02a-b8d5",
      "dataPsmTechnicalLabel": "role"
    },
    {
      "types": [
        "core-operation",
        "https://ofn.gov.cz/slovník/psm/SetMaterialized"
      ],
      "iri": "https://ofn.gov.cz/operation/1742338574629-0da9-b624-a58d",
      "parent": "https://ofn.gov.cz/operation/1742338574601-4470-23a6-b994",
      "dataPsmAssociationEnd": "https://ofn.gov.cz/association/1742235573496-2eb8-d02a-b8d5",
      "dataPsmIsDematerialized": true
    },
    {
      "types": [
        "core-operation",
        "https://ofn.gov.cz/slovník/psm/SetTechnicalLabel"
      ],
      "iri": "https://ofn.gov.cz/operation/1742338582818-44ad-7f8e-91ff",
      "parent": "https://ofn.gov.cz/operation/1742338574629-0da9-b624-a58d",
      "dataPsmResource": "https://ofn.gov.cz/association/1742235573557-7ba5-50d9-b741",
      "dataPsmTechnicalLabel": "relation"
    },
    {
      "types": [
        "core-operation",
        "https://ofn.gov.cz/slovník/psm/SetMaterialized"
      ],
      "iri": "https://ofn.gov.cz/operation/1742338582854-23e5-950a-ae54",
      "parent": "https://ofn.gov.cz/operation/1742338582818-44ad-7f8e-91ff",
      "dataPsmAssociationEnd": "https://ofn.gov.cz/association/1742235573557-7ba5-50d9-b741",
      "dataPsmIsDematerialized": true
    },
    {
      "types": [
        "core-operation",
        "https://ofn.gov.cz/slovník/psm/SetMaterialized"
      ],
      "iri": "https://ofn.gov.cz/operation/1742373904851-227a-67ad-b129",
      "parent": "https://ofn.gov.cz/operation/1742338582854-23e5-950a-ae54",
      "dataPsmAssociationEnd": "https://ofn.gov.cz/association/1742235573557-7ba5-50d9-b741",
      "dataPsmIsDematerialized": false
    }
  ],
  "resources": {
    "edaeb96d-b03f-46fe-ba4e-b7065361fd5d": {
      "types": [
        "https://ofn.gov.cz/slovník/psm/Schema"
      ],
      "iri": "edaeb96d-b03f-46fe-ba4e-b7065361fd5d",
      "dataPsmHumanLabel": {
        "cs": "Resource to Agent Relationship",
        "en": "Resource to Agent Relationship"
      },
      "dataPsmHumanDescription": {
        "cs": "Datová struktura pro Resource to Agent Relationship. An association class for attaching additional information to a relationship between Dataset and Agent.",
        "en": "Data structure for Resource to Agent Relationship. An association class for attaching additional information to a relationship between Dataset and Agent."
      },
      "dataPsmTechnicalLabel": null,
      "dataPsmRoots": [
        "https://ofn.gov.cz/class/1742235557653-64a2-513a-97fe"
      ],
      "dataPsmParts": [
        "https://ofn.gov.cz/class/1742235557653-64a2-513a-97fe",
        "https://ofn.gov.cz/association/1742235573496-2eb8-d02a-b8d5",
        "https://ofn.gov.cz/association/1742235573557-7ba5-50d9-b741",
        "https://ofn.gov.cz/class-reference/1742338349013-f84d-8b8e-92e7",
        "https://ofn.gov.cz/class-reference/1742338354198-5b27-8154-ba84",
        "https://ofn.gov.cz/class-reference/1742338510153-4b9d-339e-a3cb",
        "https://ofn.gov.cz/class-reference/1742338514315-e3be-ee51-90ca"
      ]
    },
    "https://ofn.gov.cz/class/1742235557653-64a2-513a-97fe": {
      "types": [
        "https://ofn.gov.cz/slovník/psm/Class"
      ],
      "iri": "https://ofn.gov.cz/class/1742235557653-64a2-513a-97fe",
      "dataPsmHumanLabel": null,
      "dataPsmHumanDescription": null,
      "dataPsmTechnicalLabel": "resource_to_agent_relationship",
      "dataPsmInterpretation": "5efwrun05sam7w6d54p",
      "dataPsmExtends": [],
      "dataPsmParts": [
        "https://ofn.gov.cz/association/1742235573496-2eb8-d02a-b8d5",
        "https://ofn.gov.cz/association/1742235573557-7ba5-50d9-b741"
      ],
      "dataPsmIsClosed": null
    },
    "https://ofn.gov.cz/association/1742235573496-2eb8-d02a-b8d5": {
      "types": [
        "https://ofn.gov.cz/slovník/psm/AssociationEnd"
      ],
      "iri": "https://ofn.gov.cz/association/1742235573496-2eb8-d02a-b8d5",
      "dataPsmHumanLabel": null,
      "dataPsmHumanDescription": null,
      "dataPsmTechnicalLabel": "role",
      "dataPsmInterpretation": "7ezk2krx8crm7w6shit",
      "dataPsmPart": "https://ofn.gov.cz/class-reference/1742338510153-4b9d-339e-a3cb",
      "dataPsmIsReverse": false,
      "dataPsmIsDematerialize": true
    },
    "https://ofn.gov.cz/association/1742235573557-7ba5-50d9-b741": {
      "types": [
        "https://ofn.gov.cz/slovník/psm/AssociationEnd"
      ],
      "iri": "https://ofn.gov.cz/association/1742235573557-7ba5-50d9-b741",
      "dataPsmHumanLabel": null,
      "dataPsmHumanDescription": null,
      "dataPsmTechnicalLabel": "relation",
      "dataPsmInterpretation": "xgmi51m5esm7w6p75c",
      "dataPsmPart": "https://ofn.gov.cz/class-reference/1742338514315-e3be-ee51-90ca",
      "dataPsmIsReverse": false,
      "dataPsmIsDematerialize": false
    },
    "https://ofn.gov.cz/class-reference/1742338349013-f84d-8b8e-92e7": {
      "types": [
        "https://ofn.gov.cz/slovník/psm/ClassReference"
      ],
      "iri": "https://ofn.gov.cz/class-reference/1742338349013-f84d-8b8e-92e7",
      "dataPsmSpecification": "4fd91afc-e490-4b08-bbdf-4c1442cb70eb",
      "dataPsmClass": "https://ofn.gov.cz/class/1742235606195-b8fa-9b2f-a5cf"
    },
    "https://ofn.gov.cz/class-reference/1742338354198-5b27-8154-ba84": {
      "types": [
        "https://ofn.gov.cz/slovník/psm/ClassReference"
      ],
      "iri": "https://ofn.gov.cz/class-reference/1742338354198-5b27-8154-ba84",
      "dataPsmSpecification": "6f97608f-3118-4975-a7e3-046f8fc0c04f",
      "dataPsmClass": "https://ofn.gov.cz/class/1742234312711-3b17-2e3d-91b1"
    },
    "https://ofn.gov.cz/class-reference/1742338510153-4b9d-339e-a3cb": {
      "types": [
        "https://ofn.gov.cz/slovník/psm/ClassReference"
      ],
      "iri": "https://ofn.gov.cz/class-reference/1742338510153-4b9d-339e-a3cb",
      "dataPsmSpecification": "4fd91afc-e490-4b08-bbdf-4c1442cb70eb",
      "dataPsmClass": "https://ofn.gov.cz/class/1742235606195-b8fa-9b2f-a5cf"
    },
    "https://ofn.gov.cz/class-reference/1742338514315-e3be-ee51-90ca": {
      "types": [
        "https://ofn.gov.cz/slovník/psm/ClassReference"
      ],
      "iri": "https://ofn.gov.cz/class-reference/1742338514315-e3be-ee51-90ca",
      "dataPsmSpecification": "6f97608f-3118-4975-a7e3-046f8fc0c04f",
      "dataPsmClass": "https://ofn.gov.cz/class/1742234312711-3b17-2e3d-91b1"
    }
  }
}