{
  "operations": [
    {
      "types": [
        "core-operation",
        "https://ofn.gov.cz/slovník/psm/CreateClass"
      ],
      "iri": "https://ofn.gov.cz/operation/1742340187136-d497-aff0-9c44",
      "parent": null,
      "dataPsmNewIri": null,
      "dataPsmInterpretation": "0yqleht4693om8f0pgrs",
      "dataPsmTechnicalLabel": "alternate_title",
      "dataPsmHumanLabel": null,
      "dataPsmHumanDescription": null,
      "dataPsmExtends": [],
      "dataPsmIsClosed": null
    },
    {
      "types": [
        "core-operation",
        "https://ofn.gov.cz/slovník/psm/SetRoots"
      ],
      "iri": "https://ofn.gov.cz/operation/1742340187161-3017-36bc-b1f2",
      "parent": "https://ofn.gov.cz/operation/1742340187136-d497-aff0-9c44",
      "dataPsmRoots": [
        "https://ofn.gov.cz/class/1742340187136-c36a-9f4c-b745"
      ]
    },
    {
      "types": [
        "core-operation",
        "https://ofn.gov.cz/slovník/psm/SetHumanLabel"
      ],
      "iri": "https://ofn.gov.cz/operation/1742340187191-6691-a0e9-be62",
      "parent": "https://ofn.gov.cz/operation/1742340187161-3017-36bc-b1f2",
      "dataPsmResource": "f004e77b-b623-43f2-a560-aca1dcf8b661",
      "dataPsmHumanLabel": {
        "cs": "Alternate title",
        "en": "Alternate title"
      }
    },
    {
      "types": [
        "core-operation",
        "https://ofn.gov.cz/slovník/psm/SetHumanDescription"
      ],
      "iri": "https://ofn.gov.cz/operation/1742340187218-8c68-ee00-a018",
      "parent": "https://ofn.gov.cz/operation/1742340187191-6691-a0e9-be62",
      "dataPsmResource": "f004e77b-b623-43f2-a560-aca1dcf8b661",
      "dataPsmHumanDescription": {
        "cs": "Datová struktura pro Alternate title. Alternate title f the resource",
        "en": "Data structure for Alternate title. Alternate title f the resource"
      }
    },
    {
      "types": [
        "core-operation",
        "https://ofn.gov.cz/slovník/psm/CreateAttribute"
      ],
      "iri": "https://ofn.gov.cz/operation/1742340191397-0092-07b3-8a0c",
      "parent": "https://ofn.gov.cz/operation/1742340187218-8c68-ee00-a018",
      "dataPsmNewIri": null,
      "dataPsmInterpretation": "ie06dp03epm8f2ri4a",
      "dataPsmTechnicalLabel": "title",
      "dataPsmHumanLabel": null,
      "dataPsmHumanDescription": null,
      "dataPsmOwner": "https://ofn.gov.cz/class/1742340187136-c36a-9f4c-b745",
      "dataPsmDatatype": "http://www.w3.org/1999/02/22-rdf-syntax-ns#langString"
    },
    {
      "types": [
        "core-operation",
        "https://ofn.gov.cz/slovník/psm/CreateAttribute"
      ],
      "iri": "https://ofn.gov.cz/operation/1742340191437-e731-ab28-8d85",
      "parent": "https://ofn.gov.cz/operation/1742340191397-0092-07b3-8a0c",
      "dataPsmNewIri": null,
      "dataPsmInterpretation": "ad2ixzmjcilm8f0vuh6",
      "dataPsmTechnicalLabel": "type",
      "dataPsmHumanLabel": null,
      "dataPsmHumanDescription": null,
      "dataPsmOwner": "https://ofn.gov.cz/class/1742340187136-c36a-9f4c-b745",
      "dataPsmDatatype": "http://www.w3.org/2001/XMLSchema#string"
    }
  ],
  "resources": {
    "f004e77b-b623-43f2-a560-aca1dcf8b661": {
      "types": [
        "https://ofn.gov.cz/slovník/psm/Schema"
      ],
      "iri": "f004e77b-b623-43f2-a560-aca1dcf8b661",
      "dataPsmHumanLabel": {
        "cs": "Alternate title",
        "en": "Alternate title"
      },
      "dataPsmHumanDescription": {
        "cs": "Datová struktura pro Alternate title. Alternate title f the resource",
        "en": "Data structure for Alternate title. Alternate title f the resource"
      },
      "dataPsmTechnicalLabel": null,
      "dataPsmRoots": [
        "https://ofn.gov.cz/class/1742340187136-c36a-9f4c-b745"
      ],
      "dataPsmParts": [
        "https://ofn.gov.cz/class/1742340187136-c36a-9f4c-b745",
        "https://ofn.gov.cz/attribute/1742340191397-824a-3a29-813e",
        "https://ofn.gov.cz/attribute/1742340191437-5472-8079-a2ba"
      ]
    },
    "https://ofn.gov.cz/class/1742340187136-c36a-9f4c-b745": {
      "types": [
        "https://ofn.gov.cz/slovník/psm/Class"
      ],
      "iri": "https://ofn.gov.cz/class/1742340187136-c36a-9f4c-b745",
      "dataPsmHumanLabel": null,
      "dataPsmHumanDescription": null,
      "dataPsmTechnicalLabel": "alternate_title",
      "dataPsmInterpretation": "0yqleht4693om8f0pgrs",
      "dataPsmExtends": [],
      "dataPsmParts": [
        "https://ofn.gov.cz/attribute/1742340191397-824a-3a29-813e",
        "https://ofn.gov.cz/attribute/1742340191437-5472-8079-a2ba"
      ],
      "dataPsmIsClosed": null
    },
    "https://ofn.gov.cz/attribute/1742340191397-824a-3a29-813e": {
      "types": [
        "https://ofn.gov.cz/slovník/psm/Attribute"
      ],
      "iri": "https://ofn.gov.cz/attribute/1742340191397-824a-3a29-813e",
      "dataPsmHumanLabel": null,
      "dataPsmHumanDescription": null,
      "dataPsmTechnicalLabel": "title",
      "dataPsmInterpretation": "ie06dp03epm8f2ri4a",
      "dataPsmDatatype": "http://www.w3.org/1999/02/22-rdf-syntax-ns#langString"
    },
    "https://ofn.gov.cz/attribute/1742340191437-5472-8079-a2ba": {
      "types": [
        "https://ofn.gov.cz/slovník/psm/Attribute"
      ],
      "iri": "https://ofn.gov.cz/attribute/1742340191437-5472-8079-a2ba",
      "dataPsmHumanLabel": null,
      "dataPsmHumanDescription": null,
      "dataPsmTechnicalLabel": "type",
      "dataPsmInterpretation": "ad2ixzmjcilm8f0vuh6",
      "dataPsmDatatype": "http://www.w3.org/2001/XMLSchema#string"
    }
  }
}