{
  "operations": [
    {
      "types": [
        "core-operation",
        "https://ofn.gov.cz/slovník/psm/CreateClass"
      ],
      "iri": "https://ofn.gov.cz/operation/1742341134353-a588-9f0c-9ab3",
      "parent": null,
      "dataPsmNewIri": null,
      "dataPsmInterpretation": "s4oecatrytcm7yma45p",
      "dataPsmTechnicalLabel": "data_service",
      "dataPsmHumanLabel": null,
      "dataPsmHumanDescription": null,
      "dataPsmExtends": [],
      "dataPsmIsClosed": null
    },
    {
      "types": [
        "core-operation",
        "https://ofn.gov.cz/slovník/psm/SetRoots"
      ],
      "iri": "https://ofn.gov.cz/operation/1742341134390-d602-c93d-9291",
      "parent": "https://ofn.gov.cz/operation/1742341134353-a588-9f0c-9ab3",
      "dataPsmRoots": [
        "https://ofn.gov.cz/class/1742341134353-4364-b792-b174"
      ]
    },
    {
      "types": [
        "core-operation",
        "https://ofn.gov.cz/slovník/psm/SetHumanLabel"
      ],
      "iri": "https://ofn.gov.cz/operation/1742341134428-0605-c5f4-9a80",
      "parent": "https://ofn.gov.cz/operation/1742341134390-d602-c93d-9291",
      "dataPsmResource": "f5642222-ae65-4b72-8f09-414f74ba7b7e",
      "dataPsmHumanLabel": {
        "cs": "Data service",
        "en": "Data service"
      }
    },
    {
      "types": [
        "core-operation",
        "https://ofn.gov.cz/slovník/psm/SetHumanDescription"
      ],
      "iri": "https://ofn.gov.cz/operation/1742341134464-10dd-9e60-b67d",
      "parent": "https://ofn.gov.cz/operation/1742341134428-0605-c5f4-9a80",
      "dataPsmResource": "f5642222-ae65-4b72-8f09-414f74ba7b7e",
      "dataPsmHumanDescription": {
        "cs": "Datová struktura pro Data service. Umístění či přístupový bod poskytující operace související s hledáním, přistupem k, či výkonem funkcí na datech či souvisejících zdrojích.",
        "en": "Data structure for Data service. A collection of operations that provides access to one or more datasets or data processing functions."
      }
    },
    {
      "types": [
        "core-operation",
        "https://ofn.gov.cz/slovník/psm/CreateAttribute"
      ],
      "iri": "https://ofn.gov.cz/operation/1742341140935-aa07-e930-a3d3",
      "parent": "https://ofn.gov.cz/operation/1742341134464-10dd-9e60-b67d",
      "dataPsmNewIri": null,
      "dataPsmInterpretation": "x5cjboao38dm8f2mqx2",
      "dataPsmTechnicalLabel": "label",
      "dataPsmHumanLabel": null,
      "dataPsmHumanDescription": null,
      "dataPsmOwner": "https://ofn.gov.cz/class/1742341134353-4364-b792-b174",
      "dataPsmDatatype": "http://www.w3.org/1999/02/22-rdf-syntax-ns#langString"
    },
    {
      "types": [
        "core-operation",
        "https://ofn.gov.cz/slovník/psm/CreateClass"
      ],
      "iri": "https://ofn.gov.cz/operation/1742341140969-bc06-cd7d-be75",
      "parent": "https://ofn.gov.cz/operation/1742341140935-aa07-e930-a3d3",
      "dataPsmNewIri": null,
      "dataPsmInterpretation": "pxybpkdil5lm7w19him",
      "dataPsmTechnicalLabel": "resource",
      "dataPsmHumanLabel": null,
      "dataPsmHumanDescription": null,
      "dataPsmExtends": [],
      "dataPsmIsClosed": null
    },
    {
      "types": [
        "core-operation",
        "https://ofn.gov.cz/slovník/psm/CreateAssociationEnd"
      ],
      "iri": "https://ofn.gov.cz/operation/1742341140997-92fd-ec58-96be",
      "parent": "https://ofn.gov.cz/operation/1742341140969-bc06-cd7d-be75",
      "dataPsmNewIri": null,
      "dataPsmInterpretation": "8aenata0fqkm8f2kj74",
      "dataPsmTechnicalLabel": "endpoint_url",
      "dataPsmHumanLabel": null,
      "dataPsmHumanDescription": null,
      "dataPsmOwner": "https://ofn.gov.cz/class/1742341134353-4364-b792-b174",
      "dataPsmPart": "https://ofn.gov.cz/class/1742341140969-18bd-25bd-b648",
      "dataPsmIsReverse": false,
      "dataPsmIsDematerialize": null
    }
  ],
  "resources": {
    "f5642222-ae65-4b72-8f09-414f74ba7b7e": {
      "types": [
        "https://ofn.gov.cz/slovník/psm/Schema"
      ],
      "iri": "f5642222-ae65-4b72-8f09-414f74ba7b7e",
      "dataPsmHumanLabel": {
        "cs": "Data service",
        "en": "Data service"
      },
      "dataPsmHumanDescription": {
        "cs": "Datová struktura pro Data service. Umístění či přístupový bod poskytující operace související s hledáním, přistupem k, či výkonem funkcí na datech či souvisejících zdrojích.",
        "en": "Data structure for Data service. A collection of operations that provides access to one or more datasets or data processing functions."
      },
      "dataPsmTechnicalLabel": null,
      "dataPsmRoots": [
        "https://ofn.gov.cz/class/1742341134353-4364-b792-b174"
      ],
      "dataPsmParts": [
        "https://ofn.gov.cz/class/1742341134353-4364-b792-b174",
        "https://ofn.gov.cz/attribute/1742341140934-eeeb-3c55-87f1",
        "https://ofn.gov.cz/class/1742341140969-18bd-25bd-b648",
        "https://ofn.gov.cz/association/1742341140996-d8dd-3a23-9aec"
      ]
    },
    "https://ofn.gov.cz/class/1742341134353-4364-b792-b174": {
      "types": [
        "https://ofn.gov.cz/slovník/psm/Class"
      ],
      "iri": "https://ofn.gov.cz/class/1742341134353-4364-b792-b174",
      "dataPsmHumanLabel": null,
      "dataPsmHumanDescription": null,
      "dataPsmTechnicalLabel": "data_service",
      "dataPsmInterpretation": "s4oecatrytcm7yma45p",
      "dataPsmExtends": [],
      "dataPsmParts": [
        "https://ofn.gov.cz/attribute/1742341140934-eeeb-3c55-87f1",
        "https://ofn.gov.cz/association/1742341140996-d8dd-3a23-9aec"
      ],
      "dataPsmIsClosed": null
    },
    "https://ofn.gov.cz/attribute/1742341140934-eeeb-3c55-87f1": {
      "types": [
        "https://ofn.gov.cz/slovník/psm/Attribute"
      ],
      "iri": "https://ofn.gov.cz/attribute/1742341140934-eeeb-3c55-87f1",
      "dataPsmHumanLabel": null,
      "dataPsmHumanDescription": null,
      "dataPsmTechnicalLabel": "label",
      "dataPsmInterpretation": "x5cjboao38dm8f2mqx2",
      "dataPsmDatatype": "http://www.w3.org/1999/02/22-rdf-syntax-ns#langString"
    },
    "https://ofn.gov.cz/class/1742341140969-18bd-25bd-b648": {
      "types": [
        "https://ofn.gov.cz/slovník/psm/Class"
      ],
      "iri": "https://ofn.gov.cz/class/1742341140969-18bd-25bd-b648",
      "dataPsmHumanLabel": null,
      "dataPsmHumanDescription": null,
      "dataPsmTechnicalLabel": "resource",
      "dataPsmInterpretation": "pxybpkdil5lm7w19him",
      "dataPsmExtends": [],
      "dataPsmParts": [],
      "dataPsmIsClosed": null
    },
    "https://ofn.gov.cz/association/1742341140996-d8dd-3a23-9aec": {
      "types": [
        "https://ofn.gov.cz/slovník/psm/AssociationEnd"
      ],
      "iri": "https://ofn.gov.cz/association/1742341140996-d8dd-3a23-9aec",
      "dataPsmHumanLabel": null,
      "dataPsmHumanDescription": null,
      "dataPsmTechnicalLabel": "endpoint_url",
      "dataPsmInterpretation": "8aenata0fqkm8f2kj74",
      "dataPsmPart": "https://ofn.gov.cz/class/1742341140969-18bd-25bd-b648",
      "dataPsmIsReverse": false,
      "dataPsmIsDematerialize": null
    }
  }
}