{
  "iri": "f5d6e146-83c2-40b3-bd8f-aaf6851462a2",
  "types": [
    "http://dataspecer.com/resources/v1/psm"
  ],
  "userMetadata": {
    "label": {
      "cs": "Subject scheme",
      "en": "Subject scheme"
    },
    "description": {
      "cs": "Datová struktura pro Subject scheme. Collection of subjects (keywords, concepts, classification codes) curated by a single source.",
      "en": "Data structure for Subject scheme. Collection of subjects (keywords, concepts, classification codes) curated by a single source."
    }
  },
  "metadata": {
    "creationDate": "2025-03-18T23:14:06.077Z",
    "modificationDate": "2025-03-19T08:45:06.845Z"
  },
  "_version": 1,
  "_exportVersion": 1,
  "_exportedAt": "2025-03-19T09:35:11.944Z",
  "_exportedBy": "http://localhost:3100"
}