{
  "operations": [
    {
      "types": [
        "core-operation",
        "https://ofn.gov.cz/slovník/psm/CreateClass"
      ],
      "iri": "https://ofn.gov.cz/operation/1742339651960-a0a6-1096-8ede",
      "parent": null,
      "dataPsmNewIri": null,
      "dataPsmInterpretation": "uhydoyedamfm7ypr1v1",
      "dataPsmTechnicalLabel": "subject_scheme",
      "dataPsmHumanLabel": null,
      "dataPsmHumanDescription": null,
      "dataPsmExtends": [],
      "dataPsmIsClosed": null
    },
    {
      "types": [
        "core-operation",
        "https://ofn.gov.cz/slovník/psm/SetRoots"
      ],
      "iri": "https://ofn.gov.cz/operation/1742339651993-3ad8-4adb-98e2",
      "parent": "https://ofn.gov.cz/operation/1742339651960-a0a6-1096-8ede",
      "dataPsmRoots": [
        "https://ofn.gov.cz/class/1742339651960-5772-aba1-b7dc"
      ]
    },
    {
      "types": [
        "core-operation",
        "https://ofn.gov.cz/slovník/psm/SetHumanLabel"
      ],
      "iri": "https://ofn.gov.cz/operation/1742339652029-e4c5-f2a3-a584",
      "parent": "https://ofn.gov.cz/operation/1742339651993-3ad8-4adb-98e2",
      "dataPsmResource": "f5d6e146-83c2-40b3-bd8f-aaf6851462a2",
      "dataPsmHumanLabel": {
        "cs": "Subject scheme",
        "en": "Subject scheme"
      }
    },
    {
      "types": [
        "core-operation",
        "https://ofn.gov.cz/slovník/psm/SetHumanDescription"
      ],
      "iri": "https://ofn.gov.cz/operation/1742339652062-aa39-23f5-9c99",
      "parent": "https://ofn.gov.cz/operation/1742339652029-e4c5-f2a3-a584",
      "dataPsmResource": "f5d6e146-83c2-40b3-bd8f-aaf6851462a2",
      "dataPsmHumanDescription": {
        "cs": "Datová struktura pro Subject scheme. Collection of subjects (keywords, concepts, classification codes) curated by a single source.",
        "en": "Data structure for Subject scheme. Collection of subjects (keywords, concepts, classification codes) curated by a single source."
      }
    },
    {
      "types": [
        "core-operation",
        "https://ofn.gov.cz/slovník/psm/CreateAttribute"
      ],
      "iri": "https://ofn.gov.cz/operation/1742339655805-dffe-bda9-99ac",
      "parent": "https://ofn.gov.cz/operation/1742339652062-aa39-23f5-9c99",
      "dataPsmNewIri": null,
      "dataPsmInterpretation": "rc6dbbbuo3om8f1qpsx",
      "dataPsmTechnicalLabel": "label",
      "dataPsmHumanLabel": null,
      "dataPsmHumanDescription": null,
      "dataPsmOwner": "https://ofn.gov.cz/class/1742339651960-5772-aba1-b7dc",
      "dataPsmDatatype": "http://www.w3.org/1999/02/22-rdf-syntax-ns#langString"
    }
  ],
  "resources": {
    "f5d6e146-83c2-40b3-bd8f-aaf6851462a2": {
      "types": [
        "https://ofn.gov.cz/slovník/psm/Schema"
      ],
      "iri": "f5d6e146-83c2-40b3-bd8f-aaf6851462a2",
      "dataPsmHumanLabel": {
        "cs": "Subject scheme",
        "en": "Subject scheme"
      },
      "dataPsmHumanDescription": {
        "cs": "Datová struktura pro Subject scheme. Collection of subjects (keywords, concepts, classification codes) curated by a single source.",
        "en": "Data structure for Subject scheme. Collection of subjects (keywords, concepts, classification codes) curated by a single source."
      },
      "dataPsmTechnicalLabel": null,
      "dataPsmRoots": [
        "https://ofn.gov.cz/class/1742339651960-5772-aba1-b7dc"
      ],
      "dataPsmParts": [
        "https://ofn.gov.cz/class/1742339651960-5772-aba1-b7dc",
        "https://ofn.gov.cz/attribute/1742339655805-ddd7-a657-a26a"
      ]
    },
    "https://ofn.gov.cz/class/1742339651960-5772-aba1-b7dc": {
      "types": [
        "https://ofn.gov.cz/slovník/psm/Class"
      ],
      "iri": "https://ofn.gov.cz/class/1742339651960-5772-aba1-b7dc",
      "dataPsmHumanLabel": null,
      "dataPsmHumanDescription": null,
      "dataPsmTechnicalLabel": "subject_scheme",
      "dataPsmInterpretation": "uhydoyedamfm7ypr1v1",
      "dataPsmExtends": [],
      "dataPsmParts": [
        "https://ofn.gov.cz/attribute/1742339655805-ddd7-a657-a26a"
      ],
      "dataPsmIsClosed": null
    },
    "https://ofn.gov.cz/attribute/1742339655805-ddd7-a657-a26a": {
      "types": [
        "https://ofn.gov.cz/slovník/psm/Attribute"
      ],
      "iri": "https://ofn.gov.cz/attribute/1742339655805-ddd7-a657-a26a",
      "dataPsmHumanLabel": null,
      "dataPsmHumanDescription": null,
      "dataPsmTechnicalLabel": "label",
      "dataPsmInterpretation": "rc6dbbbuo3om8f1qpsx",
      "dataPsmDatatype": "http://www.w3.org/1999/02/22-rdf-syntax-ns#langString"
    }
  }
}