{
  "iri": "faa381aa-72a5-4318-a36c-dceb209db7ea",
  "types": [
    "http://dataspecer.com/resources/v1/psm"
  ],
  "userMetadata": {
    "label": {
      "cs": "Katalog",
      "en": "Repository"
    },
    "description": {
      "cs": "Datová struktura pro Katalog. Řízená kolekce metadat o datových sadách a datových službách",
      "en": "Data structure for Repository. A curated collection of metadata about resources."
    }
  },
  "metadata": {
    "creationDate": "2025-04-15T12:56:11.635Z",
    "modificationDate": "2025-04-17T06:31:31.509Z"
  },
  "_version": 1,
  "_exportVersion": 1,
  "_exportedAt": "2025-04-22T09:06:11.774Z",
  "_exportedBy": "http://localhost:3100"
}