{
  "operations": [
    {
      "types": [
        "core-operation",
        "https://ofn.gov.cz/slovník/psm/CreateClass"
      ],
      "iri": "https://ofn.gov.cz/operation/1742340936467-3c93-9081-b511",
      "parent": null,
      "dataPsmNewIri": null,
      "dataPsmInterpretation": "wvptnmmpc3cm7ytmhy8",
      "dataPsmTechnicalLabel": "geometry",
      "dataPsmHumanLabel": null,
      "dataPsmHumanDescription": null,
      "dataPsmExtends": [],
      "dataPsmIsClosed": null
    },
    {
      "types": [
        "core-operation",
        "https://ofn.gov.cz/slovník/psm/SetRoots"
      ],
      "iri": "https://ofn.gov.cz/operation/1742340936494-529a-b707-9e02",
      "parent": "https://ofn.gov.cz/operation/1742340936467-3c93-9081-b511",
      "dataPsmRoots": [
        "https://ofn.gov.cz/class/1742340936467-5d87-fae6-b5c7"
      ]
    },
    {
      "types": [
        "core-operation",
        "https://ofn.gov.cz/slovník/psm/SetHumanLabel"
      ],
      "iri": "https://ofn.gov.cz/operation/1742340936520-9077-d325-973a",
      "parent": "https://ofn.gov.cz/operation/1742340936494-529a-b707-9e02",
      "dataPsmResource": "fe716aa9-f14d-44d6-bcf2-f0a1065db9db",
      "dataPsmHumanLabel": {
        "cs": "Geometry",
        "en": "Geometry"
      }
    },
    {
      "types": [
        "core-operation",
        "https://ofn.gov.cz/slovník/psm/SetHumanDescription"
      ],
      "iri": "https://ofn.gov.cz/operation/1742340936548-84eb-7bd2-8d35",
      "parent": "https://ofn.gov.cz/operation/1742340936520-9077-d325-973a",
      "dataPsmResource": "fe716aa9-f14d-44d6-bcf2-f0a1065db9db",
      "dataPsmHumanDescription": {
        "cs": "Datová struktura pro Geometry. The Geometry class provides the means to identify a location as a point, line, polygon, etc. expressed using coordinates in some coordinate reference system.",
        "en": "Data structure for Geometry. The Geometry class provides the means to identify a location as a point, line, polygon, etc. expressed using coordinates in some coordinate reference system."
      }
    },
    {
      "types": [
        "core-operation",
        "https://ofn.gov.cz/slovník/psm/CreateAttribute"
      ],
      "iri": "https://ofn.gov.cz/operation/1742340940393-9611-56a3-aef8",
      "parent": "https://ofn.gov.cz/operation/1742340936548-84eb-7bd2-8d35",
      "dataPsmNewIri": null,
      "dataPsmInterpretation": "ou2v1c7zpnhm8f1xsac",
      "dataPsmTechnicalLabel": "label",
      "dataPsmHumanLabel": null,
      "dataPsmHumanDescription": null,
      "dataPsmOwner": "https://ofn.gov.cz/class/1742340936467-5d87-fae6-b5c7",
      "dataPsmDatatype": "http://www.w3.org/1999/02/22-rdf-syntax-ns#langString"
    }
  ],
  "resources": {
    "fe716aa9-f14d-44d6-bcf2-f0a1065db9db": {
      "types": [
        "https://ofn.gov.cz/slovník/psm/Schema"
      ],
      "iri": "fe716aa9-f14d-44d6-bcf2-f0a1065db9db",
      "dataPsmHumanLabel": {
        "cs": "Geometry",
        "en": "Geometry"
      },
      "dataPsmHumanDescription": {
        "cs": "Datová struktura pro Geometry. The Geometry class provides the means to identify a location as a point, line, polygon, etc. expressed using coordinates in some coordinate reference system.",
        "en": "Data structure for Geometry. The Geometry class provides the means to identify a location as a point, line, polygon, etc. expressed using coordinates in some coordinate reference system."
      },
      "dataPsmTechnicalLabel": null,
      "dataPsmRoots": [
        "https://ofn.gov.cz/class/1742340936467-5d87-fae6-b5c7"
      ],
      "dataPsmParts": [
        "https://ofn.gov.cz/class/1742340936467-5d87-fae6-b5c7",
        "https://ofn.gov.cz/attribute/1742340940393-8587-6ee3-970b"
      ]
    },
    "https://ofn.gov.cz/class/1742340936467-5d87-fae6-b5c7": {
      "types": [
        "https://ofn.gov.cz/slovník/psm/Class"
      ],
      "iri": "https://ofn.gov.cz/class/1742340936467-5d87-fae6-b5c7",
      "dataPsmHumanLabel": null,
      "dataPsmHumanDescription": null,
      "dataPsmTechnicalLabel": "geometry",
      "dataPsmInterpretation": "wvptnmmpc3cm7ytmhy8",
      "dataPsmExtends": [],
      "dataPsmParts": [
        "https://ofn.gov.cz/attribute/1742340940393-8587-6ee3-970b"
      ],
      "dataPsmIsClosed": null
    },
    "https://ofn.gov.cz/attribute/1742340940393-8587-6ee3-970b": {
      "types": [
        "https://ofn.gov.cz/slovník/psm/Attribute"
      ],
      "iri": "https://ofn.gov.cz/attribute/1742340940393-8587-6ee3-970b",
      "dataPsmHumanLabel": null,
      "dataPsmHumanDescription": null,
      "dataPsmTechnicalLabel": "label",
      "dataPsmInterpretation": "ou2v1c7zpnhm8f1xsac",
      "dataPsmDatatype": "http://www.w3.org/1999/02/22-rdf-syntax-ns#langString"
    }
  }
}