{
  "iri": "d54a372a-b13d-479f-b8d8-2ce4c9a06b25",
  "types": [
    "http://dataspecer.com/resources/local/package"
  ],
  "userMetadata": {
    "label": {
      "en": "Czech Core Metadata Model"
    },
    "description": {
      "en": "Application profile of Czech Core Metadata Model."
    }
  },
  "metadata": {
    "creationDate": "2025-06-24T12:02:11.020Z",
    "modificationDate": "2025-06-30T09:41:44.146Z"
  },
  "_version": 1,
  "_exportVersion": 1,
  "_exportedAt": "2025-06-30T09:44:54.898Z",
  "_exportedBy": "http://localhost:3100"
}