{
  "operations": [
    {
      "types": [
        "core-operation",
        "https://ofn.gov.cz/slovník/psm/CreateClass"
      ],
      "iri": "https://ofn.gov.cz/operation/1747685065285-3062-fccd-9648",
      "parent": null,
      "dataPsmNewIri": null,
      "dataPsmInterpretation": "xh1usvbrb5pmav74mhm",
      "dataPsmTechnicalLabel": "resource_type",
      "dataPsmHumanLabel": null,
      "dataPsmHumanDescription": null,
      "dataPsmExtends": [],
      "dataPsmIsClosed": null
    },
    {
      "types": [
        "core-operation",
        "https://ofn.gov.cz/slovník/psm/SetRoots"
      ],
      "iri": "https://ofn.gov.cz/operation/1747685065321-e51a-7ec9-b7f1",
      "parent": "https://ofn.gov.cz/operation/1747685065285-3062-fccd-9648",
      "dataPsmRoots": [
        "https://ofn.gov.cz/class/1747685065285-430a-9d52-9477"
      ]
    },
    {
      "types": [
        "core-operation",
        "https://ofn.gov.cz/slovník/psm/SetHumanLabel"
      ],
      "iri": "https://ofn.gov.cz/operation/1747685065355-e4a4-3ea0-98fa",
      "parent": "https://ofn.gov.cz/operation/1747685065321-e51a-7ec9-b7f1",
      "dataPsmResource": "025aae80-178f-419f-8eac-a3281f3e4771",
      "dataPsmHumanLabel": {
        "en": "Resource type",
        "cs": "Resource type"
      }
    },
    {
      "types": [
        "core-operation",
        "https://ofn.gov.cz/slovník/psm/SetHumanDescription"
      ],
      "iri": "https://ofn.gov.cz/operation/1747685065388-bebe-d8ef-88f6",
      "parent": "https://ofn.gov.cz/operation/1747685065355-e4a4-3ea0-98fa",
      "dataPsmResource": "025aae80-178f-419f-8eac-a3281f3e4771",
      "dataPsmHumanDescription": {
        "en": "Data structure for Resource type. Type of the resource.",
        "cs": "Datová struktura pro Resource type. Type of the resource."
      }
    },
    {
      "types": [
        "core-operation",
        "https://ofn.gov.cz/slovník/psm/CreateAttribute"
      ],
      "iri": "https://ofn.gov.cz/operation/1747685069357-75b1-250b-8e0c",
      "parent": "https://ofn.gov.cz/operation/1747685065388-bebe-d8ef-88f6",
      "dataPsmNewIri": null,
      "dataPsmInterpretation": "be8smyotvnemavemuku",
      "dataPsmTechnicalLabel": "label",
      "dataPsmHumanLabel": null,
      "dataPsmHumanDescription": null,
      "dataPsmOwner": "https://ofn.gov.cz/class/1747685065285-430a-9d52-9477",
      "dataPsmDatatype": "http://www.w3.org/1999/02/22-rdf-syntax-ns#langString"
    }
  ],
  "resources": {
    "025aae80-178f-419f-8eac-a3281f3e4771": {
      "types": [
        "https://ofn.gov.cz/slovník/psm/Schema"
      ],
      "iri": "025aae80-178f-419f-8eac-a3281f3e4771",
      "dataPsmHumanLabel": {
        "en": "Resource type",
        "cs": "Resource type"
      },
      "dataPsmHumanDescription": {
        "en": "Data structure for Resource type. Type of the resource.",
        "cs": "Datová struktura pro Resource type. Type of the resource."
      },
      "dataPsmTechnicalLabel": null,
      "dataPsmRoots": [
        "https://ofn.gov.cz/class/1747685065285-430a-9d52-9477"
      ],
      "dataPsmParts": [
        "https://ofn.gov.cz/class/1747685065285-430a-9d52-9477",
        "https://ofn.gov.cz/attribute/1747685069357-0d2c-7db8-ac6c"
      ]
    },
    "https://ofn.gov.cz/class/1747685065285-430a-9d52-9477": {
      "types": [
        "https://ofn.gov.cz/slovník/psm/Class"
      ],
      "iri": "https://ofn.gov.cz/class/1747685065285-430a-9d52-9477",
      "dataPsmHumanLabel": null,
      "dataPsmHumanDescription": null,
      "dataPsmTechnicalLabel": "resource_type",
      "dataPsmInterpretation": "xh1usvbrb5pmav74mhm",
      "dataPsmExtends": [],
      "dataPsmParts": [
        "https://ofn.gov.cz/attribute/1747685069357-0d2c-7db8-ac6c"
      ],
      "dataPsmIsClosed": null
    },
    "https://ofn.gov.cz/attribute/1747685069357-0d2c-7db8-ac6c": {
      "types": [
        "https://ofn.gov.cz/slovník/psm/Attribute"
      ],
      "iri": "https://ofn.gov.cz/attribute/1747685069357-0d2c-7db8-ac6c",
      "dataPsmHumanLabel": null,
      "dataPsmHumanDescription": null,
      "dataPsmTechnicalLabel": "label",
      "dataPsmInterpretation": "be8smyotvnemavemuku",
      "dataPsmDatatype": "http://www.w3.org/1999/02/22-rdf-syntax-ns#langString"
    }
  }
}