{
  "iri": "025aae80-178f-419f-8eac-a3281f3e4771",
  "types": [
    "http://dataspecer.com/resources/v1/psm"
  ],
  "userMetadata": {
    "label": {
      "en": "Resource type",
      "cs": "Resource type"
    },
    "description": {
      "en": "Data structure for Resource type. Type of the resource.",
      "cs": "Datová struktura pro Resource type. Type of the resource."
    }
  },
  "metadata": {
    "creationDate": "2025-06-24T12:02:19.884Z",
    "modificationDate": "2025-06-24T13:16:53.455Z"
  },
  "_version": 1,
  "_exportVersion": 1,
  "_exportedAt": "2025-06-24T13:30:48.528Z",
  "_exportedBy": "http://localhost:3100"
}