{
  "iri": "025aae80-178f-419f-8eac-a3281f3e4771",
  "types": [
    "http://dataspecer.com/resources/v1/psm"
  ],
  "userMetadata": {
    "label": {
      "en": "Resource type",
      "cs": "Resource type"
    },
    "description": {
      "en": "Data structure for Resource type. Type of the resource.",
      "cs": "Datová struktura pro Resource type. Type of the resource."
    }
  },
  "metadata": {
    "creationDate": "2025-05-19T20:04:19.987Z",
    "modificationDate": "2025-05-20T06:53:54.326Z"
  },
  "_version": 1,
  "_exportVersion": 1,
  "_exportedAt": "2025-05-20T07:36:35.999Z",
  "_exportedBy": "http://localhost:3100"
}