{
  "operations": [
    {
      "types": [
        "core-operation",
        "https://ofn.gov.cz/slovník/psm/CreateClass"
      ],
      "iri": "https://ofn.gov.cz/operation/1747731818380-f476-9082-b757",
      "parent": null,
      "dataPsmNewIri": null,
      "dataPsmInterpretation": "baqxbku5cmomawa8j3r",
      "dataPsmTechnicalLabel": "identifier_scheme",
      "dataPsmHumanLabel": null,
      "dataPsmHumanDescription": null,
      "dataPsmExtends": [],
      "dataPsmIsClosed": null
    },
    {
      "types": [
        "core-operation",
        "https://ofn.gov.cz/slovník/psm/SetRoots"
      ],
      "iri": "https://ofn.gov.cz/operation/1747731818412-ede2-4a7d-aabe",
      "parent": "https://ofn.gov.cz/operation/1747731818380-f476-9082-b757",
      "dataPsmRoots": [
        "https://ofn.gov.cz/class/1747731818380-b829-3f11-a2f1"
      ]
    },
    {
      "types": [
        "core-operation",
        "https://ofn.gov.cz/slovník/psm/SetHumanLabel"
      ],
      "iri": "https://ofn.gov.cz/operation/1747731818443-e612-3422-9b36",
      "parent": "https://ofn.gov.cz/operation/1747731818412-ede2-4a7d-aabe",
      "dataPsmResource": "084a7ed9-d8a3-4f78-81b4-d4cffbb1ed81",
      "dataPsmHumanLabel": {
        "en": "Identifier scheme",
        "cs": "Identifier scheme"
      }
    },
    {
      "types": [
        "core-operation",
        "https://ofn.gov.cz/slovník/psm/SetHumanDescription"
      ],
      "iri": "https://ofn.gov.cz/operation/1747731818472-8f80-74ab-968d",
      "parent": "https://ofn.gov.cz/operation/1747731818443-e612-3422-9b36",
      "dataPsmResource": "084a7ed9-d8a3-4f78-81b4-d4cffbb1ed81",
      "dataPsmHumanDescription": {
        "en": "Data structure for Identifier scheme. Scheme in which is the identifier value unique, usually representing some authority. Identifier scheme shall always be represented as IRI identifier.",
        "cs": "Datová struktura pro Identifier scheme. Scheme in which is the identifier value unique, usually representing some authority. Identifier scheme shall always be represented as IRI identifier."
      }
    },
    {
      "types": [
        "core-operation",
        "https://ofn.gov.cz/slovník/psm/CreateAttribute"
      ],
      "iri": "https://ofn.gov.cz/operation/1747731822119-8024-53ad-bf01",
      "parent": "https://ofn.gov.cz/operation/1747731818472-8f80-74ab-968d",
      "dataPsmNewIri": null,
      "dataPsmInterpretation": "dmx41r9202mawa9zy4",
      "dataPsmTechnicalLabel": "label",
      "dataPsmHumanLabel": null,
      "dataPsmHumanDescription": null,
      "dataPsmOwner": "https://ofn.gov.cz/class/1747731818380-b829-3f11-a2f1",
      "dataPsmDatatype": "http://www.w3.org/1999/02/22-rdf-syntax-ns#langString"
    },
    {
      "types": [
        "core-operation",
        "https://ofn.gov.cz/slovník/psm/SetInstancesHaveIdentity"
      ],
      "iri": "https://ofn.gov.cz/operation/1750770056933-7e53-5baf-9c1e",
      "parent": "https://ofn.gov.cz/operation/1747731822119-8024-53ad-bf01",
      "dataPsmClass": "https://ofn.gov.cz/class/1747731818380-b829-3f11-a2f1",
      "instancesHaveIdentity": "ALWAYS"
    }
  ],
  "resources": {
    "084a7ed9-d8a3-4f78-81b4-d4cffbb1ed81": {
      "types": [
        "https://ofn.gov.cz/slovník/psm/Schema"
      ],
      "iri": "084a7ed9-d8a3-4f78-81b4-d4cffbb1ed81",
      "dataPsmHumanLabel": {
        "en": "Identifier scheme",
        "cs": "Identifier scheme"
      },
      "dataPsmHumanDescription": {
        "en": "Data structure for Identifier scheme. Scheme in which is the identifier value unique, usually representing some authority. Identifier scheme shall always be represented as IRI identifier.",
        "cs": "Datová struktura pro Identifier scheme. Scheme in which is the identifier value unique, usually representing some authority. Identifier scheme shall always be represented as IRI identifier."
      },
      "dataPsmTechnicalLabel": null,
      "dataPsmRoots": [
        "https://ofn.gov.cz/class/1747731818380-b829-3f11-a2f1"
      ],
      "dataPsmParts": [
        "https://ofn.gov.cz/class/1747731818380-b829-3f11-a2f1",
        "https://ofn.gov.cz/attribute/1747731822119-eeb8-b5f3-a985"
      ]
    },
    "https://ofn.gov.cz/class/1747731818380-b829-3f11-a2f1": {
      "types": [
        "https://ofn.gov.cz/slovník/psm/Class"
      ],
      "iri": "https://ofn.gov.cz/class/1747731818380-b829-3f11-a2f1",
      "dataPsmHumanLabel": null,
      "dataPsmHumanDescription": null,
      "dataPsmTechnicalLabel": "identifier_scheme",
      "dataPsmInterpretation": "baqxbku5cmomawa8j3r",
      "dataPsmExtends": [],
      "dataPsmParts": [
        "https://ofn.gov.cz/attribute/1747731822119-eeb8-b5f3-a985"
      ],
      "dataPsmIsClosed": null,
      "instancesHaveIdentity": "ALWAYS"
    },
    "https://ofn.gov.cz/attribute/1747731822119-eeb8-b5f3-a985": {
      "types": [
        "https://ofn.gov.cz/slovník/psm/Attribute"
      ],
      "iri": "https://ofn.gov.cz/attribute/1747731822119-eeb8-b5f3-a985",
      "dataPsmHumanLabel": null,
      "dataPsmHumanDescription": null,
      "dataPsmTechnicalLabel": "label",
      "dataPsmInterpretation": "dmx41r9202mawa9zy4",
      "dataPsmDatatype": "http://www.w3.org/1999/02/22-rdf-syntax-ns#langString"
    }
  }
}