{
  "iri": "16cf6a9e-b46d-4ece-9c91-91f53a19cec9",
  "types": [
    "http://dataspecer.com/resources/v1/psm"
  ],
  "userMetadata": {
    "label": {
      "cs": "Provenance Statement",
      "en": "Provenance Statement"
    },
    "description": {
      "cs": "Datová struktura pro Provenance Statement. Any changes in ownership and custody of a resource since its creation that are significant for its authenticity, integrity, and interpretation.",
      "en": "Data structure for Provenance Statement. Any changes in ownership and custody of a resource since its creation that are significant for its authenticity, integrity, and interpretation."
    }
  },
  "metadata": {
    "creationDate": "2025-06-24T12:02:16.074Z",
    "modificationDate": "2025-06-30T09:36:30.723Z"
  },
  "_version": 1,
  "_exportVersion": 1,
  "_exportedAt": "2025-06-30T09:44:54.841Z",
  "_exportedBy": "http://localhost:3100"
}