{
  "iri": "269ef730-dd16-4bef-acaf-58fb3d250259",
  "types": [
    "http://dataspecer.com/resources/v1/psm"
  ],
  "userMetadata": {
    "label": {
      "en": "Access rights",
      "cs": "Access rights"
    },
    "description": {
      "en": "Data structure for Access rights. Access rights to the resource.",
      "cs": "Datová struktura pro Access rights. Access rights to the resource."
    }
  },
  "metadata": {
    "creationDate": "2025-05-19T20:10:10.083Z",
    "modificationDate": "2025-05-20T09:03:55.316Z"
  },
  "_version": 1,
  "_exportVersion": 1,
  "_exportedAt": "2025-05-20T09:05:51.072Z",
  "_exportedBy": "http://localhost:3100"
}