{
  "iri": "491d729a-effa-4cad-a735-99e17face3c8",
  "types": [
    "http://dataspecer.com/resources/v1/psm"
  ],
  "userMetadata": {
    "label": {
      "en": "Alternate title type",
      "cs": "Alternate title type"
    },
    "description": {
      "en": "Data structure for Alternate title type. Type of alternate title.",
      "cs": "Datová struktura pro Alternate title type. Type of alternate title."
    }
  },
  "metadata": {
    "creationDate": "2025-05-19T20:09:22.117Z",
    "modificationDate": "2025-05-20T09:03:55.316Z"
  },
  "_version": 1,
  "_exportVersion": 1,
  "_exportedAt": "2025-05-20T09:19:47.332Z",
  "_exportedBy": "http://localhost:3100"
}