{
  "operations": [
    {
      "types": [
        "core-operation",
        "https://ofn.gov.cz/slovník/psm/CreateClass"
      ],
      "iri": "https://ofn.gov.cz/operation/1747685228117-adfe-a715-83c2",
      "parent": null,
      "dataPsmNewIri": null,
      "dataPsmInterpretation": "x3pkcj79c3qmav6dhyv",
      "dataPsmTechnicalLabel": "location_relation_type",
      "dataPsmHumanLabel": null,
      "dataPsmHumanDescription": null,
      "dataPsmExtends": [],
      "dataPsmIsClosed": null
    },
    {
      "types": [
        "core-operation",
        "https://ofn.gov.cz/slovník/psm/SetRoots"
      ],
      "iri": "https://ofn.gov.cz/operation/1747685228144-9342-8c6c-a0f5",
      "parent": "https://ofn.gov.cz/operation/1747685228117-adfe-a715-83c2",
      "dataPsmRoots": [
        "https://ofn.gov.cz/class/1747685228117-d1d5-c203-b159"
      ]
    },
    {
      "types": [
        "core-operation",
        "https://ofn.gov.cz/slovník/psm/SetHumanLabel"
      ],
      "iri": "https://ofn.gov.cz/operation/1747685228178-4581-0551-b1c8",
      "parent": "https://ofn.gov.cz/operation/1747685228144-9342-8c6c-a0f5",
      "dataPsmResource": "5174f57b-8fb7-4c87-bae9-df331bc2626b",
      "dataPsmHumanLabel": {
        "en": "Location relation type",
        "cs": "Location relation type"
      }
    },
    {
      "types": [
        "core-operation",
        "https://ofn.gov.cz/slovník/psm/SetHumanDescription"
      ],
      "iri": "https://ofn.gov.cz/operation/1747685228202-3ae7-23d5-9d15",
      "parent": "https://ofn.gov.cz/operation/1747685228178-4581-0551-b1c8",
      "dataPsmResource": "5174f57b-8fb7-4c87-bae9-df331bc2626b",
      "dataPsmHumanDescription": {
        "en": "Data structure for Location relation type. Relation of the dataset to the resource.",
        "cs": "Datová struktura pro Location relation type. Relation of the dataset to the resource."
      }
    },
    {
      "types": [
        "core-operation",
        "https://ofn.gov.cz/slovník/psm/CreateAttribute"
      ],
      "iri": "https://ofn.gov.cz/operation/1747685232244-3c45-9b26-b067",
      "parent": "https://ofn.gov.cz/operation/1747685228202-3ae7-23d5-9d15",
      "dataPsmNewIri": null,
      "dataPsmInterpretation": "qea279jrw7mavhozfl",
      "dataPsmTechnicalLabel": "label",
      "dataPsmHumanLabel": null,
      "dataPsmHumanDescription": null,
      "dataPsmOwner": "https://ofn.gov.cz/class/1747685228117-d1d5-c203-b159",
      "dataPsmDatatype": "http://www.w3.org/1999/02/22-rdf-syntax-ns#langString"
    }
  ],
  "resources": {
    "5174f57b-8fb7-4c87-bae9-df331bc2626b": {
      "types": [
        "https://ofn.gov.cz/slovník/psm/Schema"
      ],
      "iri": "5174f57b-8fb7-4c87-bae9-df331bc2626b",
      "dataPsmHumanLabel": {
        "en": "Location relation type",
        "cs": "Location relation type"
      },
      "dataPsmHumanDescription": {
        "en": "Data structure for Location relation type. Relation of the dataset to the resource.",
        "cs": "Datová struktura pro Location relation type. Relation of the dataset to the resource."
      },
      "dataPsmTechnicalLabel": null,
      "dataPsmRoots": [
        "https://ofn.gov.cz/class/1747685228117-d1d5-c203-b159"
      ],
      "dataPsmParts": [
        "https://ofn.gov.cz/class/1747685228117-d1d5-c203-b159",
        "https://ofn.gov.cz/attribute/1747685232243-6b5e-61ae-bc5f"
      ]
    },
    "https://ofn.gov.cz/class/1747685228117-d1d5-c203-b159": {
      "types": [
        "https://ofn.gov.cz/slovník/psm/Class"
      ],
      "iri": "https://ofn.gov.cz/class/1747685228117-d1d5-c203-b159",
      "dataPsmHumanLabel": null,
      "dataPsmHumanDescription": null,
      "dataPsmTechnicalLabel": "location_relation_type",
      "dataPsmInterpretation": "x3pkcj79c3qmav6dhyv",
      "dataPsmExtends": [],
      "dataPsmParts": [
        "https://ofn.gov.cz/attribute/1747685232243-6b5e-61ae-bc5f"
      ],
      "dataPsmIsClosed": null
    },
    "https://ofn.gov.cz/attribute/1747685232243-6b5e-61ae-bc5f": {
      "types": [
        "https://ofn.gov.cz/slovník/psm/Attribute"
      ],
      "iri": "https://ofn.gov.cz/attribute/1747685232243-6b5e-61ae-bc5f",
      "dataPsmHumanLabel": null,
      "dataPsmHumanDescription": null,
      "dataPsmTechnicalLabel": "label",
      "dataPsmInterpretation": "qea279jrw7mavhozfl",
      "dataPsmDatatype": "http://www.w3.org/1999/02/22-rdf-syntax-ns#langString"
    }
  }
}