{
  "iri": "6b12e77a-aa55-4287-9040-782a3a77caab",
  "types": [
    "http://dataspecer.com/resources/local/semantic-model"
  ],
  "userMetadata": {
    "label": {
      "en": "Czech Core Metadata Model"
    },
    "description": {
      "en": "Semantic model for the profile"
    }
  },
  "metadata": {
    "creationDate": "2025-04-15T12:55:59.950Z",
    "modificationDate": "2025-05-20T09:17:50.036Z"
  },
  "_version": 1,
  "_exportVersion": 1,
  "_exportedAt": "2025-05-20T09:19:47.176Z",
  "_exportedBy": "http://localhost:3100"
}