{
  "operations": [
    {
      "types": [
        "core-operation",
        "https://ofn.gov.cz/slovník/psm/CreateClass"
      ],
      "iri": "https://ofn.gov.cz/operation/1747685284971-566a-78a5-8631",
      "parent": null,
      "dataPsmNewIri": null,
      "dataPsmInterpretation": "cqoqz9ceocimav812ox",
      "dataPsmTechnicalLabel": "format",
      "dataPsmHumanLabel": null,
      "dataPsmHumanDescription": null,
      "dataPsmExtends": [],
      "dataPsmIsClosed": null
    },
    {
      "types": [
        "core-operation",
        "https://ofn.gov.cz/slovník/psm/SetRoots"
      ],
      "iri": "https://ofn.gov.cz/operation/1747685285006-9a37-9aef-a4d3",
      "parent": "https://ofn.gov.cz/operation/1747685284971-566a-78a5-8631",
      "dataPsmRoots": [
        "https://ofn.gov.cz/class/1747685284971-4e81-5f45-a58b"
      ]
    },
    {
      "types": [
        "core-operation",
        "https://ofn.gov.cz/slovník/psm/SetHumanLabel"
      ],
      "iri": "https://ofn.gov.cz/operation/1747685285038-03d6-ff6d-96fb",
      "parent": "https://ofn.gov.cz/operation/1747685285006-9a37-9aef-a4d3",
      "dataPsmResource": "6fe574bc-2167-4d73-bdd2-ad5dc8a6f253",
      "dataPsmHumanLabel": {
        "en": "Format",
        "cs": "Format"
      }
    },
    {
      "types": [
        "core-operation",
        "https://ofn.gov.cz/slovník/psm/SetHumanDescription"
      ],
      "iri": "https://ofn.gov.cz/operation/1747685285069-3eca-5391-9950",
      "parent": "https://ofn.gov.cz/operation/1747685285038-03d6-ff6d-96fb",
      "dataPsmResource": "6fe574bc-2167-4d73-bdd2-ad5dc8a6f253",
      "dataPsmHumanDescription": {
        "en": "Data structure for Format. Format of downloadable file.",
        "cs": "Datová struktura pro Format. Format of downloadable file."
      }
    },
    {
      "types": [
        "core-operation",
        "https://ofn.gov.cz/slovník/psm/CreateAttribute"
      ],
      "iri": "https://ofn.gov.cz/operation/1747685288536-d0bd-0c6e-acf0",
      "parent": "https://ofn.gov.cz/operation/1747685285069-3eca-5391-9950",
      "dataPsmNewIri": null,
      "dataPsmInterpretation": "adctbh3lm7mav8f9lp",
      "dataPsmTechnicalLabel": "label",
      "dataPsmHumanLabel": null,
      "dataPsmHumanDescription": null,
      "dataPsmOwner": "https://ofn.gov.cz/class/1747685284971-4e81-5f45-a58b",
      "dataPsmDatatype": "http://www.w3.org/1999/02/22-rdf-syntax-ns#langString"
    },
    {
      "types": [
        "core-operation",
        "https://ofn.gov.cz/slovník/psm/SetInstancesHaveIdentity"
      ],
      "iri": "https://ofn.gov.cz/operation/1750770701685-6507-0224-97a6",
      "parent": "https://ofn.gov.cz/operation/1747685288536-d0bd-0c6e-acf0",
      "dataPsmClass": "https://ofn.gov.cz/class/1747685284971-4e81-5f45-a58b",
      "instancesHaveIdentity": "ALWAYS"
    }
  ],
  "resources": {
    "6fe574bc-2167-4d73-bdd2-ad5dc8a6f253": {
      "types": [
        "https://ofn.gov.cz/slovník/psm/Schema"
      ],
      "iri": "6fe574bc-2167-4d73-bdd2-ad5dc8a6f253",
      "dataPsmHumanLabel": {
        "en": "Format",
        "cs": "Format"
      },
      "dataPsmHumanDescription": {
        "en": "Data structure for Format. Format of downloadable file.",
        "cs": "Datová struktura pro Format. Format of downloadable file."
      },
      "dataPsmTechnicalLabel": null,
      "dataPsmRoots": [
        "https://ofn.gov.cz/class/1747685284971-4e81-5f45-a58b"
      ],
      "dataPsmParts": [
        "https://ofn.gov.cz/class/1747685284971-4e81-5f45-a58b",
        "https://ofn.gov.cz/attribute/1747685288536-30aa-4970-a045"
      ]
    },
    "https://ofn.gov.cz/class/1747685284971-4e81-5f45-a58b": {
      "types": [
        "https://ofn.gov.cz/slovník/psm/Class"
      ],
      "iri": "https://ofn.gov.cz/class/1747685284971-4e81-5f45-a58b",
      "dataPsmHumanLabel": null,
      "dataPsmHumanDescription": null,
      "dataPsmTechnicalLabel": "format",
      "dataPsmInterpretation": "cqoqz9ceocimav812ox",
      "dataPsmExtends": [],
      "dataPsmParts": [
        "https://ofn.gov.cz/attribute/1747685288536-30aa-4970-a045"
      ],
      "dataPsmIsClosed": null,
      "instancesHaveIdentity": "ALWAYS"
    },
    "https://ofn.gov.cz/attribute/1747685288536-30aa-4970-a045": {
      "types": [
        "https://ofn.gov.cz/slovník/psm/Attribute"
      ],
      "iri": "https://ofn.gov.cz/attribute/1747685288536-30aa-4970-a045",
      "dataPsmHumanLabel": null,
      "dataPsmHumanDescription": null,
      "dataPsmTechnicalLabel": "label",
      "dataPsmInterpretation": "adctbh3lm7mav8f9lp",
      "dataPsmDatatype": "http://www.w3.org/1999/02/22-rdf-syntax-ns#langString"
    }
  }
}