{
  "iri": "6fe574bc-2167-4d73-bdd2-ad5dc8a6f253",
  "types": [
    "http://dataspecer.com/resources/v1/psm"
  ],
  "userMetadata": {
    "label": {
      "en": "Format",
      "cs": "Format"
    },
    "description": {
      "en": "Data structure for Format. Format of downloadable file.",
      "cs": "Datová struktura pro Format. Format of downloadable file."
    }
  },
  "metadata": {
    "creationDate": "2025-05-19T20:07:59.908Z",
    "modificationDate": "2025-05-20T06:53:53.934Z"
  },
  "_version": 1,
  "_exportVersion": 1,
  "_exportedAt": "2025-05-20T07:36:36.000Z",
  "_exportedBy": "http://localhost:3100"
}