{
  "operations": [
    {
      "types": [
        "core-operation",
        "https://ofn.gov.cz/slovník/psm/CreateClass"
      ],
      "iri": "https://ofn.gov.cz/operation/1750748737636-e278-167d-98cb",
      "parent": null,
      "dataPsmNewIri": null,
      "dataPsmInterpretation": "7a3u9dy5afm913ohbm",
      "dataPsmTechnicalLabel": "checksum_algorithm",
      "dataPsmHumanLabel": null,
      "dataPsmHumanDescription": null,
      "dataPsmExtends": [],
      "dataPsmIsClosed": null
    },
    {
      "types": [
        "core-operation",
        "https://ofn.gov.cz/slovník/psm/SetRoots"
      ],
      "iri": "https://ofn.gov.cz/operation/1750748737667-5aad-8f07-84d9",
      "parent": "https://ofn.gov.cz/operation/1750748737636-e278-167d-98cb",
      "dataPsmRoots": [
        "https://ofn.gov.cz/class/1750748737636-4a30-db6d-87b9"
      ]
    },
    {
      "types": [
        "core-operation",
        "https://ofn.gov.cz/slovník/psm/SetHumanLabel"
      ],
      "iri": "https://ofn.gov.cz/operation/1750748737703-d6c4-5220-a482",
      "parent": "https://ofn.gov.cz/operation/1750748737667-5aad-8f07-84d9",
      "dataPsmResource": "7595b26f-8921-4cb9-9430-192c2fed4fb2",
      "dataPsmHumanLabel": {
        "en": "Checksum algorithm",
        "cs": "Checksum algorithm"
      }
    },
    {
      "types": [
        "core-operation",
        "https://ofn.gov.cz/slovník/psm/SetHumanDescription"
      ],
      "iri": "https://ofn.gov.cz/operation/1750748737733-b3f1-1b2c-8ab9",
      "parent": "https://ofn.gov.cz/operation/1750748737703-d6c4-5220-a482",
      "dataPsmResource": "7595b26f-8921-4cb9-9430-192c2fed4fb2",
      "dataPsmHumanDescription": {
        "en": "Data structure for Checksum algorithm. Algorithm used for Checksums.",
        "cs": "Datová struktura pro Checksum algorithm. Algorithm used for Checksums."
      }
    },
    {
      "types": [
        "core-operation",
        "https://ofn.gov.cz/slovník/psm/SetInstancesHaveIdentity"
      ],
      "iri": "https://ofn.gov.cz/operation/1750770636210-8562-374c-8c0f",
      "parent": "https://ofn.gov.cz/operation/1750748737733-b3f1-1b2c-8ab9",
      "dataPsmClass": "https://ofn.gov.cz/class/1750748737636-4a30-db6d-87b9",
      "instancesHaveIdentity": "ALWAYS"
    }
  ],
  "resources": {
    "7595b26f-8921-4cb9-9430-192c2fed4fb2": {
      "types": [
        "https://ofn.gov.cz/slovník/psm/Schema"
      ],
      "iri": "7595b26f-8921-4cb9-9430-192c2fed4fb2",
      "dataPsmHumanLabel": {
        "en": "Checksum algorithm",
        "cs": "Checksum algorithm"
      },
      "dataPsmHumanDescription": {
        "en": "Data structure for Checksum algorithm. Algorithm used for Checksums.",
        "cs": "Datová struktura pro Checksum algorithm. Algorithm used for Checksums."
      },
      "dataPsmTechnicalLabel": null,
      "dataPsmRoots": [
        "https://ofn.gov.cz/class/1750748737636-4a30-db6d-87b9"
      ],
      "dataPsmParts": [
        "https://ofn.gov.cz/class/1750748737636-4a30-db6d-87b9"
      ]
    },
    "https://ofn.gov.cz/class/1750748737636-4a30-db6d-87b9": {
      "types": [
        "https://ofn.gov.cz/slovník/psm/Class"
      ],
      "iri": "https://ofn.gov.cz/class/1750748737636-4a30-db6d-87b9",
      "dataPsmHumanLabel": null,
      "dataPsmHumanDescription": null,
      "dataPsmTechnicalLabel": "checksum_algorithm",
      "dataPsmInterpretation": "7a3u9dy5afm913ohbm",
      "dataPsmExtends": [],
      "dataPsmParts": [],
      "dataPsmIsClosed": null,
      "instancesHaveIdentity": "ALWAYS"
    }
  }
}