{
  "iri": "9d334437-883a-4d6b-a31e-64504dd8f60c",
  "types": [
    "http://dataspecer.com/resources/v1/psm"
  ],
  "userMetadata": {
    "label": {
      "cs": "Validation result",
      "en": "Validation result"
    },
    "description": {
      "cs": "Datová struktura pro Validation result. Class describing the result of validation testing. It may include validation of metadata, data and/or web services accessing the data.",
      "en": "Data structure for Validation result. Class describing the result of validation testing. It may include validation of metadata, data and/or web services accessing the data."
    }
  },
  "metadata": {
    "creationDate": "2025-06-24T12:02:15.380Z",
    "modificationDate": "2025-06-24T13:16:54.891Z"
  },
  "_version": 1,
  "_exportVersion": 1,
  "_exportedAt": "2025-06-24T13:30:48.513Z",
  "_exportedBy": "http://localhost:3100"
}