{
  "operations": [
    {
      "types": [
        "core-operation",
        "https://ofn.gov.cz/slovník/psm/CreateClass"
      ],
      "iri": "https://ofn.gov.cz/operation/1747685037448-f45f-0b41-8866",
      "parent": null,
      "dataPsmNewIri": null,
      "dataPsmInterpretation": "3njusexydbgmav76kca",
      "dataPsmTechnicalLabel": "resource_relation_type",
      "dataPsmHumanLabel": null,
      "dataPsmHumanDescription": null,
      "dataPsmExtends": [],
      "dataPsmIsClosed": null
    },
    {
      "types": [
        "core-operation",
        "https://ofn.gov.cz/slovník/psm/SetRoots"
      ],
      "iri": "https://ofn.gov.cz/operation/1747685037478-4fbd-77b6-86db",
      "parent": "https://ofn.gov.cz/operation/1747685037448-f45f-0b41-8866",
      "dataPsmRoots": [
        "https://ofn.gov.cz/class/1747685037448-1c9b-f7fc-b4be"
      ]
    },
    {
      "types": [
        "core-operation",
        "https://ofn.gov.cz/slovník/psm/SetHumanLabel"
      ],
      "iri": "https://ofn.gov.cz/operation/1747685037521-885f-154b-a0ac",
      "parent": "https://ofn.gov.cz/operation/1747685037478-4fbd-77b6-86db",
      "dataPsmResource": "adb6cc6f-b5c9-406c-9c32-18b898718ed8",
      "dataPsmHumanLabel": {
        "en": "Resource relation type",
        "cs": "Resource relation type"
      }
    },
    {
      "types": [
        "core-operation",
        "https://ofn.gov.cz/slovník/psm/SetHumanDescription"
      ],
      "iri": "https://ofn.gov.cz/operation/1747685037550-5b6c-14e6-bffb",
      "parent": "https://ofn.gov.cz/operation/1747685037521-885f-154b-a0ac",
      "dataPsmResource": "adb6cc6f-b5c9-406c-9c32-18b898718ed8",
      "dataPsmHumanDescription": {
        "en": "Data structure for Resource relation type. Type of the relation between the dataset and given resource.",
        "cs": "Datová struktura pro Resource relation type. Type of the relation between the dataset and given resource."
      }
    },
    {
      "types": [
        "core-operation",
        "https://ofn.gov.cz/slovník/psm/CreateAttribute"
      ],
      "iri": "https://ofn.gov.cz/operation/1747685041681-d80b-59e2-ab59",
      "parent": "https://ofn.gov.cz/operation/1747685037550-5b6c-14e6-bffb",
      "dataPsmNewIri": null,
      "dataPsmInterpretation": "08cnritfemymavhlnfm",
      "dataPsmTechnicalLabel": "label",
      "dataPsmHumanLabel": null,
      "dataPsmHumanDescription": null,
      "dataPsmOwner": "https://ofn.gov.cz/class/1747685037448-1c9b-f7fc-b4be",
      "dataPsmDatatype": "http://www.w3.org/1999/02/22-rdf-syntax-ns#langString"
    }
  ],
  "resources": {
    "adb6cc6f-b5c9-406c-9c32-18b898718ed8": {
      "types": [
        "https://ofn.gov.cz/slovník/psm/Schema"
      ],
      "iri": "adb6cc6f-b5c9-406c-9c32-18b898718ed8",
      "dataPsmHumanLabel": {
        "en": "Resource relation type",
        "cs": "Resource relation type"
      },
      "dataPsmHumanDescription": {
        "en": "Data structure for Resource relation type. Type of the relation between the dataset and given resource.",
        "cs": "Datová struktura pro Resource relation type. Type of the relation between the dataset and given resource."
      },
      "dataPsmTechnicalLabel": null,
      "dataPsmRoots": [
        "https://ofn.gov.cz/class/1747685037448-1c9b-f7fc-b4be"
      ],
      "dataPsmParts": [
        "https://ofn.gov.cz/class/1747685037448-1c9b-f7fc-b4be",
        "https://ofn.gov.cz/attribute/1747685041681-73cf-986b-90eb"
      ]
    },
    "https://ofn.gov.cz/class/1747685037448-1c9b-f7fc-b4be": {
      "types": [
        "https://ofn.gov.cz/slovník/psm/Class"
      ],
      "iri": "https://ofn.gov.cz/class/1747685037448-1c9b-f7fc-b4be",
      "dataPsmHumanLabel": null,
      "dataPsmHumanDescription": null,
      "dataPsmTechnicalLabel": "resource_relation_type",
      "dataPsmInterpretation": "3njusexydbgmav76kca",
      "dataPsmExtends": [],
      "dataPsmParts": [
        "https://ofn.gov.cz/attribute/1747685041681-73cf-986b-90eb"
      ],
      "dataPsmIsClosed": null
    },
    "https://ofn.gov.cz/attribute/1747685041681-73cf-986b-90eb": {
      "types": [
        "https://ofn.gov.cz/slovník/psm/Attribute"
      ],
      "iri": "https://ofn.gov.cz/attribute/1747685041681-73cf-986b-90eb",
      "dataPsmHumanLabel": null,
      "dataPsmHumanDescription": null,
      "dataPsmTechnicalLabel": "label",
      "dataPsmInterpretation": "08cnritfemymavhlnfm",
      "dataPsmDatatype": "http://www.w3.org/1999/02/22-rdf-syntax-ns#langString"
    }
  }
}