{
  "operations": [
    {
      "types": [
        "core-operation",
        "https://ofn.gov.cz/slovník/psm/CreateClass"
      ],
      "iri": "https://ofn.gov.cz/operation/1742288726417-7da5-60a1-9722",
      "parent": null,
      "dataPsmNewIri": null,
      "dataPsmInterpretation": "uhydoyedamfm7ypr1v1",
      "dataPsmTechnicalLabel": "subject_scheme",
      "dataPsmHumanLabel": null,
      "dataPsmHumanDescription": null,
      "dataPsmExtends": [],
      "dataPsmIsClosed": null
    },
    {
      "types": [
        "core-operation",
        "https://ofn.gov.cz/slovník/psm/SetRoots"
      ],
      "iri": "https://ofn.gov.cz/operation/1742288726445-39ec-c4c9-b218",
      "parent": "https://ofn.gov.cz/operation/1742288726417-7da5-60a1-9722",
      "dataPsmRoots": [
        "https://ofn.gov.cz/class/1742288726417-ccc4-1d84-8bc2"
      ]
    },
    {
      "types": [
        "core-operation",
        "https://ofn.gov.cz/slovník/psm/SetHumanLabel"
      ],
      "iri": "https://ofn.gov.cz/operation/1742288726480-5c02-3e7a-be12",
      "parent": "https://ofn.gov.cz/operation/1742288726445-39ec-c4c9-b218",
      "dataPsmResource": "b10e107b-3c7b-4b64-8900-3d32873e7d1b",
      "dataPsmHumanLabel": {
        "cs": "Subject scheme",
        "en": "Subject scheme"
      }
    },
    {
      "types": [
        "core-operation",
        "https://ofn.gov.cz/slovník/psm/SetHumanDescription"
      ],
      "iri": "https://ofn.gov.cz/operation/1742288726505-7c47-f740-aca9",
      "parent": "https://ofn.gov.cz/operation/1742288726480-5c02-3e7a-be12",
      "dataPsmResource": "b10e107b-3c7b-4b64-8900-3d32873e7d1b",
      "dataPsmHumanDescription": {
        "cs": "Datová struktura pro Subject scheme. Collection of subjects (keywords, concepts, classification codes) curated by a single source.",
        "en": "Data structure for Subject scheme. Collection of subjects (keywords, concepts, classification codes) curated by a single source."
      }
    },
    {
      "types": [
        "core-operation",
        "https://ofn.gov.cz/slovník/psm/CreateAttribute"
      ],
      "iri": "https://ofn.gov.cz/operation/1742340974751-5a30-d1b5-b9ad",
      "parent": "https://ofn.gov.cz/operation/1742288726505-7c47-f740-aca9",
      "dataPsmNewIri": null,
      "dataPsmInterpretation": "rc6dbbbuo3om8f1qpsx",
      "dataPsmTechnicalLabel": "label",
      "dataPsmHumanLabel": null,
      "dataPsmHumanDescription": null,
      "dataPsmOwner": "https://ofn.gov.cz/class/1742288726417-ccc4-1d84-8bc2",
      "dataPsmDatatype": "http://www.w3.org/1999/02/22-rdf-syntax-ns#langString"
    },
    {
      "types": [
        "core-operation",
        "https://ofn.gov.cz/slovník/psm/SetInstancesHaveIdentity"
      ],
      "iri": "https://ofn.gov.cz/operation/1750770506940-02e1-316b-a4e8",
      "parent": "https://ofn.gov.cz/operation/1742340974751-5a30-d1b5-b9ad",
      "dataPsmClass": "https://ofn.gov.cz/class/1742288726417-ccc4-1d84-8bc2",
      "instancesHaveIdentity": "ALWAYS"
    }
  ],
  "resources": {
    "b10e107b-3c7b-4b64-8900-3d32873e7d1b": {
      "types": [
        "https://ofn.gov.cz/slovník/psm/Schema"
      ],
      "iri": "b10e107b-3c7b-4b64-8900-3d32873e7d1b",
      "dataPsmHumanLabel": {
        "cs": "Subject scheme",
        "en": "Subject scheme"
      },
      "dataPsmHumanDescription": {
        "cs": "Datová struktura pro Subject scheme. Collection of subjects (keywords, concepts, classification codes) curated by a single source.",
        "en": "Data structure for Subject scheme. Collection of subjects (keywords, concepts, classification codes) curated by a single source."
      },
      "dataPsmTechnicalLabel": null,
      "dataPsmRoots": [
        "https://ofn.gov.cz/class/1742288726417-ccc4-1d84-8bc2"
      ],
      "dataPsmParts": [
        "https://ofn.gov.cz/class/1742288726417-ccc4-1d84-8bc2",
        "https://ofn.gov.cz/attribute/1742340974751-a7a0-f371-9a50"
      ]
    },
    "https://ofn.gov.cz/class/1742288726417-ccc4-1d84-8bc2": {
      "types": [
        "https://ofn.gov.cz/slovník/psm/Class"
      ],
      "iri": "https://ofn.gov.cz/class/1742288726417-ccc4-1d84-8bc2",
      "dataPsmHumanLabel": null,
      "dataPsmHumanDescription": null,
      "dataPsmTechnicalLabel": "subject_scheme",
      "dataPsmInterpretation": "uhydoyedamfm7ypr1v1",
      "dataPsmExtends": [],
      "dataPsmParts": [
        "https://ofn.gov.cz/attribute/1742340974751-a7a0-f371-9a50"
      ],
      "dataPsmIsClosed": null,
      "instancesHaveIdentity": "ALWAYS"
    },
    "https://ofn.gov.cz/attribute/1742340974751-a7a0-f371-9a50": {
      "types": [
        "https://ofn.gov.cz/slovník/psm/Attribute"
      ],
      "iri": "https://ofn.gov.cz/attribute/1742340974751-a7a0-f371-9a50",
      "dataPsmHumanLabel": null,
      "dataPsmHumanDescription": null,
      "dataPsmTechnicalLabel": "label",
      "dataPsmInterpretation": "rc6dbbbuo3om8f1qpsx",
      "dataPsmDatatype": "http://www.w3.org/1999/02/22-rdf-syntax-ns#langString"
    }
  }
}