{
  "iri": "bbda6287-b4c4-466b-8286-f7200c1a2a92",
  "types": [
    "http://dataspecer.com/resources/v1/psm"
  ],
  "userMetadata": {
    "label": {
      "cs": "Distribuce",
      "en": "Distribution"
    },
    "description": {
      "cs": "Datová struktura pro Distribuce. Konkrétní reprezentace datové sady. Datová sada může být dostupná v různých serializacích, které se mohou navzájem lišit různými způsoby, mimo jiné přirozeným jazykem, media-typem či formátem, schematickou organizací, časovým a prostorovým rozlišením, úrovní detailu či profily (které mohou specifikovat některé či všechny tyto rozdíly).",
      "en": "Data structure for Distribution. A specific representation of a dataset. A dataset might be available in multiple serializations that may differ in various ways, including natural language, media-type or format, schematic organization, temporal and spatial resolution, level of detail or profiles (which might specify any or all of the above)."
    }
  },
  "metadata": {
    "creationDate": "2025-06-24T12:02:12.620Z",
    "modificationDate": "2025-06-30T09:36:30.016Z"
  },
  "_version": 1,
  "_exportVersion": 1,
  "_exportedAt": "2025-06-30T09:44:54.828Z",
  "_exportedBy": "http://localhost:3100"
}