{
  "operations": [
    {
      "types": [
        "core-operation",
        "https://ofn.gov.cz/slovník/psm/CreateClass"
      ],
      "iri": "https://ofn.gov.cz/operation/1742235299937-49ac-97fb-adcc",
      "parent": null,
      "dataPsmNewIri": null,
      "dataPsmInterpretation": "x67cs7mr11m7w4riy7",
      "dataPsmTechnicalLabel": "timeReference",
      "dataPsmHumanLabel": null,
      "dataPsmHumanDescription": null,
      "dataPsmExtends": [],
      "dataPsmIsClosed": null
    },
    {
      "types": [
        "core-operation",
        "https://ofn.gov.cz/slovník/psm/SetRoots"
      ],
      "iri": "https://ofn.gov.cz/operation/1742235299963-82b1-1ec5-b845",
      "parent": "https://ofn.gov.cz/operation/1742235299937-49ac-97fb-adcc",
      "dataPsmRoots": [
        "https://ofn.gov.cz/class/1742235299937-b17d-6f34-926d"
      ]
    },
    {
      "types": [
        "core-operation",
        "https://ofn.gov.cz/slovník/psm/SetHumanLabel"
      ],
      "iri": "https://ofn.gov.cz/operation/1742235299991-8022-350d-b5b4",
      "parent": "https://ofn.gov.cz/operation/1742235299963-82b1-1ec5-b845",
      "dataPsmResource": "c82768f3-8865-4e8a-8278-4b895c4f6ff4",
      "dataPsmHumanLabel": {
        "cs": "Time reference",
        "en": "Time reference"
      }
    },
    {
      "types": [
        "core-operation",
        "https://ofn.gov.cz/slovník/psm/SetHumanDescription"
      ],
      "iri": "https://ofn.gov.cz/operation/1742235300019-3c4f-0aaf-82e1",
      "parent": "https://ofn.gov.cz/operation/1742235299991-8022-350d-b5b4",
      "dataPsmResource": "c82768f3-8865-4e8a-8278-4b895c4f6ff4",
      "dataPsmHumanDescription": {
        "cs": "Datová struktura pro Time reference. A date on which something relative to the resource has happened.",
        "en": "Data structure for Time reference. A date on which something relative to the resource has happened."
      }
    },
    {
      "types": [
        "core-operation",
        "https://ofn.gov.cz/slovník/psm/SetTechnicalLabel"
      ],
      "iri": "https://ofn.gov.cz/operation/1742235309584-f2cb-8f4f-8b84",
      "parent": "https://ofn.gov.cz/operation/1742235300019-3c4f-0aaf-82e1",
      "dataPsmResource": "https://ofn.gov.cz/class/1742235299937-b17d-6f34-926d",
      "dataPsmTechnicalLabel": "time_reference"
    },
    {
      "types": [
        "core-operation",
        "https://ofn.gov.cz/slovník/psm/CreateAttribute"
      ],
      "iri": "https://ofn.gov.cz/operation/1742235314054-80ec-a60b-86e1",
      "parent": "https://ofn.gov.cz/operation/1742235309584-f2cb-8f4f-8b84",
      "dataPsmNewIri": null,
      "dataPsmInterpretation": "iwwjtimp69m7yuc6g1",
      "dataPsmTechnicalLabel": "dateInformation",
      "dataPsmHumanLabel": null,
      "dataPsmHumanDescription": null,
      "dataPsmOwner": "https://ofn.gov.cz/class/1742235299937-b17d-6f34-926d",
      "dataPsmDatatype": "http://www.w3.org/2001/XMLSchema#string"
    },
    {
      "types": [
        "core-operation",
        "https://ofn.gov.cz/slovník/psm/CreateAttribute"
      ],
      "iri": "https://ofn.gov.cz/operation/1742235314087-8455-224a-a53e",
      "parent": "https://ofn.gov.cz/operation/1742235314054-80ec-a60b-86e1",
      "dataPsmNewIri": null,
      "dataPsmInterpretation": "4jx3a8qpiecm7ytvn95",
      "dataPsmTechnicalLabel": "dateType",
      "dataPsmHumanLabel": null,
      "dataPsmHumanDescription": null,
      "dataPsmOwner": "https://ofn.gov.cz/class/1742235299937-b17d-6f34-926d",
      "dataPsmDatatype": "http://www.w3.org/2001/XMLSchema#string"
    },
    {
      "types": [
        "core-operation",
        "https://ofn.gov.cz/slovník/psm/CreateAttribute"
      ],
      "iri": "https://ofn.gov.cz/operation/1742235314118-c4ca-cd9a-bb99",
      "parent": "https://ofn.gov.cz/operation/1742235314087-8455-224a-a53e",
      "dataPsmNewIri": null,
      "dataPsmInterpretation": "kchtsaq82arm7yttwj2",
      "dataPsmTechnicalLabel": "date",
      "dataPsmHumanLabel": null,
      "dataPsmHumanDescription": null,
      "dataPsmOwner": "https://ofn.gov.cz/class/1742235299937-b17d-6f34-926d",
      "dataPsmDatatype": "http://www.w3.org/2001/XMLSchema#date"
    },
    {
      "types": [
        "core-operation",
        "https://ofn.gov.cz/slovník/psm/SetTechnicalLabel"
      ],
      "iri": "https://ofn.gov.cz/operation/1742235321698-ff66-18fb-a15c",
      "parent": "https://ofn.gov.cz/operation/1742235314118-c4ca-cd9a-bb99",
      "dataPsmResource": "https://ofn.gov.cz/attribute/1742235314054-566f-39ac-8fcc",
      "dataPsmTechnicalLabel": "date_information"
    },
    {
      "types": [
        "core-operation",
        "https://ofn.gov.cz/slovník/psm/SetTechnicalLabel"
      ],
      "iri": "https://ofn.gov.cz/operation/1742235333604-cebc-bfa1-864b",
      "parent": "https://ofn.gov.cz/operation/1742235321698-ff66-18fb-a15c",
      "dataPsmResource": "https://ofn.gov.cz/attribute/1742235314087-7171-b181-9451",
      "dataPsmTechnicalLabel": "date_type"
    },
    {
      "types": [
        "core-operation",
        "https://ofn.gov.cz/slovník/psm/CreateClass"
      ],
      "iri": "https://ofn.gov.cz/operation/1747684462938-4fba-a5b3-9b26",
      "parent": "https://ofn.gov.cz/operation/1742235333604-cebc-bfa1-864b",
      "dataPsmNewIri": null,
      "dataPsmInterpretation": "roeq7bsf6ifmavfecd8",
      "dataPsmTechnicalLabel": "time_reference",
      "dataPsmHumanLabel": null,
      "dataPsmHumanDescription": null,
      "dataPsmExtends": [],
      "dataPsmIsClosed": null
    },
    {
      "types": [
        "core-operation",
        "https://ofn.gov.cz/slovník/psm/SetRoots"
      ],
      "iri": "https://ofn.gov.cz/operation/1747684462974-bc09-1b91-b47f",
      "parent": "https://ofn.gov.cz/operation/1747684462938-4fba-a5b3-9b26",
      "dataPsmRoots": [
        "https://ofn.gov.cz/class/1747684462938-347b-826c-91c6"
      ]
    },
    {
      "types": [
        "core-operation",
        "https://ofn.gov.cz/slovník/psm/SetHumanLabel"
      ],
      "iri": "https://ofn.gov.cz/operation/1747684463014-c81c-85ec-85cd",
      "parent": "https://ofn.gov.cz/operation/1747684462974-bc09-1b91-b47f",
      "dataPsmResource": "c82768f3-8865-4e8a-8278-4b895c4f6ff4",
      "dataPsmHumanLabel": {
        "en": "Time reference",
        "cs": "Time reference"
      }
    },
    {
      "types": [
        "core-operation",
        "https://ofn.gov.cz/slovník/psm/SetHumanDescription"
      ],
      "iri": "https://ofn.gov.cz/operation/1747684463047-5688-4a99-88c0",
      "parent": "https://ofn.gov.cz/operation/1747684463014-c81c-85ec-85cd",
      "dataPsmResource": "c82768f3-8865-4e8a-8278-4b895c4f6ff4",
      "dataPsmHumanDescription": {
        "en": "Data structure for Time reference. A temporal interval or instant on which something relevant to the resource has happened.",
        "cs": "Datová struktura pro Time reference. A temporal interval or instant on which something relevant to the resource has happened."
      }
    },
    {
      "types": [
        "core-operation",
        "https://ofn.gov.cz/slovník/psm/CreateAttribute"
      ],
      "iri": "https://ofn.gov.cz/operation/1747684474441-8dcd-4b80-bf38",
      "parent": "https://ofn.gov.cz/operation/1747684463047-5688-4a99-88c0",
      "dataPsmNewIri": null,
      "dataPsmInterpretation": "iwwjtimp69m7yuc6g1",
      "dataPsmTechnicalLabel": "date_information",
      "dataPsmHumanLabel": null,
      "dataPsmHumanDescription": null,
      "dataPsmOwner": "https://ofn.gov.cz/class/1747684462938-347b-826c-91c6",
      "dataPsmDatatype": "https://ofn.gov.cz/zdroj/základní-datové-typy/2020-07-01/text"
    },
    {
      "types": [
        "core-operation",
        "https://ofn.gov.cz/slovník/psm/CreateClass"
      ],
      "iri": "https://ofn.gov.cz/operation/1747684474478-90b8-b5c9-8beb",
      "parent": "https://ofn.gov.cz/operation/1747684474441-8dcd-4b80-bf38",
      "dataPsmNewIri": null,
      "dataPsmInterpretation": "2d8k3q6cu3hmav6pi5o",
      "dataPsmTechnicalLabel": "date_type",
      "dataPsmHumanLabel": null,
      "dataPsmHumanDescription": null,
      "dataPsmExtends": [],
      "dataPsmIsClosed": null
    },
    {
      "types": [
        "core-operation",
        "https://ofn.gov.cz/slovník/psm/CreateAssociationEnd"
      ],
      "iri": "https://ofn.gov.cz/operation/1747684474506-0831-dcd2-9275",
      "parent": "https://ofn.gov.cz/operation/1747684474478-90b8-b5c9-8beb",
      "dataPsmNewIri": null,
      "dataPsmInterpretation": "qwum261f2d7mavhh7a5",
      "dataPsmTechnicalLabel": "has_date_type",
      "dataPsmHumanLabel": null,
      "dataPsmHumanDescription": null,
      "dataPsmOwner": "https://ofn.gov.cz/class/1747684462938-347b-826c-91c6",
      "dataPsmPart": "https://ofn.gov.cz/class/1747684474478-88d0-e45e-9676",
      "dataPsmIsReverse": false,
      "dataPsmIsDematerialize": null
    },
    {
      "types": [
        "core-operation",
        "https://ofn.gov.cz/slovník/psm/CreateOr"
      ],
      "iri": "https://ofn.gov.cz/operation/1747684513383-d56e-40e0-ba0b",
      "parent": "https://ofn.gov.cz/operation/1747684474506-0831-dcd2-9275",
      "dataPsmNewIri": null,
      "dataPsmChoices": []
    },
    {
      "types": [
        "core-operation",
        "https://ofn.gov.cz/slovník/psm/SetRoots"
      ],
      "iri": "https://ofn.gov.cz/operation/1747684513415-3af5-eef5-b2c9",
      "parent": "https://ofn.gov.cz/operation/1747684513383-d56e-40e0-ba0b",
      "dataPsmRoots": [
        "https://ofn.gov.cz/or/1747684513383-179c-9dad-8a39"
      ]
    },
    {
      "types": [
        "core-operation",
        "https://ofn.gov.cz/slovník/psm/CreateClass"
      ],
      "iri": "https://ofn.gov.cz/operation/1747684521448-b86e-f18a-9688",
      "parent": "https://ofn.gov.cz/operation/1747684513415-3af5-eef5-b2c9",
      "dataPsmNewIri": null,
      "dataPsmInterpretation": "roeq7bsf6ifmavfecd8",
      "dataPsmTechnicalLabel": "time_reference",
      "dataPsmHumanLabel": null,
      "dataPsmHumanDescription": null,
      "dataPsmExtends": [],
      "dataPsmIsClosed": null
    },
    {
      "types": [
        "core-operation",
        "https://ofn.gov.cz/slovník/psm/SetChoice"
      ],
      "iri": "https://ofn.gov.cz/operation/1747684521468-4552-1036-92f8",
      "parent": "https://ofn.gov.cz/operation/1747684521448-b86e-f18a-9688",
      "dataPsmOr": "https://ofn.gov.cz/or/1747684513383-179c-9dad-8a39",
      "dataPsmChoice": "https://ofn.gov.cz/class/1747684521448-ab86-10be-a59d"
    },
    {
      "types": [
        "core-operation",
        "https://ofn.gov.cz/slovník/psm/UnsetChoice"
      ],
      "iri": "https://ofn.gov.cz/operation/1747684534242-3318-6560-ada2",
      "parent": "https://ofn.gov.cz/operation/1747684521468-4552-1036-92f8",
      "dataPsmOr": "https://ofn.gov.cz/or/1747684513383-179c-9dad-8a39",
      "dataPsmChoice": "https://ofn.gov.cz/class/1747684521448-ab86-10be-a59d"
    },
    {
      "types": [
        "core-operation",
        "https://ofn.gov.cz/slovník/psm/CreateClass"
      ],
      "iri": "https://ofn.gov.cz/operation/1747684544448-aa53-cff9-83ca",
      "parent": "https://ofn.gov.cz/operation/1747684534242-3318-6560-ada2",
      "dataPsmNewIri": null,
      "dataPsmInterpretation": "roeq7bsf6ifmavfecd8",
      "dataPsmTechnicalLabel": "time_reference",
      "dataPsmHumanLabel": null,
      "dataPsmHumanDescription": null,
      "dataPsmExtends": [],
      "dataPsmIsClosed": null
    },
    {
      "types": [
        "core-operation",
        "https://ofn.gov.cz/slovník/psm/SetRoots"
      ],
      "iri": "https://ofn.gov.cz/operation/1747684544483-f5dc-580e-ab3a",
      "parent": "https://ofn.gov.cz/operation/1747684544448-aa53-cff9-83ca",
      "dataPsmRoots": [
        "https://ofn.gov.cz/class/1747684544448-24d3-1ded-a6b1"
      ]
    },
    {
      "types": [
        "core-operation",
        "https://ofn.gov.cz/slovník/psm/SetHumanLabel"
      ],
      "iri": "https://ofn.gov.cz/operation/1747684544518-f0ed-c442-bc8f",
      "parent": "https://ofn.gov.cz/operation/1747684544483-f5dc-580e-ab3a",
      "dataPsmResource": "c82768f3-8865-4e8a-8278-4b895c4f6ff4",
      "dataPsmHumanLabel": {
        "en": "Time reference",
        "cs": "Time reference"
      }
    },
    {
      "types": [
        "core-operation",
        "https://ofn.gov.cz/slovník/psm/SetHumanDescription"
      ],
      "iri": "https://ofn.gov.cz/operation/1747684544552-f29a-a935-a05c",
      "parent": "https://ofn.gov.cz/operation/1747684544518-f0ed-c442-bc8f",
      "dataPsmResource": "c82768f3-8865-4e8a-8278-4b895c4f6ff4",
      "dataPsmHumanDescription": {
        "en": "Data structure for Time reference. A temporal interval or instant on which something relevant to the resource has happened.",
        "cs": "Datová struktura pro Time reference. A temporal interval or instant on which something relevant to the resource has happened."
      }
    },
    {
      "types": [
        "core-operation",
        "https://ofn.gov.cz/slovník/psm/WrapWithOr"
      ],
      "iri": "https://ofn.gov.cz/operation/1747684596893-ee9d-a589-8d13",
      "parent": "https://ofn.gov.cz/operation/1747684544552-f29a-a935-a05c",
      "dataPsmNewIri": null,
      "dataPsmChild": "https://ofn.gov.cz/class/1747684544448-24d3-1ded-a6b1"
    },
    {
      "types": [
        "core-operation",
        "https://ofn.gov.cz/slovník/psm/CreateClass"
      ],
      "iri": "https://ofn.gov.cz/operation/1747684596920-0b0c-276a-af26",
      "parent": "https://ofn.gov.cz/operation/1747684596893-ee9d-a589-8d13",
      "dataPsmNewIri": null,
      "dataPsmInterpretation": "f63jhmln6mjmavfq9ds",
      "dataPsmTechnicalLabel": "time_interval",
      "dataPsmHumanLabel": null,
      "dataPsmHumanDescription": null,
      "dataPsmExtends": [],
      "dataPsmIsClosed": null
    },
    {
      "types": [
        "core-operation",
        "https://ofn.gov.cz/slovník/psm/SetChoice"
      ],
      "iri": "https://ofn.gov.cz/operation/1747684596945-e5c3-dee1-8945",
      "parent": "https://ofn.gov.cz/operation/1747684596920-0b0c-276a-af26",
      "dataPsmOr": "https://ofn.gov.cz/or/1747684596892-b7b4-cb29-91bb",
      "dataPsmChoice": "https://ofn.gov.cz/class/1747684596920-52fc-439a-8bab"
    },
    {
      "types": [
        "core-operation",
        "https://ofn.gov.cz/slovník/psm/CreateInclude"
      ],
      "iri": "https://ofn.gov.cz/operation/1747684596953-8387-0bda-ac56",
      "parent": "https://ofn.gov.cz/operation/1747684596945-e5c3-dee1-8945",
      "dataPsmNewIri": null,
      "dataPsmOwner": "https://ofn.gov.cz/class/1747684596920-52fc-439a-8bab",
      "dataPsmIncludes": "https://ofn.gov.cz/class/1747684544448-24d3-1ded-a6b1"
    },
    {
      "types": [
        "core-operation",
        "https://ofn.gov.cz/slovník/psm/CreateClass"
      ],
      "iri": "https://ofn.gov.cz/operation/1747684604450-48df-48ea-ae03",
      "parent": "https://ofn.gov.cz/operation/1747684596953-8387-0bda-ac56",
      "dataPsmNewIri": null,
      "dataPsmInterpretation": "ww51pblxeu8mavfp3h9",
      "dataPsmTechnicalLabel": "time_instant",
      "dataPsmHumanLabel": null,
      "dataPsmHumanDescription": null,
      "dataPsmExtends": [],
      "dataPsmIsClosed": null
    },
    {
      "types": [
        "core-operation",
        "https://ofn.gov.cz/slovník/psm/SetChoice"
      ],
      "iri": "https://ofn.gov.cz/operation/1747684604487-4c63-4593-9f47",
      "parent": "https://ofn.gov.cz/operation/1747684604450-48df-48ea-ae03",
      "dataPsmOr": "https://ofn.gov.cz/or/1747684596892-b7b4-cb29-91bb",
      "dataPsmChoice": "https://ofn.gov.cz/class/1747684604449-d389-4ab6-a956"
    },
    {
      "types": [
        "core-operation",
        "https://ofn.gov.cz/slovník/psm/CreateInclude"
      ],
      "iri": "https://ofn.gov.cz/operation/1747684604488-6e83-95f5-9231",
      "parent": "https://ofn.gov.cz/operation/1747684604487-4c63-4593-9f47",
      "dataPsmNewIri": null,
      "dataPsmOwner": "https://ofn.gov.cz/class/1747684604449-d389-4ab6-a956",
      "dataPsmIncludes": "https://ofn.gov.cz/class/1747684544448-24d3-1ded-a6b1"
    },
    {
      "types": [
        "core-operation",
        "https://ofn.gov.cz/slovník/psm/CreateClass"
      ],
      "iri": "https://ofn.gov.cz/operation/1747684619326-1722-4395-adc3",
      "parent": "https://ofn.gov.cz/operation/1747684604488-6e83-95f5-9231",
      "dataPsmNewIri": null,
      "dataPsmInterpretation": "ww51pblxeu8mavfp3h9",
      "dataPsmTechnicalLabel": "time_instant",
      "dataPsmHumanLabel": null,
      "dataPsmHumanDescription": null,
      "dataPsmExtends": [],
      "dataPsmIsClosed": null
    },
    {
      "types": [
        "core-operation",
        "https://ofn.gov.cz/slovník/psm/CreateAssociationEnd"
      ],
      "iri": "https://ofn.gov.cz/operation/1747684619354-17b4-5b95-9972",
      "parent": "https://ofn.gov.cz/operation/1747684619326-1722-4395-adc3",
      "dataPsmNewIri": null,
      "dataPsmInterpretation": "fgtswawx6aemavg0pxd",
      "dataPsmTechnicalLabel": "has_beginning",
      "dataPsmHumanLabel": null,
      "dataPsmHumanDescription": null,
      "dataPsmOwner": "https://ofn.gov.cz/class/1747684596920-52fc-439a-8bab",
      "dataPsmPart": "https://ofn.gov.cz/class/1747684619326-cded-bb1f-a6a0",
      "dataPsmIsReverse": false,
      "dataPsmIsDematerialize": null
    },
    {
      "types": [
        "core-operation",
        "https://ofn.gov.cz/slovník/psm/CreateClass"
      ],
      "iri": "https://ofn.gov.cz/operation/1747684619381-7a72-e529-a64d",
      "parent": "https://ofn.gov.cz/operation/1747684619354-17b4-5b95-9972",
      "dataPsmNewIri": null,
      "dataPsmInterpretation": "ww51pblxeu8mavfp3h9",
      "dataPsmTechnicalLabel": "time_instant",
      "dataPsmHumanLabel": null,
      "dataPsmHumanDescription": null,
      "dataPsmExtends": [],
      "dataPsmIsClosed": null
    },
    {
      "types": [
        "core-operation",
        "https://ofn.gov.cz/slovník/psm/CreateAssociationEnd"
      ],
      "iri": "https://ofn.gov.cz/operation/1747684619407-3bbc-ac79-9f54",
      "parent": "https://ofn.gov.cz/operation/1747684619381-7a72-e529-a64d",
      "dataPsmNewIri": null,
      "dataPsmInterpretation": "7l28os0x3gymavg19kz",
      "dataPsmTechnicalLabel": "has_end",
      "dataPsmHumanLabel": null,
      "dataPsmHumanDescription": null,
      "dataPsmOwner": "https://ofn.gov.cz/class/1747684596920-52fc-439a-8bab",
      "dataPsmPart": "https://ofn.gov.cz/class/1747684619381-977a-3e54-b606",
      "dataPsmIsReverse": false,
      "dataPsmIsDematerialize": null
    },
    {
      "types": [
        "core-operation",
        "https://ofn.gov.cz/slovník/psm/CreateAttribute"
      ],
      "iri": "https://ofn.gov.cz/operation/1747684619442-990d-5e3b-b358",
      "parent": "https://ofn.gov.cz/operation/1747684619407-3bbc-ac79-9f54",
      "dataPsmNewIri": null,
      "dataPsmInterpretation": "iwwjtimp69m7yuc6g1",
      "dataPsmTechnicalLabel": "date_information",
      "dataPsmHumanLabel": null,
      "dataPsmHumanDescription": null,
      "dataPsmOwner": "https://ofn.gov.cz/class/1747684596920-52fc-439a-8bab",
      "dataPsmDatatype": "https://ofn.gov.cz/zdroj/základní-datové-typy/2020-07-01/text"
    },
    {
      "types": [
        "core-operation",
        "https://ofn.gov.cz/slovník/psm/CreateClass"
      ],
      "iri": "https://ofn.gov.cz/operation/1747684619472-ac09-e7fa-9d01",
      "parent": "https://ofn.gov.cz/operation/1747684619442-990d-5e3b-b358",
      "dataPsmNewIri": null,
      "dataPsmInterpretation": "2d8k3q6cu3hmav6pi5o",
      "dataPsmTechnicalLabel": "date_type",
      "dataPsmHumanLabel": null,
      "dataPsmHumanDescription": null,
      "dataPsmExtends": [],
      "dataPsmIsClosed": null
    },
    {
      "types": [
        "core-operation",
        "https://ofn.gov.cz/slovník/psm/CreateAssociationEnd"
      ],
      "iri": "https://ofn.gov.cz/operation/1747684619500-889e-1ee8-b585",
      "parent": "https://ofn.gov.cz/operation/1747684619472-ac09-e7fa-9d01",
      "dataPsmNewIri": null,
      "dataPsmInterpretation": "qwum261f2d7mavhh7a5",
      "dataPsmTechnicalLabel": "has_date_type",
      "dataPsmHumanLabel": null,
      "dataPsmHumanDescription": null,
      "dataPsmOwner": "https://ofn.gov.cz/class/1747684596920-52fc-439a-8bab",
      "dataPsmPart": "https://ofn.gov.cz/class/1747684619471-df02-a989-969a",
      "dataPsmIsReverse": false,
      "dataPsmIsDematerialize": null
    },
    {
      "types": [
        "core-operation",
        "https://ofn.gov.cz/slovník/psm/CreateAttribute"
      ],
      "iri": "https://ofn.gov.cz/operation/1747684633308-b92f-14fe-9c91",
      "parent": "https://ofn.gov.cz/operation/1747684619500-889e-1ee8-b585",
      "dataPsmNewIri": null,
      "dataPsmInterpretation": "fmrafkhlyqmavfugbz",
      "dataPsmTechnicalLabel": "date",
      "dataPsmHumanLabel": null,
      "dataPsmHumanDescription": null,
      "dataPsmOwner": "https://ofn.gov.cz/class/1747684604449-d389-4ab6-a956",
      "dataPsmDatatype": "http://www.w3.org/2001/XMLSchema#date"
    },
    {
      "types": [
        "core-operation",
        "https://ofn.gov.cz/slovník/psm/CreateAttribute"
      ],
      "iri": "https://ofn.gov.cz/operation/1747684633345-e0a8-14da-8bb5",
      "parent": "https://ofn.gov.cz/operation/1747684633308-b92f-14fe-9c91",
      "dataPsmNewIri": null,
      "dataPsmInterpretation": "iwwjtimp69m7yuc6g1",
      "dataPsmTechnicalLabel": "date_information",
      "dataPsmHumanLabel": null,
      "dataPsmHumanDescription": null,
      "dataPsmOwner": "https://ofn.gov.cz/class/1747684604449-d389-4ab6-a956",
      "dataPsmDatatype": "https://ofn.gov.cz/zdroj/základní-datové-typy/2020-07-01/text"
    },
    {
      "types": [
        "core-operation",
        "https://ofn.gov.cz/slovník/psm/CreateClass"
      ],
      "iri": "https://ofn.gov.cz/operation/1747684633379-71df-00d5-a2b6",
      "parent": "https://ofn.gov.cz/operation/1747684633345-e0a8-14da-8bb5",
      "dataPsmNewIri": null,
      "dataPsmInterpretation": "2d8k3q6cu3hmav6pi5o",
      "dataPsmTechnicalLabel": "date_type",
      "dataPsmHumanLabel": null,
      "dataPsmHumanDescription": null,
      "dataPsmExtends": [],
      "dataPsmIsClosed": null
    },
    {
      "types": [
        "core-operation",
        "https://ofn.gov.cz/slovník/psm/CreateAssociationEnd"
      ],
      "iri": "https://ofn.gov.cz/operation/1747684633408-afe9-5608-b35e",
      "parent": "https://ofn.gov.cz/operation/1747684633379-71df-00d5-a2b6",
      "dataPsmNewIri": null,
      "dataPsmInterpretation": "qwum261f2d7mavhh7a5",
      "dataPsmTechnicalLabel": "has_date_type",
      "dataPsmHumanLabel": null,
      "dataPsmHumanDescription": null,
      "dataPsmOwner": "https://ofn.gov.cz/class/1747684604449-d389-4ab6-a956",
      "dataPsmPart": "https://ofn.gov.cz/class/1747684633379-daa2-94bb-b801",
      "dataPsmIsReverse": false,
      "dataPsmIsDematerialize": null
    },
    {
      "types": [
        "core-operation",
        "https://ofn.gov.cz/slovník/psm/CreateAttribute"
      ],
      "iri": "https://ofn.gov.cz/operation/1747684666221-39bd-df0b-bcdf",
      "parent": "https://ofn.gov.cz/operation/1747684633408-afe9-5608-b35e",
      "dataPsmNewIri": null,
      "dataPsmInterpretation": "fmrafkhlyqmavfugbz",
      "dataPsmTechnicalLabel": "date",
      "dataPsmHumanLabel": null,
      "dataPsmHumanDescription": null,
      "dataPsmOwner": "https://ofn.gov.cz/class/1747684619326-cded-bb1f-a6a0",
      "dataPsmDatatype": "http://www.w3.org/2001/XMLSchema#date"
    },
    {
      "types": [
        "core-operation",
        "https://ofn.gov.cz/slovník/psm/CreateAttribute"
      ],
      "iri": "https://ofn.gov.cz/operation/1747684673600-cea1-a269-bd5d",
      "parent": "https://ofn.gov.cz/operation/1747684666221-39bd-df0b-bcdf",
      "dataPsmNewIri": null,
      "dataPsmInterpretation": "fmrafkhlyqmavfugbz",
      "dataPsmTechnicalLabel": "date",
      "dataPsmHumanLabel": null,
      "dataPsmHumanDescription": null,
      "dataPsmOwner": "https://ofn.gov.cz/class/1747684619381-977a-3e54-b606",
      "dataPsmDatatype": "http://www.w3.org/2001/XMLSchema#date"
    },
    {
      "types": [
        "core-operation",
        "https://ofn.gov.cz/slovník/psm/SetTechnicalLabel"
      ],
      "iri": "https://ofn.gov.cz/operation/1747684750734-ccf0-99a6-b686",
      "parent": "https://ofn.gov.cz/operation/1747684673600-cea1-a269-bd5d",
      "dataPsmResource": "c82768f3-8865-4e8a-8278-4b895c4f6ff4",
      "dataPsmTechnicalLabel": "time_reference"
    },
    {
      "types": [
        "core-operation",
        "https://ofn.gov.cz/slovník/psm/SetJsonEnforceContext"
      ],
      "iri": "https://ofn.gov.cz/operation/1747684779580-eaf1-4a9b-9acf",
      "parent": "https://ofn.gov.cz/operation/1747684750734-ccf0-99a6-b686",
      "dataPsmEntity": "c82768f3-8865-4e8a-8278-4b895c4f6ff4",
      "jsonEnforceContext": "no"
    },
    {
      "types": [
        "core-operation",
        "https://ofn.gov.cz/slovník/psm/SetEmptyAsComplex"
      ],
      "iri": "https://ofn.gov.cz/operation/1747684779622-7c2e-eec4-8296",
      "parent": "https://ofn.gov.cz/operation/1747684779580-eaf1-4a9b-9acf",
      "dataPsmClass": "https://ofn.gov.cz/class/1747684544448-24d3-1ded-a6b1",
      "dataPsmEmptyAsComplex": true
    },
    {
      "types": [
        "core-operation",
        "https://ofn.gov.cz/slovník/psm/CreateClassReference"
      ],
      "iri": "https://ofn.gov.cz/operation/1747684823907-db64-9034-8a14",
      "parent": "https://ofn.gov.cz/operation/1747684779622-7c2e-eec4-8296",
      "dataPsmNewIri": null,
      "dataPsmSpecification": "536262be-2e24-4acb-a4c5-78bd2d237257",
      "dataPsmClass": "https://ofn.gov.cz/class/1747684797448-9d6c-a945-a0af"
    },
    {
      "types": [
        "core-operation",
        "https://ofn.gov.cz/slovník/psm/SetPart"
      ],
      "iri": "https://ofn.gov.cz/operation/1747684823927-7e42-53c0-8ae4",
      "parent": "https://ofn.gov.cz/operation/1747684823907-db64-9034-8a14",
      "dataPsmAssociationEnd": "https://ofn.gov.cz/association/1747684619500-2407-ebe0-b11b",
      "dataPsmPart": "https://ofn.gov.cz/class-reference/1747684823907-cfbd-bf3d-851c"
    },
    {
      "types": [
        "core-operation",
        "https://ofn.gov.cz/slovník/psm/DeleteClass"
      ],
      "iri": "https://ofn.gov.cz/operation/1747684823931-ef66-1354-85a7",
      "parent": "https://ofn.gov.cz/operation/1747684823927-7e42-53c0-8ae4",
      "dataPsmClass": "https://ofn.gov.cz/class/1747684619471-df02-a989-969a"
    },
    {
      "types": [
        "core-operation",
        "https://ofn.gov.cz/slovník/psm/CreateClassReference"
      ],
      "iri": "https://ofn.gov.cz/operation/1747684827272-10db-716e-813f",
      "parent": "https://ofn.gov.cz/operation/1747684823931-ef66-1354-85a7",
      "dataPsmNewIri": null,
      "dataPsmSpecification": "536262be-2e24-4acb-a4c5-78bd2d237257",
      "dataPsmClass": "https://ofn.gov.cz/class/1747684797448-9d6c-a945-a0af"
    },
    {
      "types": [
        "core-operation",
        "https://ofn.gov.cz/slovník/psm/SetPart"
      ],
      "iri": "https://ofn.gov.cz/operation/1747684827296-894e-d435-bbf3",
      "parent": "https://ofn.gov.cz/operation/1747684827272-10db-716e-813f",
      "dataPsmAssociationEnd": "https://ofn.gov.cz/association/1747684633408-0c62-ab8b-b416",
      "dataPsmPart": "https://ofn.gov.cz/class-reference/1747684827272-d08b-3179-902e"
    },
    {
      "types": [
        "core-operation",
        "https://ofn.gov.cz/slovník/psm/DeleteClass"
      ],
      "iri": "https://ofn.gov.cz/operation/1747684827302-7842-d1cb-aa97",
      "parent": "https://ofn.gov.cz/operation/1747684827296-894e-d435-bbf3",
      "dataPsmClass": "https://ofn.gov.cz/class/1747684633379-daa2-94bb-b801"
    },
    {
      "types": [
        "core-operation",
        "https://ofn.gov.cz/slovník/psm/CreateAttribute"
      ],
      "iri": "https://ofn.gov.cz/operation/1747685562141-2823-12e2-818c",
      "parent": "https://ofn.gov.cz/operation/1747684827302-7842-d1cb-aa97",
      "dataPsmNewIri": null,
      "dataPsmInterpretation": "iwwjtimp69m7yuc6g1",
      "dataPsmTechnicalLabel": "date_information",
      "dataPsmHumanLabel": null,
      "dataPsmHumanDescription": null,
      "dataPsmOwner": "https://ofn.gov.cz/class/1747684544448-24d3-1ded-a6b1",
      "dataPsmDatatype": "https://ofn.gov.cz/zdroj/základní-datové-typy/2020-07-01/text"
    },
    {
      "types": [
        "core-operation",
        "https://ofn.gov.cz/slovník/psm/DeleteAttribute"
      ],
      "iri": "https://ofn.gov.cz/operation/1747685663397-10ab-d38e-b62f",
      "parent": "https://ofn.gov.cz/operation/1747685562141-2823-12e2-818c",
      "dataPsmOwner": "https://ofn.gov.cz/class/1747684544448-24d3-1ded-a6b1",
      "dataPsmAttribute": "https://ofn.gov.cz/attribute/1747685562141-69a7-0b34-af34"
    },
    {
      "types": [
        "core-operation",
        "https://ofn.gov.cz/slovník/psm/SetOrder"
      ],
      "iri": "https://ofn.gov.cz/operation/1747685669734-871c-d762-9f17",
      "parent": "https://ofn.gov.cz/operation/1747685663397-10ab-d38e-b62f",
      "dataPsmOwnerClass": "https://ofn.gov.cz/class/1747684596920-52fc-439a-8bab",
      "dataPsmResourceToMove": "https://ofn.gov.cz/association/1747684619407-2d30-202d-bd50",
      "dataPsmMoveAfter": "https://ofn.gov.cz/association/1747684619354-b39b-eca6-8322"
    },
    {
      "types": [
        "core-operation",
        "https://ofn.gov.cz/slovník/psm/SetOrder"
      ],
      "iri": "https://ofn.gov.cz/operation/1747685671888-4e18-0985-9e8c",
      "parent": "https://ofn.gov.cz/operation/1747685669734-871c-d762-9f17",
      "dataPsmOwnerClass": "https://ofn.gov.cz/class/1747684596920-52fc-439a-8bab",
      "dataPsmResourceToMove": "https://ofn.gov.cz/association/1747684619407-2d30-202d-bd50",
      "dataPsmMoveAfter": "https://ofn.gov.cz/include/1747684596953-81a6-aaa7-a4b2"
    },
    {
      "types": [
        "core-operation",
        "https://ofn.gov.cz/slovník/psm/SetOrder"
      ],
      "iri": "https://ofn.gov.cz/operation/1747685674173-f292-08a8-a43c",
      "parent": "https://ofn.gov.cz/operation/1747685671888-4e18-0985-9e8c",
      "dataPsmOwnerClass": "https://ofn.gov.cz/class/1747684596920-52fc-439a-8bab",
      "dataPsmResourceToMove": "https://ofn.gov.cz/association/1747684619407-2d30-202d-bd50",
      "dataPsmMoveAfter": "https://ofn.gov.cz/association/1747684619354-b39b-eca6-8322"
    },
    {
      "types": [
        "core-operation",
        "https://ofn.gov.cz/slovník/psm/UnsetChoice"
      ],
      "iri": "https://ofn.gov.cz/operation/1747723937106-1d08-c688-9131",
      "parent": "https://ofn.gov.cz/operation/1747685674173-f292-08a8-a43c",
      "dataPsmOr": "https://ofn.gov.cz/or/1747684596892-b7b4-cb29-91bb",
      "dataPsmChoice": "https://ofn.gov.cz/class/1747684544448-24d3-1ded-a6b1"
    },
    {
      "types": [
        "core-operation",
        "https://ofn.gov.cz/slovník/psm/SetChoice"
      ],
      "iri": "https://ofn.gov.cz/operation/1747723948539-b440-fa61-a8b1",
      "parent": "https://ofn.gov.cz/operation/1747723937106-1d08-c688-9131",
      "dataPsmOr": "https://ofn.gov.cz/or/1747684596892-b7b4-cb29-91bb",
      "dataPsmChoice": "https://ofn.gov.cz/class/1747684544448-24d3-1ded-a6b1"
    },
    {
      "types": [
        "core-operation",
        "https://ofn.gov.cz/slovník/psm/UnsetChoice"
      ],
      "iri": "https://ofn.gov.cz/operation/1747723952774-ab44-848e-9c5e",
      "parent": "https://ofn.gov.cz/operation/1747723948539-b440-fa61-a8b1",
      "dataPsmOr": "https://ofn.gov.cz/or/1747684596892-b7b4-cb29-91bb",
      "dataPsmChoice": "https://ofn.gov.cz/class/1747684544448-24d3-1ded-a6b1"
    }
  ],
  "resources": {
    "c82768f3-8865-4e8a-8278-4b895c4f6ff4": {
      "types": [
        "https://ofn.gov.cz/slovník/psm/Schema"
      ],
      "iri": "c82768f3-8865-4e8a-8278-4b895c4f6ff4",
      "dataPsmHumanLabel": {
        "en": "Time reference",
        "cs": "Time reference"
      },
      "dataPsmHumanDescription": {
        "en": "Data structure for Time reference. A temporal interval or instant on which something relevant to the resource has happened.",
        "cs": "Datová struktura pro Time reference. A temporal interval or instant on which something relevant to the resource has happened."
      },
      "dataPsmTechnicalLabel": "time_reference",
      "dataPsmRoots": [
        "https://ofn.gov.cz/or/1747684596892-b7b4-cb29-91bb"
      ],
      "dataPsmParts": [
        "https://ofn.gov.cz/class/1742235299937-b17d-6f34-926d",
        "https://ofn.gov.cz/attribute/1742235314054-566f-39ac-8fcc",
        "https://ofn.gov.cz/attribute/1742235314087-7171-b181-9451",
        "https://ofn.gov.cz/attribute/1742235314118-e419-a6d2-8837",
        "https://ofn.gov.cz/class/1747684462938-347b-826c-91c6",
        "https://ofn.gov.cz/attribute/1747684474441-9ec9-cee4-aa55",
        "https://ofn.gov.cz/class/1747684474478-88d0-e45e-9676",
        "https://ofn.gov.cz/association/1747684474505-ef62-ded2-a544",
        "https://ofn.gov.cz/or/1747684513383-179c-9dad-8a39",
        "https://ofn.gov.cz/class/1747684521448-ab86-10be-a59d",
        "https://ofn.gov.cz/class/1747684544448-24d3-1ded-a6b1",
        "https://ofn.gov.cz/or/1747684596892-b7b4-cb29-91bb",
        "https://ofn.gov.cz/class/1747684596920-52fc-439a-8bab",
        "https://ofn.gov.cz/include/1747684596953-81a6-aaa7-a4b2",
        "https://ofn.gov.cz/class/1747684604449-d389-4ab6-a956",
        "https://ofn.gov.cz/include/1747684604488-d4d8-7b30-b4eb",
        "https://ofn.gov.cz/class/1747684619326-cded-bb1f-a6a0",
        "https://ofn.gov.cz/association/1747684619354-b39b-eca6-8322",
        "https://ofn.gov.cz/class/1747684619381-977a-3e54-b606",
        "https://ofn.gov.cz/association/1747684619407-2d30-202d-bd50",
        "https://ofn.gov.cz/attribute/1747684619442-1b2c-f31b-acb8",
        "https://ofn.gov.cz/association/1747684619500-2407-ebe0-b11b",
        "https://ofn.gov.cz/attribute/1747684633308-188d-a996-8e37",
        "https://ofn.gov.cz/attribute/1747684633345-a0e8-7ccd-a846",
        "https://ofn.gov.cz/association/1747684633408-0c62-ab8b-b416",
        "https://ofn.gov.cz/attribute/1747684666221-5a6f-a34f-91f5",
        "https://ofn.gov.cz/attribute/1747684673600-2bae-656b-b117",
        "https://ofn.gov.cz/class-reference/1747684823907-cfbd-bf3d-851c",
        "https://ofn.gov.cz/class-reference/1747684827272-d08b-3179-902e"
      ],
      "jsonEnforceContext": "no"
    },
    "https://ofn.gov.cz/class/1742235299937-b17d-6f34-926d": {
      "types": [
        "https://ofn.gov.cz/slovník/psm/Class"
      ],
      "iri": "https://ofn.gov.cz/class/1742235299937-b17d-6f34-926d",
      "dataPsmHumanLabel": null,
      "dataPsmHumanDescription": null,
      "dataPsmTechnicalLabel": "time_reference",
      "dataPsmInterpretation": "x67cs7mr11m7w4riy7",
      "dataPsmExtends": [],
      "dataPsmParts": [
        "https://ofn.gov.cz/attribute/1742235314054-566f-39ac-8fcc",
        "https://ofn.gov.cz/attribute/1742235314087-7171-b181-9451",
        "https://ofn.gov.cz/attribute/1742235314118-e419-a6d2-8837"
      ],
      "dataPsmIsClosed": null
    },
    "https://ofn.gov.cz/attribute/1742235314054-566f-39ac-8fcc": {
      "types": [
        "https://ofn.gov.cz/slovník/psm/Attribute"
      ],
      "iri": "https://ofn.gov.cz/attribute/1742235314054-566f-39ac-8fcc",
      "dataPsmHumanLabel": null,
      "dataPsmHumanDescription": null,
      "dataPsmTechnicalLabel": "date_information",
      "dataPsmInterpretation": "iwwjtimp69m7yuc6g1",
      "dataPsmDatatype": "http://www.w3.org/2001/XMLSchema#string"
    },
    "https://ofn.gov.cz/attribute/1742235314087-7171-b181-9451": {
      "types": [
        "https://ofn.gov.cz/slovník/psm/Attribute"
      ],
      "iri": "https://ofn.gov.cz/attribute/1742235314087-7171-b181-9451",
      "dataPsmHumanLabel": null,
      "dataPsmHumanDescription": null,
      "dataPsmTechnicalLabel": "date_type",
      "dataPsmInterpretation": "4jx3a8qpiecm7ytvn95",
      "dataPsmDatatype": "http://www.w3.org/2001/XMLSchema#string"
    },
    "https://ofn.gov.cz/attribute/1742235314118-e419-a6d2-8837": {
      "types": [
        "https://ofn.gov.cz/slovník/psm/Attribute"
      ],
      "iri": "https://ofn.gov.cz/attribute/1742235314118-e419-a6d2-8837",
      "dataPsmHumanLabel": null,
      "dataPsmHumanDescription": null,
      "dataPsmTechnicalLabel": "date",
      "dataPsmInterpretation": "kchtsaq82arm7yttwj2",
      "dataPsmDatatype": "http://www.w3.org/2001/XMLSchema#date"
    },
    "https://ofn.gov.cz/class/1747684462938-347b-826c-91c6": {
      "types": [
        "https://ofn.gov.cz/slovník/psm/Class"
      ],
      "iri": "https://ofn.gov.cz/class/1747684462938-347b-826c-91c6",
      "dataPsmHumanLabel": null,
      "dataPsmHumanDescription": null,
      "dataPsmTechnicalLabel": "time_reference",
      "dataPsmInterpretation": "roeq7bsf6ifmavfecd8",
      "dataPsmExtends": [],
      "dataPsmParts": [
        "https://ofn.gov.cz/attribute/1747684474441-9ec9-cee4-aa55",
        "https://ofn.gov.cz/association/1747684474505-ef62-ded2-a544"
      ],
      "dataPsmIsClosed": null
    },
    "https://ofn.gov.cz/attribute/1747684474441-9ec9-cee4-aa55": {
      "types": [
        "https://ofn.gov.cz/slovník/psm/Attribute"
      ],
      "iri": "https://ofn.gov.cz/attribute/1747684474441-9ec9-cee4-aa55",
      "dataPsmHumanLabel": null,
      "dataPsmHumanDescription": null,
      "dataPsmTechnicalLabel": "date_information",
      "dataPsmInterpretation": "iwwjtimp69m7yuc6g1",
      "dataPsmDatatype": "https://ofn.gov.cz/zdroj/základní-datové-typy/2020-07-01/text"
    },
    "https://ofn.gov.cz/class/1747684474478-88d0-e45e-9676": {
      "types": [
        "https://ofn.gov.cz/slovník/psm/Class"
      ],
      "iri": "https://ofn.gov.cz/class/1747684474478-88d0-e45e-9676",
      "dataPsmHumanLabel": null,
      "dataPsmHumanDescription": null,
      "dataPsmTechnicalLabel": "date_type",
      "dataPsmInterpretation": "2d8k3q6cu3hmav6pi5o",
      "dataPsmExtends": [],
      "dataPsmParts": [],
      "dataPsmIsClosed": null
    },
    "https://ofn.gov.cz/association/1747684474505-ef62-ded2-a544": {
      "types": [
        "https://ofn.gov.cz/slovník/psm/AssociationEnd"
      ],
      "iri": "https://ofn.gov.cz/association/1747684474505-ef62-ded2-a544",
      "dataPsmHumanLabel": null,
      "dataPsmHumanDescription": null,
      "dataPsmTechnicalLabel": "has_date_type",
      "dataPsmInterpretation": "qwum261f2d7mavhh7a5",
      "dataPsmPart": "https://ofn.gov.cz/class/1747684474478-88d0-e45e-9676",
      "dataPsmIsReverse": false,
      "dataPsmIsDematerialize": null
    },
    "https://ofn.gov.cz/or/1747684513383-179c-9dad-8a39": {
      "types": [
        "https://ofn.gov.cz/slovník/psm/Or"
      ],
      "iri": "https://ofn.gov.cz/or/1747684513383-179c-9dad-8a39",
      "dataPsmHumanLabel": null,
      "dataPsmHumanDescription": null,
      "dataPsmTechnicalLabel": null,
      "dataPsmInterpretation": null,
      "dataPsmChoices": []
    },
    "https://ofn.gov.cz/class/1747684521448-ab86-10be-a59d": {
      "types": [
        "https://ofn.gov.cz/slovník/psm/Class"
      ],
      "iri": "https://ofn.gov.cz/class/1747684521448-ab86-10be-a59d",
      "dataPsmHumanLabel": null,
      "dataPsmHumanDescription": null,
      "dataPsmTechnicalLabel": "time_reference",
      "dataPsmInterpretation": "roeq7bsf6ifmavfecd8",
      "dataPsmExtends": [],
      "dataPsmParts": [],
      "dataPsmIsClosed": null
    },
    "https://ofn.gov.cz/class/1747684544448-24d3-1ded-a6b1": {
      "types": [
        "https://ofn.gov.cz/slovník/psm/Class"
      ],
      "iri": "https://ofn.gov.cz/class/1747684544448-24d3-1ded-a6b1",
      "dataPsmHumanLabel": null,
      "dataPsmHumanDescription": null,
      "dataPsmTechnicalLabel": "time_reference",
      "dataPsmInterpretation": "roeq7bsf6ifmavfecd8",
      "dataPsmExtends": [],
      "dataPsmParts": [],
      "dataPsmIsClosed": null,
      "dataPsmEmptyAsComplex": true
    },
    "https://ofn.gov.cz/or/1747684596892-b7b4-cb29-91bb": {
      "types": [
        "https://ofn.gov.cz/slovník/psm/Or"
      ],
      "iri": "https://ofn.gov.cz/or/1747684596892-b7b4-cb29-91bb",
      "dataPsmHumanLabel": null,
      "dataPsmHumanDescription": null,
      "dataPsmTechnicalLabel": null,
      "dataPsmInterpretation": null,
      "dataPsmChoices": [
        "https://ofn.gov.cz/class/1747684596920-52fc-439a-8bab",
        "https://ofn.gov.cz/class/1747684604449-d389-4ab6-a956"
      ]
    },
    "https://ofn.gov.cz/class/1747684596920-52fc-439a-8bab": {
      "types": [
        "https://ofn.gov.cz/slovník/psm/Class"
      ],
      "iri": "https://ofn.gov.cz/class/1747684596920-52fc-439a-8bab",
      "dataPsmHumanLabel": null,
      "dataPsmHumanDescription": null,
      "dataPsmTechnicalLabel": "time_interval",
      "dataPsmInterpretation": "f63jhmln6mjmavfq9ds",
      "dataPsmExtends": [],
      "dataPsmParts": [
        "https://ofn.gov.cz/include/1747684596953-81a6-aaa7-a4b2",
        "https://ofn.gov.cz/association/1747684619354-b39b-eca6-8322",
        "https://ofn.gov.cz/association/1747684619407-2d30-202d-bd50",
        "https://ofn.gov.cz/attribute/1747684619442-1b2c-f31b-acb8",
        "https://ofn.gov.cz/association/1747684619500-2407-ebe0-b11b"
      ],
      "dataPsmIsClosed": null
    },
    "https://ofn.gov.cz/include/1747684596953-81a6-aaa7-a4b2": {
      "types": [
        "https://ofn.gov.cz/slovník/psm/Include"
      ],
      "iri": "https://ofn.gov.cz/include/1747684596953-81a6-aaa7-a4b2",
      "dataPsmIncludes": "https://ofn.gov.cz/class/1747684544448-24d3-1ded-a6b1"
    },
    "https://ofn.gov.cz/class/1747684604449-d389-4ab6-a956": {
      "types": [
        "https://ofn.gov.cz/slovník/psm/Class"
      ],
      "iri": "https://ofn.gov.cz/class/1747684604449-d389-4ab6-a956",
      "dataPsmHumanLabel": null,
      "dataPsmHumanDescription": null,
      "dataPsmTechnicalLabel": "time_instant",
      "dataPsmInterpretation": "ww51pblxeu8mavfp3h9",
      "dataPsmExtends": [],
      "dataPsmParts": [
        "https://ofn.gov.cz/include/1747684604488-d4d8-7b30-b4eb",
        "https://ofn.gov.cz/attribute/1747684633308-188d-a996-8e37",
        "https://ofn.gov.cz/attribute/1747684633345-a0e8-7ccd-a846",
        "https://ofn.gov.cz/association/1747684633408-0c62-ab8b-b416"
      ],
      "dataPsmIsClosed": null
    },
    "https://ofn.gov.cz/include/1747684604488-d4d8-7b30-b4eb": {
      "types": [
        "https://ofn.gov.cz/slovník/psm/Include"
      ],
      "iri": "https://ofn.gov.cz/include/1747684604488-d4d8-7b30-b4eb",
      "dataPsmIncludes": "https://ofn.gov.cz/class/1747684544448-24d3-1ded-a6b1"
    },
    "https://ofn.gov.cz/class/1747684619326-cded-bb1f-a6a0": {
      "types": [
        "https://ofn.gov.cz/slovník/psm/Class"
      ],
      "iri": "https://ofn.gov.cz/class/1747684619326-cded-bb1f-a6a0",
      "dataPsmHumanLabel": null,
      "dataPsmHumanDescription": null,
      "dataPsmTechnicalLabel": "time_instant",
      "dataPsmInterpretation": "ww51pblxeu8mavfp3h9",
      "dataPsmExtends": [],
      "dataPsmParts": [
        "https://ofn.gov.cz/attribute/1747684666221-5a6f-a34f-91f5"
      ],
      "dataPsmIsClosed": null
    },
    "https://ofn.gov.cz/association/1747684619354-b39b-eca6-8322": {
      "types": [
        "https://ofn.gov.cz/slovník/psm/AssociationEnd"
      ],
      "iri": "https://ofn.gov.cz/association/1747684619354-b39b-eca6-8322",
      "dataPsmHumanLabel": null,
      "dataPsmHumanDescription": null,
      "dataPsmTechnicalLabel": "has_beginning",
      "dataPsmInterpretation": "fgtswawx6aemavg0pxd",
      "dataPsmPart": "https://ofn.gov.cz/class/1747684619326-cded-bb1f-a6a0",
      "dataPsmIsReverse": false,
      "dataPsmIsDematerialize": null
    },
    "https://ofn.gov.cz/class/1747684619381-977a-3e54-b606": {
      "types": [
        "https://ofn.gov.cz/slovník/psm/Class"
      ],
      "iri": "https://ofn.gov.cz/class/1747684619381-977a-3e54-b606",
      "dataPsmHumanLabel": null,
      "dataPsmHumanDescription": null,
      "dataPsmTechnicalLabel": "time_instant",
      "dataPsmInterpretation": "ww51pblxeu8mavfp3h9",
      "dataPsmExtends": [],
      "dataPsmParts": [
        "https://ofn.gov.cz/attribute/1747684673600-2bae-656b-b117"
      ],
      "dataPsmIsClosed": null
    },
    "https://ofn.gov.cz/association/1747684619407-2d30-202d-bd50": {
      "types": [
        "https://ofn.gov.cz/slovník/psm/AssociationEnd"
      ],
      "iri": "https://ofn.gov.cz/association/1747684619407-2d30-202d-bd50",
      "dataPsmHumanLabel": null,
      "dataPsmHumanDescription": null,
      "dataPsmTechnicalLabel": "has_end",
      "dataPsmInterpretation": "7l28os0x3gymavg19kz",
      "dataPsmPart": "https://ofn.gov.cz/class/1747684619381-977a-3e54-b606",
      "dataPsmIsReverse": false,
      "dataPsmIsDematerialize": null
    },
    "https://ofn.gov.cz/attribute/1747684619442-1b2c-f31b-acb8": {
      "types": [
        "https://ofn.gov.cz/slovník/psm/Attribute"
      ],
      "iri": "https://ofn.gov.cz/attribute/1747684619442-1b2c-f31b-acb8",
      "dataPsmHumanLabel": null,
      "dataPsmHumanDescription": null,
      "dataPsmTechnicalLabel": "date_information",
      "dataPsmInterpretation": "iwwjtimp69m7yuc6g1",
      "dataPsmDatatype": "https://ofn.gov.cz/zdroj/základní-datové-typy/2020-07-01/text"
    },
    "https://ofn.gov.cz/association/1747684619500-2407-ebe0-b11b": {
      "types": [
        "https://ofn.gov.cz/slovník/psm/AssociationEnd"
      ],
      "iri": "https://ofn.gov.cz/association/1747684619500-2407-ebe0-b11b",
      "dataPsmHumanLabel": null,
      "dataPsmHumanDescription": null,
      "dataPsmTechnicalLabel": "has_date_type",
      "dataPsmInterpretation": "qwum261f2d7mavhh7a5",
      "dataPsmPart": "https://ofn.gov.cz/class-reference/1747684823907-cfbd-bf3d-851c",
      "dataPsmIsReverse": false,
      "dataPsmIsDematerialize": null
    },
    "https://ofn.gov.cz/attribute/1747684633308-188d-a996-8e37": {
      "types": [
        "https://ofn.gov.cz/slovník/psm/Attribute"
      ],
      "iri": "https://ofn.gov.cz/attribute/1747684633308-188d-a996-8e37",
      "dataPsmHumanLabel": null,
      "dataPsmHumanDescription": null,
      "dataPsmTechnicalLabel": "date",
      "dataPsmInterpretation": "fmrafkhlyqmavfugbz",
      "dataPsmDatatype": "http://www.w3.org/2001/XMLSchema#date"
    },
    "https://ofn.gov.cz/attribute/1747684633345-a0e8-7ccd-a846": {
      "types": [
        "https://ofn.gov.cz/slovník/psm/Attribute"
      ],
      "iri": "https://ofn.gov.cz/attribute/1747684633345-a0e8-7ccd-a846",
      "dataPsmHumanLabel": null,
      "dataPsmHumanDescription": null,
      "dataPsmTechnicalLabel": "date_information",
      "dataPsmInterpretation": "iwwjtimp69m7yuc6g1",
      "dataPsmDatatype": "https://ofn.gov.cz/zdroj/základní-datové-typy/2020-07-01/text"
    },
    "https://ofn.gov.cz/association/1747684633408-0c62-ab8b-b416": {
      "types": [
        "https://ofn.gov.cz/slovník/psm/AssociationEnd"
      ],
      "iri": "https://ofn.gov.cz/association/1747684633408-0c62-ab8b-b416",
      "dataPsmHumanLabel": null,
      "dataPsmHumanDescription": null,
      "dataPsmTechnicalLabel": "has_date_type",
      "dataPsmInterpretation": "qwum261f2d7mavhh7a5",
      "dataPsmPart": "https://ofn.gov.cz/class-reference/1747684827272-d08b-3179-902e",
      "dataPsmIsReverse": false,
      "dataPsmIsDematerialize": null
    },
    "https://ofn.gov.cz/attribute/1747684666221-5a6f-a34f-91f5": {
      "types": [
        "https://ofn.gov.cz/slovník/psm/Attribute"
      ],
      "iri": "https://ofn.gov.cz/attribute/1747684666221-5a6f-a34f-91f5",
      "dataPsmHumanLabel": null,
      "dataPsmHumanDescription": null,
      "dataPsmTechnicalLabel": "date",
      "dataPsmInterpretation": "fmrafkhlyqmavfugbz",
      "dataPsmDatatype": "http://www.w3.org/2001/XMLSchema#date"
    },
    "https://ofn.gov.cz/attribute/1747684673600-2bae-656b-b117": {
      "types": [
        "https://ofn.gov.cz/slovník/psm/Attribute"
      ],
      "iri": "https://ofn.gov.cz/attribute/1747684673600-2bae-656b-b117",
      "dataPsmHumanLabel": null,
      "dataPsmHumanDescription": null,
      "dataPsmTechnicalLabel": "date",
      "dataPsmInterpretation": "fmrafkhlyqmavfugbz",
      "dataPsmDatatype": "http://www.w3.org/2001/XMLSchema#date"
    },
    "https://ofn.gov.cz/class-reference/1747684823907-cfbd-bf3d-851c": {
      "types": [
        "https://ofn.gov.cz/slovník/psm/ClassReference"
      ],
      "iri": "https://ofn.gov.cz/class-reference/1747684823907-cfbd-bf3d-851c",
      "dataPsmSpecification": "536262be-2e24-4acb-a4c5-78bd2d237257",
      "dataPsmClass": "https://ofn.gov.cz/class/1747684797448-9d6c-a945-a0af"
    },
    "https://ofn.gov.cz/class-reference/1747684827272-d08b-3179-902e": {
      "types": [
        "https://ofn.gov.cz/slovník/psm/ClassReference"
      ],
      "iri": "https://ofn.gov.cz/class-reference/1747684827272-d08b-3179-902e",
      "dataPsmSpecification": "536262be-2e24-4acb-a4c5-78bd2d237257",
      "dataPsmClass": "https://ofn.gov.cz/class/1747684797448-9d6c-a945-a0af"
    }
  }
}