{
  "iri": "c92046f6-f408-4d39-8fe8-c83ecffb56cd",
  "types": [
    "http://dataspecer.com/resources/v1/psm"
  ],
  "userMetadata": {
    "label": {
      "cs": "File",
      "en": "File"
    },
    "description": {
      "cs": "Datová struktura pro File. Downloadable file in given format.",
      "en": "Data structure for File. Downloadable file in given format."
    }
  },
  "metadata": {
    "creationDate": "2025-06-24T12:02:15.140Z",
    "modificationDate": "2025-06-30T09:36:30.484Z"
  },
  "_version": 1,
  "_exportVersion": 1,
  "_exportedAt": "2025-06-30T09:44:54.839Z",
  "_exportedBy": "http://localhost:3100"
}