{
  "iri": "d19697d9-b1fe-427a-874b-0a537119a6e7",
  "types": [
    "http://dataspecer.com/resources/local/visual-model"
  ],
  "userMetadata": {
    "label": {
      "en": "View for Czech Core Metadata Model"
    },
    "description": {
      "en": "View model for the profile"
    }
  },
  "metadata": {
    "creationDate": "2025-06-24T12:02:11.546Z",
    "modificationDate": "2025-06-30T09:24:45.188Z"
  },
  "_version": 1,
  "_exportVersion": 1,
  "_exportedAt": "2025-06-30T09:26:17.938Z",
  "_exportedBy": "http://localhost:3100"
}