{
  "iri": "d19697d9-b1fe-427a-874b-0a537119a6e7",
  "types": [
    "http://dataspecer.com/resources/local/visual-model"
  ],
  "userMetadata": {
    "label": {
      "en": "View for Czech Core Metadata Model"
    },
    "description": {
      "en": "View model for the profile"
    }
  },
  "metadata": {
    "creationDate": "2025-04-15T12:56:00.190Z",
    "modificationDate": "2025-05-20T07:34:18.564Z"
  },
  "_version": 1,
  "_exportVersion": 1,
  "_exportedAt": "2025-05-20T07:36:35.839Z",
  "_exportedBy": "http://localhost:3100"
}