{
  "iri": "e4bb0f83-fd28-4b0b-8f74-6160a258796f",
  "types": [
    "http://dataspecer.com/resources/v1/psm"
  ],
  "userMetadata": {
    "label": {
      "cs": "Identifier",
      "en": "Identifier"
    },
    "description": {
      "cs": "Datová struktura pro Identifier. This is based on the UN/CEFACT Identifier class.",
      "en": "Data structure for Identifier. This is based on the UN/CEFACT Identifier class."
    }
  },
  "metadata": {
    "creationDate": "2025-06-24T12:02:17.444Z",
    "modificationDate": "2025-06-30T09:36:31.090Z"
  },
  "_version": 1,
  "_exportVersion": 1,
  "_exportedAt": "2025-06-30T09:44:54.845Z",
  "_exportedBy": "http://localhost:3100"
}