{
  "iri": "edaeb96d-b03f-46fe-ba4e-b7065361fd5d",
  "types": [
    "http://dataspecer.com/resources/v1/psm"
  ],
  "userMetadata": {
    "label": {
      "cs": "Resource to Agent Relationship",
      "en": "Resource to Agent Relationship"
    },
    "description": {
      "cs": "Datová struktura pro Resource to Agent Relationship. An association class for attaching additional information to a relationship between Dataset and Agent.",
      "en": "Data structure for Resource to Agent Relationship. An association class for attaching additional information to a relationship between Dataset and Agent."
    }
  },
  "metadata": {
    "creationDate": "2025-04-15T12:56:08.744Z",
    "modificationDate": "2025-05-20T06:52:35.311Z"
  },
  "_version": 1,
  "_exportVersion": 1,
  "_exportedAt": "2025-05-20T07:36:35.941Z",
  "_exportedBy": "http://localhost:3100"
}