{
  "iri": "f004e77b-b623-43f2-a560-aca1dcf8b661",
  "types": [
    "http://dataspecer.com/resources/v1/psm"
  ],
  "userMetadata": {
    "label": {
      "cs": "Alternate title",
      "en": "Alternate title"
    },
    "description": {
      "cs": "Datová struktura pro Alternate title. Alternate title f the resource",
      "en": "Data structure for Alternate title. Alternate title f the resource"
    }
  },
  "metadata": {
    "creationDate": "2025-04-15T12:56:12.322Z",
    "modificationDate": "2025-05-20T09:03:57.167Z"
  },
  "_version": 1,
  "_exportVersion": 1,
  "_exportedAt": "2025-05-20T09:05:51.026Z",
  "_exportedBy": "http://localhost:3100"
}