{
  "iri": "f5642222-ae65-4b72-8f09-414f74ba7b7e",
  "types": [
    "http://dataspecer.com/resources/v1/psm"
  ],
  "userMetadata": {
    "label": {
      "cs": "Data service",
      "en": "Data service"
    },
    "description": {
      "cs": "Datová struktura pro Data service. Umístění či přístupový bod poskytující operace související s hledáním, přistupem k, či výkonem funkcí na datech či souvisejících zdrojích.",
      "en": "Data structure for Data service. A collection of operations that provides access to one or more datasets or data processing functions."
    }
  },
  "metadata": {
    "creationDate": "2025-06-24T12:02:18.322Z",
    "modificationDate": "2025-06-24T13:16:54.020Z"
  },
  "_version": 1,
  "_exportVersion": 1,
  "_exportedAt": "2025-06-24T13:30:48.524Z",
  "_exportedBy": "http://localhost:3100"
}