{
  "iri": "faa381aa-72a5-4318-a36c-dceb209db7ea",
  "types": [
    "http://dataspecer.com/resources/v1/psm"
  ],
  "userMetadata": {
    "label": {
      "cs": "Katalog",
      "en": "Repository"
    },
    "description": {
      "cs": "Datová struktura pro Katalog. Řízená kolekce metadat o datových sadách a datových službách",
      "en": "Data structure for Repository. A curated collection of metadata about resources."
    }
  },
  "metadata": {
    "creationDate": "2025-06-24T12:02:16.994Z",
    "modificationDate": "2025-06-30T09:23:54.794Z"
  },
  "_version": 1,
  "_exportVersion": 1,
  "_exportedAt": "2025-06-30T09:26:18.053Z",
  "_exportedBy": "http://localhost:3100"
}