{
  "iri": "fe716aa9-f14d-44d6-bcf2-f0a1065db9db",
  "types": [
    "http://dataspecer.com/resources/v1/psm"
  ],
  "userMetadata": {
    "label": {
      "cs": "Geometry",
      "en": "Geometry"
    },
    "description": {
      "cs": "Datová struktura pro Geometry. The Geometry class provides the means to identify a location as a point, line, polygon, etc. expressed using coordinates in some coordinate reference system.",
      "en": "Data structure for Geometry. The Geometry class provides the means to identify a location as a point, line, polygon, etc. expressed using coordinates in some coordinate reference system."
    }
  },
  "metadata": {
    "creationDate": "2025-04-15T12:56:12.545Z",
    "modificationDate": "2025-05-20T06:52:34.959Z"
  },
  "_version": 1,
  "_exportVersion": 1,
  "_exportedAt": "2025-05-20T07:36:35.956Z",
  "_exportedBy": "http://localhost:3100"
}