{
  "type": "https://dataspecer.com/core/model-descriptor/pim-store-wrapper",
  "id": "vin2w",
  "alias": "ccmm-v",
  "pimStore": {
    "resources": {
      "https://techlib.cz/vocabulary/ccmm/phone": {
        "types": [
          "https://ofn.gov.cz/slovník/pim/Attribute"
        ],
        "iri": "https://techlib.cz/vocabulary/ccmm/phone",
        "pimInterpretation": "https://techlib.cz/vocabulary/ccmm/phone",
        "pimTechnicalLabel": null,
        "pimHumanLabel": {
          "en": "Phone"
        },
        "pimHumanDescription": {
          "en": "Phone number"
        },
        "pimDatatype": "http://www.w3.org/2000/01/rdf-schema#Literal",
        "pimLanguageStringRequiredLanguages": [],
        "pimOwnerClass": "https://techlib.cz/vocabulary/ccmm/ContactDetails",
        "pimCardinalityMin": null,
        "pimCardinalityMax": null,
        "pimRegex": null,
        "pimExample": null,
        "pimExtends": []
      },
      "https://techlib.cz/vocabulary/ccmm/dataBox": {
        "types": [
          "https://ofn.gov.cz/slovník/pim/Attribute"
        ],
        "iri": "https://techlib.cz/vocabulary/ccmm/dataBox",
        "pimInterpretation": "https://techlib.cz/vocabulary/ccmm/dataBox",
        "pimTechnicalLabel": null,
        "pimHumanLabel": {
          "en": "Data box"
        },
        "pimHumanDescription": {
          "en": "Data box code"
        },
        "pimDatatype": "http://www.w3.org/2000/01/rdf-schema#Literal",
        "pimLanguageStringRequiredLanguages": [],
        "pimOwnerClass": "https://techlib.cz/vocabulary/ccmm/ContactDetails",
        "pimCardinalityMin": null,
        "pimCardinalityMax": null,
        "pimRegex": null,
        "pimExample": null,
        "pimExtends": []
      },
      "https://techlib.cz/vocabulary/ccmm/email": {
        "types": [
          "https://ofn.gov.cz/slovník/pim/Attribute"
        ],
        "iri": "https://techlib.cz/vocabulary/ccmm/email",
        "pimInterpretation": "https://techlib.cz/vocabulary/ccmm/email",
        "pimTechnicalLabel": null,
        "pimHumanLabel": {
          "en": "Email"
        },
        "pimHumanDescription": {
          "en": "Email address"
        },
        "pimDatatype": "http://www.w3.org/2000/01/rdf-schema#Literal",
        "pimLanguageStringRequiredLanguages": [],
        "pimOwnerClass": "https://techlib.cz/vocabulary/ccmm/ContactDetails",
        "pimCardinalityMin": null,
        "pimCardinalityMax": null,
        "pimRegex": null,
        "pimExample": null,
        "pimExtends": []
      },
      "https://techlib.cz/vocabulary/ccmm/hasRelatedResource#domain": {
        "types": [
          "https://ofn.gov.cz/slovník/pim/AssociationEnd"
        ],
        "iri": "https://techlib.cz/vocabulary/ccmm/hasRelatedResource#domain",
        "pimInterpretation": null,
        "pimTechnicalLabel": null,
        "pimHumanLabel": null,
        "pimHumanDescription": null,
        "pimPart": "http://www.w3.org/ns/dcat#Dataset",
        "pimCardinalityMin": null,
        "pimCardinalityMax": null
      },
      "https://techlib.cz/vocabulary/ccmm/hasRelatedResource": {
        "types": [
          "https://ofn.gov.cz/slovník/pim/Association"
        ],
        "iri": "https://techlib.cz/vocabulary/ccmm/hasRelatedResource",
        "pimInterpretation": "https://techlib.cz/vocabulary/ccmm/hasRelatedResource",
        "pimTechnicalLabel": null,
        "pimHumanLabel": {
          "en": "has related resource"
        },
        "pimHumanDescription": {},
        "pimEnd": [
          "https://techlib.cz/vocabulary/ccmm/hasRelatedResource#domain",
          "https://techlib.cz/vocabulary/ccmm/hasRelatedResource#range"
        ],
        "pimIsOriented": true,
        "pimExtends": []
      },
      "https://techlib.cz/vocabulary/ccmm/hasRelatedResource#range": {
        "types": [
          "https://ofn.gov.cz/slovník/pim/AssociationEnd"
        ],
        "iri": "https://techlib.cz/vocabulary/ccmm/hasRelatedResource#range",
        "pimInterpretation": null,
        "pimTechnicalLabel": null,
        "pimHumanLabel": null,
        "pimHumanDescription": null,
        "pimPart": "http://www.w3.org/2000/01/rdf-schema#Resource",
        "pimCardinalityMin": null,
        "pimCardinalityMax": null
      },
      "https://techlib.cz/vocabulary/ccmm/hasDistribution#domain": {
        "types": [
          "https://ofn.gov.cz/slovník/pim/AssociationEnd"
        ],
        "iri": "https://techlib.cz/vocabulary/ccmm/hasDistribution#domain",
        "pimInterpretation": null,
        "pimTechnicalLabel": null,
        "pimHumanLabel": null,
        "pimHumanDescription": null,
        "pimPart": "http://www.w3.org/ns/dcat#Dataset",
        "pimCardinalityMin": null,
        "pimCardinalityMax": null
      },
      "https://techlib.cz/vocabulary/ccmm/hasDistribution": {
        "types": [
          "https://ofn.gov.cz/slovník/pim/Association"
        ],
        "iri": "https://techlib.cz/vocabulary/ccmm/hasDistribution",
        "pimInterpretation": "https://techlib.cz/vocabulary/ccmm/hasDistribution",
        "pimTechnicalLabel": null,
        "pimHumanLabel": {
          "en": "has distribution"
        },
        "pimHumanDescription": {},
        "pimEnd": [
          "https://techlib.cz/vocabulary/ccmm/hasDistribution#domain",
          "https://techlib.cz/vocabulary/ccmm/hasDistribution#range"
        ],
        "pimIsOriented": true,
        "pimExtends": []
      },
      "https://techlib.cz/vocabulary/ccmm/hasDistribution#range": {
        "types": [
          "https://ofn.gov.cz/slovník/pim/AssociationEnd"
        ],
        "iri": "https://techlib.cz/vocabulary/ccmm/hasDistribution#range",
        "pimInterpretation": null,
        "pimTechnicalLabel": null,
        "pimHumanLabel": null,
        "pimHumanDescription": null,
        "pimPart": "http://www.w3.org/ns/dcat#Distribution",
        "pimCardinalityMin": null,
        "pimCardinalityMax": null
      },
      "https://techlib.cz/vocabulary/ccmm/hasValidationResult#domain": {
        "types": [
          "https://ofn.gov.cz/slovník/pim/AssociationEnd"
        ],
        "iri": "https://techlib.cz/vocabulary/ccmm/hasValidationResult#domain",
        "pimInterpretation": null,
        "pimTechnicalLabel": null,
        "pimHumanLabel": null,
        "pimHumanDescription": null,
        "pimPart": "http://www.w3.org/ns/dcat#Dataset",
        "pimCardinalityMin": null,
        "pimCardinalityMax": null
      },
      "https://techlib.cz/vocabulary/ccmm/hasValidationResult": {
        "types": [
          "https://ofn.gov.cz/slovník/pim/Association"
        ],
        "iri": "https://techlib.cz/vocabulary/ccmm/hasValidationResult",
        "pimInterpretation": "https://techlib.cz/vocabulary/ccmm/hasValidationResult",
        "pimTechnicalLabel": null,
        "pimHumanLabel": {
          "en": "has validation result"
        },
        "pimHumanDescription": {},
        "pimEnd": [
          "https://techlib.cz/vocabulary/ccmm/hasValidationResult#domain",
          "https://techlib.cz/vocabulary/ccmm/hasValidationResult#range"
        ],
        "pimIsOriented": true,
        "pimExtends": []
      },
      "https://techlib.cz/vocabulary/ccmm/hasValidationResult#range": {
        "types": [
          "https://ofn.gov.cz/slovník/pim/AssociationEnd"
        ],
        "iri": "https://techlib.cz/vocabulary/ccmm/hasValidationResult#range",
        "pimInterpretation": null,
        "pimTechnicalLabel": null,
        "pimHumanLabel": null,
        "pimHumanDescription": null,
        "pimPart": "https://techlib.cz/vocabulary/ccmm/ValidationResult",
        "pimCardinalityMin": null,
        "pimCardinalityMax": null
      },
      "https://techlib.cz/vocabulary/ccmm/hasTimeReference#domain": {
        "types": [
          "https://ofn.gov.cz/slovník/pim/AssociationEnd"
        ],
        "iri": "https://techlib.cz/vocabulary/ccmm/hasTimeReference#domain",
        "pimInterpretation": null,
        "pimTechnicalLabel": null,
        "pimHumanLabel": null,
        "pimHumanDescription": null,
        "pimPart": "http://www.w3.org/ns/dcat#Dataset",
        "pimCardinalityMin": null,
        "pimCardinalityMax": null
      },
      "https://techlib.cz/vocabulary/ccmm/hasTimeReference": {
        "types": [
          "https://ofn.gov.cz/slovník/pim/Association"
        ],
        "iri": "https://techlib.cz/vocabulary/ccmm/hasTimeReference",
        "pimInterpretation": "https://techlib.cz/vocabulary/ccmm/hasTimeReference",
        "pimTechnicalLabel": null,
        "pimHumanLabel": {
          "en": "has time reference"
        },
        "pimHumanDescription": {},
        "pimEnd": [
          "https://techlib.cz/vocabulary/ccmm/hasTimeReference#domain",
          "https://techlib.cz/vocabulary/ccmm/hasTimeReference#range"
        ],
        "pimIsOriented": true,
        "pimExtends": []
      },
      "https://techlib.cz/vocabulary/ccmm/hasTimeReference#range": {
        "types": [
          "https://ofn.gov.cz/slovník/pim/AssociationEnd"
        ],
        "iri": "https://techlib.cz/vocabulary/ccmm/hasTimeReference#range",
        "pimInterpretation": null,
        "pimTechnicalLabel": null,
        "pimHumanLabel": null,
        "pimHumanDescription": null,
        "pimPart": "https://techlib.cz/vocabulary/ccmm/TimeReference",
        "pimCardinalityMin": null,
        "pimCardinalityMax": null
      },
      "https://techlib.cz/vocabulary/ccmm/qualifiedRelation#domain": {
        "types": [
          "https://ofn.gov.cz/slovník/pim/AssociationEnd"
        ],
        "iri": "https://techlib.cz/vocabulary/ccmm/qualifiedRelation#domain",
        "pimInterpretation": null,
        "pimTechnicalLabel": null,
        "pimHumanLabel": null,
        "pimHumanDescription": null,
        "pimPart": "http://www.w3.org/2000/01/rdf-schema#Resource",
        "pimCardinalityMin": null,
        "pimCardinalityMax": null
      },
      "https://techlib.cz/vocabulary/ccmm/qualifiedRelation": {
        "types": [
          "https://ofn.gov.cz/slovník/pim/Association"
        ],
        "iri": "https://techlib.cz/vocabulary/ccmm/qualifiedRelation",
        "pimInterpretation": "https://techlib.cz/vocabulary/ccmm/qualifiedRelation",
        "pimTechnicalLabel": null,
        "pimHumanLabel": {
          "en": "qualified relation"
        },
        "pimHumanDescription": {},
        "pimEnd": [
          "https://techlib.cz/vocabulary/ccmm/qualifiedRelation#domain",
          "https://techlib.cz/vocabulary/ccmm/qualifiedRelation#range"
        ],
        "pimIsOriented": true,
        "pimExtends": []
      },
      "https://techlib.cz/vocabulary/ccmm/qualifiedRelation#range": {
        "types": [
          "https://ofn.gov.cz/slovník/pim/AssociationEnd"
        ],
        "iri": "https://techlib.cz/vocabulary/ccmm/qualifiedRelation#range",
        "pimInterpretation": null,
        "pimTechnicalLabel": null,
        "pimHumanLabel": null,
        "pimHumanDescription": null,
        "pimPart": "http://www.w3.org/ns/dcat#Relationship",
        "pimCardinalityMin": null,
        "pimCardinalityMax": null
      },
      "https://techlib.cz/vocabulary/ccmm/relation#domain": {
        "types": [
          "https://ofn.gov.cz/slovník/pim/AssociationEnd"
        ],
        "iri": "https://techlib.cz/vocabulary/ccmm/relation#domain",
        "pimInterpretation": null,
        "pimTechnicalLabel": null,
        "pimHumanLabel": null,
        "pimHumanDescription": null,
        "pimPart": "http://www.w3.org/ns/dcat#Relationship",
        "pimCardinalityMin": null,
        "pimCardinalityMax": null
      },
      "https://techlib.cz/vocabulary/ccmm/relation": {
        "types": [
          "https://ofn.gov.cz/slovník/pim/Association"
        ],
        "iri": "https://techlib.cz/vocabulary/ccmm/relation",
        "pimInterpretation": "https://techlib.cz/vocabulary/ccmm/relation",
        "pimTechnicalLabel": null,
        "pimHumanLabel": {
          "en": "relation"
        },
        "pimHumanDescription": {},
        "pimEnd": [
          "https://techlib.cz/vocabulary/ccmm/relation#domain",
          "https://techlib.cz/vocabulary/ccmm/relation#range"
        ],
        "pimIsOriented": true,
        "pimExtends": []
      },
      "https://techlib.cz/vocabulary/ccmm/relation#range": {
        "types": [
          "https://ofn.gov.cz/slovník/pim/AssociationEnd"
        ],
        "iri": "https://techlib.cz/vocabulary/ccmm/relation#range",
        "pimInterpretation": null,
        "pimTechnicalLabel": null,
        "pimHumanLabel": null,
        "pimHumanDescription": null,
        "pimPart": "http://purl.org/dc/terms/Agent",
        "pimCardinalityMin": null,
        "pimCardinalityMax": null
      },
      "https://techlib.cz/vocabulary/ccmm/hasAffiliation#domain": {
        "types": [
          "https://ofn.gov.cz/slovník/pim/AssociationEnd"
        ],
        "iri": "https://techlib.cz/vocabulary/ccmm/hasAffiliation#domain",
        "pimInterpretation": null,
        "pimTechnicalLabel": null,
        "pimHumanLabel": null,
        "pimHumanDescription": null,
        "pimPart": "http://www.w3.org/ns/prov#Person",
        "pimCardinalityMin": null,
        "pimCardinalityMax": null
      },
      "https://techlib.cz/vocabulary/ccmm/hasAffiliation": {
        "types": [
          "https://ofn.gov.cz/slovník/pim/Association"
        ],
        "iri": "https://techlib.cz/vocabulary/ccmm/hasAffiliation",
        "pimInterpretation": "https://techlib.cz/vocabulary/ccmm/hasAffiliation",
        "pimTechnicalLabel": null,
        "pimHumanLabel": {
          "en": "has affiliation"
        },
        "pimHumanDescription": {},
        "pimEnd": [
          "https://techlib.cz/vocabulary/ccmm/hasAffiliation#domain",
          "https://techlib.cz/vocabulary/ccmm/hasAffiliation#range"
        ],
        "pimIsOriented": true,
        "pimExtends": []
      },
      "https://techlib.cz/vocabulary/ccmm/hasAffiliation#range": {
        "types": [
          "https://ofn.gov.cz/slovník/pim/AssociationEnd"
        ],
        "iri": "https://techlib.cz/vocabulary/ccmm/hasAffiliation#range",
        "pimInterpretation": null,
        "pimTechnicalLabel": null,
        "pimHumanLabel": null,
        "pimHumanDescription": null,
        "pimPart": "http://www.w3.org/ns/prov#Organization",
        "pimCardinalityMin": null,
        "pimCardinalityMax": null
      },
      "https://techlib.cz/vocabulary/ccmm/originalRepository#domain": {
        "types": [
          "https://ofn.gov.cz/slovník/pim/AssociationEnd"
        ],
        "iri": "https://techlib.cz/vocabulary/ccmm/originalRepository#domain",
        "pimInterpretation": null,
        "pimTechnicalLabel": null,
        "pimHumanLabel": null,
        "pimHumanDescription": null,
        "pimPart": "http://www.w3.org/ns/dcat#CatalogRecord",
        "pimCardinalityMin": null,
        "pimCardinalityMax": null
      },
      "https://techlib.cz/vocabulary/ccmm/originalRepository": {
        "types": [
          "https://ofn.gov.cz/slovník/pim/Association"
        ],
        "iri": "https://techlib.cz/vocabulary/ccmm/originalRepository",
        "pimInterpretation": "https://techlib.cz/vocabulary/ccmm/originalRepository",
        "pimTechnicalLabel": null,
        "pimHumanLabel": {
          "en": "original repository"
        },
        "pimHumanDescription": {
          "en": "Link to the repository from which the metadata were originally stored and curated."
        },
        "pimEnd": [
          "https://techlib.cz/vocabulary/ccmm/originalRepository#domain",
          "https://techlib.cz/vocabulary/ccmm/originalRepository#range"
        ],
        "pimIsOriented": true,
        "pimExtends": []
      },
      "https://techlib.cz/vocabulary/ccmm/originalRepository#range": {
        "types": [
          "https://ofn.gov.cz/slovník/pim/AssociationEnd"
        ],
        "iri": "https://techlib.cz/vocabulary/ccmm/originalRepository#range",
        "pimInterpretation": null,
        "pimTechnicalLabel": null,
        "pimHumanLabel": null,
        "pimHumanDescription": null,
        "pimPart": "http://www.w3.org/ns/dcat#Catalog",
        "pimCardinalityMin": null,
        "pimCardinalityMax": null
      },
      "https://techlib.cz/vocabulary/ccmm/describes#domain": {
        "types": [
          "https://ofn.gov.cz/slovník/pim/AssociationEnd"
        ],
        "iri": "https://techlib.cz/vocabulary/ccmm/describes#domain",
        "pimInterpretation": null,
        "pimTechnicalLabel": null,
        "pimHumanLabel": null,
        "pimHumanDescription": null,
        "pimPart": "http://www.w3.org/ns/dcat#CatalogRecord",
        "pimCardinalityMin": null,
        "pimCardinalityMax": null
      },
      "https://techlib.cz/vocabulary/ccmm/describes": {
        "types": [
          "https://ofn.gov.cz/slovník/pim/Association"
        ],
        "iri": "https://techlib.cz/vocabulary/ccmm/describes",
        "pimInterpretation": "https://techlib.cz/vocabulary/ccmm/describes",
        "pimTechnicalLabel": null,
        "pimHumanLabel": {
          "en": "describes"
        },
        "pimHumanDescription": {
          "en": "Dataset described by the metadata record."
        },
        "pimEnd": [
          "https://techlib.cz/vocabulary/ccmm/describes#domain",
          "https://techlib.cz/vocabulary/ccmm/describes#range"
        ],
        "pimIsOriented": true,
        "pimExtends": []
      },
      "https://techlib.cz/vocabulary/ccmm/describes#range": {
        "types": [
          "https://ofn.gov.cz/slovník/pim/AssociationEnd"
        ],
        "iri": "https://techlib.cz/vocabulary/ccmm/describes#range",
        "pimInterpretation": null,
        "pimTechnicalLabel": null,
        "pimHumanLabel": null,
        "pimHumanDescription": null,
        "pimPart": "http://www.w3.org/ns/dcat#Dataset",
        "pimCardinalityMin": null,
        "pimCardinalityMax": null
      },
      "https://techlib.cz/vocabulary/ccmm/inSubjectScheme#domain": {
        "types": [
          "https://ofn.gov.cz/slovník/pim/AssociationEnd"
        ],
        "iri": "https://techlib.cz/vocabulary/ccmm/inSubjectScheme#domain",
        "pimInterpretation": null,
        "pimTechnicalLabel": null,
        "pimHumanLabel": null,
        "pimHumanDescription": null,
        "pimPart": "https://techlib.cz/vocabulary/datacite/Subject",
        "pimCardinalityMin": null,
        "pimCardinalityMax": null
      },
      "https://techlib.cz/vocabulary/ccmm/inSubjectScheme": {
        "types": [
          "https://ofn.gov.cz/slovník/pim/Association"
        ],
        "iri": "https://techlib.cz/vocabulary/ccmm/inSubjectScheme",
        "pimInterpretation": "https://techlib.cz/vocabulary/ccmm/inSubjectScheme",
        "pimTechnicalLabel": null,
        "pimHumanLabel": {
          "en": "in subject scheme"
        },
        "pimHumanDescription": {},
        "pimEnd": [
          "https://techlib.cz/vocabulary/ccmm/inSubjectScheme#domain",
          "https://techlib.cz/vocabulary/ccmm/inSubjectScheme#range"
        ],
        "pimIsOriented": true,
        "pimExtends": []
      },
      "https://techlib.cz/vocabulary/ccmm/inSubjectScheme#range": {
        "types": [
          "https://ofn.gov.cz/slovník/pim/AssociationEnd"
        ],
        "iri": "https://techlib.cz/vocabulary/ccmm/inSubjectScheme#range",
        "pimInterpretation": null,
        "pimTechnicalLabel": null,
        "pimHumanLabel": null,
        "pimHumanDescription": null,
        "pimPart": "https://techlib.cz/vocabulary/ccmm/SubjectScheme",
        "pimCardinalityMin": null,
        "pimCardinalityMax": null
      },
      "https://techlib.cz/vocabulary/ccmm/hasIdentifier#domain": {
        "types": [
          "https://ofn.gov.cz/slovník/pim/AssociationEnd"
        ],
        "iri": "https://techlib.cz/vocabulary/ccmm/hasIdentifier#domain",
        "pimInterpretation": null,
        "pimTechnicalLabel": null,
        "pimHumanLabel": null,
        "pimHumanDescription": null,
        "pimPart": "http://www.w3.org/2000/01/rdf-schema#Resource",
        "pimCardinalityMin": null,
        "pimCardinalityMax": null
      },
      "https://techlib.cz/vocabulary/ccmm/hasIdentifier": {
        "types": [
          "https://ofn.gov.cz/slovník/pim/Association"
        ],
        "iri": "https://techlib.cz/vocabulary/ccmm/hasIdentifier",
        "pimInterpretation": "https://techlib.cz/vocabulary/ccmm/hasIdentifier",
        "pimTechnicalLabel": null,
        "pimHumanLabel": {
          "en": "has identifier"
        },
        "pimHumanDescription": {
          "en": "has identifier"
        },
        "pimEnd": [
          "https://techlib.cz/vocabulary/ccmm/hasIdentifier#domain",
          "https://techlib.cz/vocabulary/ccmm/hasIdentifier#range"
        ],
        "pimIsOriented": true,
        "pimExtends": []
      },
      "https://techlib.cz/vocabulary/ccmm/hasIdentifier#range": {
        "types": [
          "https://ofn.gov.cz/slovník/pim/AssociationEnd"
        ],
        "iri": "https://techlib.cz/vocabulary/ccmm/hasIdentifier#range",
        "pimInterpretation": null,
        "pimTechnicalLabel": null,
        "pimHumanLabel": null,
        "pimHumanDescription": null,
        "pimPart": "http://www.w3.org/ns/adms#Identifier",
        "pimCardinalityMin": null,
        "pimCardinalityMax": null
      },
      "https://techlib.cz/vocabulary/ccmm/isDescribedBy#domain": {
        "types": [
          "https://ofn.gov.cz/slovník/pim/AssociationEnd"
        ],
        "iri": "https://techlib.cz/vocabulary/ccmm/isDescribedBy#domain",
        "pimInterpretation": null,
        "pimTechnicalLabel": null,
        "pimHumanLabel": null,
        "pimHumanDescription": null,
        "pimPart": "http://www.w3.org/ns/dcat#Dataset",
        "pimCardinalityMin": null,
        "pimCardinalityMax": null
      },
      "https://techlib.cz/vocabulary/ccmm/isDescribedBy": {
        "types": [
          "https://ofn.gov.cz/slovník/pim/Association"
        ],
        "iri": "https://techlib.cz/vocabulary/ccmm/isDescribedBy",
        "pimInterpretation": "https://techlib.cz/vocabulary/ccmm/isDescribedBy",
        "pimTechnicalLabel": null,
        "pimHumanLabel": {
          "en": "is described by"
        },
        "pimHumanDescription": {
          "en": "Inverse relation between dataset and metadata record."
        },
        "pimEnd": [
          "https://techlib.cz/vocabulary/ccmm/isDescribedBy#domain",
          "https://techlib.cz/vocabulary/ccmm/isDescribedBy#range"
        ],
        "pimIsOriented": true,
        "pimExtends": []
      },
      "https://techlib.cz/vocabulary/ccmm/isDescribedBy#range": {
        "types": [
          "https://ofn.gov.cz/slovník/pim/AssociationEnd"
        ],
        "iri": "https://techlib.cz/vocabulary/ccmm/isDescribedBy#range",
        "pimInterpretation": null,
        "pimTechnicalLabel": null,
        "pimHumanLabel": null,
        "pimHumanDescription": null,
        "pimPart": "http://www.w3.org/ns/dcat#CatalogRecord",
        "pimCardinalityMin": null,
        "pimCardinalityMax": null
      },
      "https://techlib.cz/vocabulary/ccmm/hasAlternateTitle#domain": {
        "types": [
          "https://ofn.gov.cz/slovník/pim/AssociationEnd"
        ],
        "iri": "https://techlib.cz/vocabulary/ccmm/hasAlternateTitle#domain",
        "pimInterpretation": null,
        "pimTechnicalLabel": null,
        "pimHumanLabel": null,
        "pimHumanDescription": null,
        "pimPart": "http://www.w3.org/ns/dcat#Dataset",
        "pimCardinalityMin": null,
        "pimCardinalityMax": null
      },
      "https://techlib.cz/vocabulary/ccmm/hasAlternateTitle": {
        "types": [
          "https://ofn.gov.cz/slovník/pim/Association"
        ],
        "iri": "https://techlib.cz/vocabulary/ccmm/hasAlternateTitle",
        "pimInterpretation": "https://techlib.cz/vocabulary/ccmm/hasAlternateTitle",
        "pimTechnicalLabel": null,
        "pimHumanLabel": {
          "en": "has alternate title"
        },
        "pimHumanDescription": {},
        "pimEnd": [
          "https://techlib.cz/vocabulary/ccmm/hasAlternateTitle#domain",
          "https://techlib.cz/vocabulary/ccmm/hasAlternateTitle#range"
        ],
        "pimIsOriented": true,
        "pimExtends": []
      },
      "https://techlib.cz/vocabulary/ccmm/hasAlternateTitle#range": {
        "types": [
          "https://ofn.gov.cz/slovník/pim/AssociationEnd"
        ],
        "iri": "https://techlib.cz/vocabulary/ccmm/hasAlternateTitle#range",
        "pimInterpretation": null,
        "pimTechnicalLabel": null,
        "pimHumanLabel": null,
        "pimHumanDescription": null,
        "pimPart": "https://techlib.cz/vocabulary/ccmm/AlternateTitle",
        "pimCardinalityMin": null,
        "pimCardinalityMax": null
      },
      "https://techlib.cz/vocabulary/ccmm/hasType#domain": {
        "types": [
          "https://ofn.gov.cz/slovník/pim/AssociationEnd"
        ],
        "iri": "https://techlib.cz/vocabulary/ccmm/hasType#domain",
        "pimInterpretation": null,
        "pimTechnicalLabel": null,
        "pimHumanLabel": null,
        "pimHumanDescription": null,
        "pimPart": "https://www.w3.org/2002/07/owl#Thing",
        "pimCardinalityMin": null,
        "pimCardinalityMax": null
      },
      "https://techlib.cz/vocabulary/ccmm/hasType": {
        "types": [
          "https://ofn.gov.cz/slovník/pim/Association"
        ],
        "iri": "https://techlib.cz/vocabulary/ccmm/hasType",
        "pimInterpretation": "https://techlib.cz/vocabulary/ccmm/hasType",
        "pimTechnicalLabel": null,
        "pimHumanLabel": {
          "en": "has type"
        },
        "pimHumanDescription": {
          "en": "Reference to the codelist value giving the specific type to the attribute."
        },
        "pimEnd": [
          "https://techlib.cz/vocabulary/ccmm/hasType#domain",
          "https://techlib.cz/vocabulary/ccmm/hasType#range"
        ],
        "pimIsOriented": true,
        "pimExtends": []
      },
      "https://techlib.cz/vocabulary/ccmm/hasType#range": {
        "types": [
          "https://ofn.gov.cz/slovník/pim/AssociationEnd"
        ],
        "iri": "https://techlib.cz/vocabulary/ccmm/hasType#range",
        "pimInterpretation": null,
        "pimTechnicalLabel": null,
        "pimHumanLabel": null,
        "pimHumanDescription": null,
        "pimPart": "http://www.w3.org/2004/02/skos/core#Concept",
        "pimCardinalityMin": null,
        "pimCardinalityMax": null
      },
      "https://techlib.cz/vocabulary/ccmm/inScheme#domain": {
        "types": [
          "https://ofn.gov.cz/slovník/pim/AssociationEnd"
        ],
        "iri": "https://techlib.cz/vocabulary/ccmm/inScheme#domain",
        "pimInterpretation": null,
        "pimTechnicalLabel": null,
        "pimHumanLabel": null,
        "pimHumanDescription": null,
        "pimPart": "http://www.w3.org/ns/adms#Identifier",
        "pimCardinalityMin": null,
        "pimCardinalityMax": null
      },
      "https://techlib.cz/vocabulary/ccmm/inScheme": {
        "types": [
          "https://ofn.gov.cz/slovník/pim/Association"
        ],
        "iri": "https://techlib.cz/vocabulary/ccmm/inScheme",
        "pimInterpretation": "https://techlib.cz/vocabulary/ccmm/inScheme",
        "pimTechnicalLabel": null,
        "pimHumanLabel": {
          "en": "in scheme"
        },
        "pimHumanDescription": {
          "en": "Relation between the identifier and scheme in which it is defined and unique."
        },
        "pimEnd": [
          "https://techlib.cz/vocabulary/ccmm/inScheme#domain",
          "https://techlib.cz/vocabulary/ccmm/inScheme#range"
        ],
        "pimIsOriented": true,
        "pimExtends": []
      },
      "https://techlib.cz/vocabulary/ccmm/inScheme#range": {
        "types": [
          "https://ofn.gov.cz/slovník/pim/AssociationEnd"
        ],
        "iri": "https://techlib.cz/vocabulary/ccmm/inScheme#range",
        "pimInterpretation": null,
        "pimTechnicalLabel": null,
        "pimHumanLabel": null,
        "pimHumanDescription": null,
        "pimPart": "https://techlib.cz/vocabulary/ccmm/IdentifierScheme",
        "pimCardinalityMin": null,
        "pimCardinalityMax": null
      },
      "https://techlib.cz/vocabulary/ccmm/Distribution-DataService": {
        "types": [
          "https://ofn.gov.cz/slovník/pim/Class"
        ],
        "iri": "https://techlib.cz/vocabulary/ccmm/Distribution-DataService",
        "pimInterpretation": "https://techlib.cz/vocabulary/ccmm/Distribution-DataService",
        "pimTechnicalLabel": null,
        "pimHumanLabel": {
          "en": "Distribution - data service"
        },
        "pimHumanDescription": {
          "en": "Physical embodiment of the dataset as a particular data service. "
        },
        "pimExtends": [
          "http://www.w3.org/ns/dcat#Distribution",
          "http://www.w3.org/2002/07/owl#Thing"
        ],
        "pimIsCodelist": false,
        "pimCodelistUrl": [],
        "pimRegex": null,
        "pimExample": null,
        "pimObjectExample": null
      },
      "https://techlib.cz/vocabulary/ccmm/ContactDetails": {
        "types": [
          "https://ofn.gov.cz/slovník/pim/Class"
        ],
        "iri": "https://techlib.cz/vocabulary/ccmm/ContactDetails",
        "pimInterpretation": "https://techlib.cz/vocabulary/ccmm/ContactDetails",
        "pimTechnicalLabel": null,
        "pimHumanLabel": {
          "en": "Contact details"
        },
        "pimHumanDescription": {
          "en": "Contact details such as telephone, e-mail address etc."
        },
        "pimExtends": [
          "http://www.w3.org/2002/07/owl#Thing"
        ],
        "pimIsCodelist": false,
        "pimCodelistUrl": [],
        "pimRegex": null,
        "pimExample": null,
        "pimObjectExample": null
      },
      "https://techlib.cz/vocabulary/ccmm/TimeReference": {
        "types": [
          "https://ofn.gov.cz/slovník/pim/Class"
        ],
        "iri": "https://techlib.cz/vocabulary/ccmm/TimeReference",
        "pimInterpretation": "https://techlib.cz/vocabulary/ccmm/TimeReference",
        "pimTechnicalLabel": null,
        "pimHumanLabel": {
          "en": "Time reference"
        },
        "pimHumanDescription": {
          "en": "A date on which something relative to the resource has happened."
        },
        "pimExtends": [
          "http://www.w3.org/2002/07/owl#Thing"
        ],
        "pimIsCodelist": false,
        "pimCodelistUrl": [],
        "pimRegex": null,
        "pimExample": null,
        "pimObjectExample": null
      },
      "https://techlib.cz/vocabulary/ccmm/AlternateTitle": {
        "types": [
          "https://ofn.gov.cz/slovník/pim/Class"
        ],
        "iri": "https://techlib.cz/vocabulary/ccmm/AlternateTitle",
        "pimInterpretation": "https://techlib.cz/vocabulary/ccmm/AlternateTitle",
        "pimTechnicalLabel": null,
        "pimHumanLabel": {
          "en": "Alternate title"
        },
        "pimHumanDescription": {
          "en": "Alternate title of the resource."
        },
        "pimExtends": [
          "http://www.w3.org/2002/07/owl#Thing"
        ],
        "pimIsCodelist": false,
        "pimCodelistUrl": [],
        "pimRegex": null,
        "pimExample": null,
        "pimObjectExample": null
      },
      "https://techlib.cz/vocabulary/ccmm/Distribution-DownloadableFile": {
        "types": [
          "https://ofn.gov.cz/slovník/pim/Class"
        ],
        "iri": "https://techlib.cz/vocabulary/ccmm/Distribution-DownloadableFile",
        "pimInterpretation": "https://techlib.cz/vocabulary/ccmm/Distribution-DownloadableFile",
        "pimTechnicalLabel": null,
        "pimHumanLabel": {
          "en": "Distribution - downloadable file"
        },
        "pimHumanDescription": {
          "en": "Physical embodiment of the dataset in a particular format. "
        },
        "pimExtends": [
          "http://www.w3.org/ns/dcat#Distribution",
          "http://www.w3.org/2002/07/owl#Thing"
        ],
        "pimIsCodelist": false,
        "pimCodelistUrl": [],
        "pimRegex": null,
        "pimExample": null,
        "pimObjectExample": null
      },
      "https://techlib.cz/vocabulary/ccmm/ValidationResult": {
        "types": [
          "https://ofn.gov.cz/slovník/pim/Class"
        ],
        "iri": "https://techlib.cz/vocabulary/ccmm/ValidationResult",
        "pimInterpretation": "https://techlib.cz/vocabulary/ccmm/ValidationResult",
        "pimTechnicalLabel": null,
        "pimHumanLabel": {
          "en": "Validation result"
        },
        "pimHumanDescription": {
          "en": "Class describing the result of validation testing. It may include validation of metadata, data and/or web services accessing the data."
        },
        "pimExtends": [
          "http://www.w3.org/2002/07/owl#Thing"
        ],
        "pimIsCodelist": false,
        "pimCodelistUrl": [],
        "pimRegex": null,
        "pimExample": null,
        "pimObjectExample": null
      },
      "https://techlib.cz/vocabulary/ccmm/SubjectScheme": {
        "types": [
          "https://ofn.gov.cz/slovník/pim/Class"
        ],
        "iri": "https://techlib.cz/vocabulary/ccmm/SubjectScheme",
        "pimInterpretation": "https://techlib.cz/vocabulary/ccmm/SubjectScheme",
        "pimTechnicalLabel": null,
        "pimHumanLabel": {
          "en": "Subject scheme"
        },
        "pimHumanDescription": {
          "en": "Collection of subjects (keywords, concepts, classification codes) curated by a single source."
        },
        "pimExtends": [
          "http://www.w3.org/2002/07/owl#Thing"
        ],
        "pimIsCodelist": false,
        "pimCodelistUrl": [],
        "pimRegex": null,
        "pimExample": null,
        "pimObjectExample": null
      },
      "https://techlib.cz/vocabulary/ccmm/IdentifierScheme": {
        "types": [
          "https://ofn.gov.cz/slovník/pim/Class"
        ],
        "iri": "https://techlib.cz/vocabulary/ccmm/IdentifierScheme",
        "pimInterpretation": "https://techlib.cz/vocabulary/ccmm/IdentifierScheme",
        "pimTechnicalLabel": null,
        "pimHumanLabel": {
          "en": "Identifier scheme"
        },
        "pimHumanDescription": {
          "en": "Scheme in which is the identifier value unique, usually representing some authority. Identifier scheme shall always be represented as IRI identifier."
        },
        "pimExtends": [
          "http://www.w3.org/2002/07/owl#Thing"
        ],
        "pimIsCodelist": false,
        "pimCodelistUrl": [],
        "pimRegex": null,
        "pimExample": null,
        "pimObjectExample": null
      },
      "https://techlib.cz/vocabulary/ccmm/ResourceToAgentRelationship": {
        "types": [
          "https://ofn.gov.cz/slovník/pim/Class"
        ],
        "iri": "https://techlib.cz/vocabulary/ccmm/ResourceToAgentRelationship",
        "pimInterpretation": "https://techlib.cz/vocabulary/ccmm/ResourceToAgentRelationship",
        "pimTechnicalLabel": null,
        "pimHumanLabel": {
          "en": "Resource to agent relationship"
        },
        "pimHumanDescription": {
          "en": "An association class for attaching additional information to a relationship between Dataset and Agent."
        },
        "pimExtends": [
          "http://www.w3.org/ns/dcat#Relationship",
          "http://www.w3.org/2002/07/owl#Thing"
        ],
        "pimIsCodelist": false,
        "pimCodelistUrl": [],
        "pimRegex": null,
        "pimExample": null,
        "pimObjectExample": null
      },
      "http://www.w3.org/2002/07/owl#Thing": {
        "types": [
          "https://ofn.gov.cz/slovník/pim/Class"
        ],
        "iri": "http://www.w3.org/2002/07/owl#Thing",
        "pimInterpretation": "http://www.w3.org/2002/07/owl#Thing",
        "pimTechnicalLabel": null,
        "pimHumanLabel": {
          "en": "owl:Thing"
        },
        "pimHumanDescription": null,
        "pimExtends": [
          "http://www.w3.org/2002/07/owl#Thing"
        ],
        "pimIsCodelist": false,
        "pimCodelistUrl": [],
        "pimRegex": null,
        "pimExample": null,
        "pimObjectExample": null
      }
    }
  },
  "urls": [
    "https://michalmed.github.io/CCMM-V/en/model.owl.ttl"
  ]
}