{
  "iri": "d54a372a-b13d-479f-b8d8-2ce4c9a06b25/6c88e100-c7d2-4009-81d3-2760026bbfa3",
  "types": [
    "http://dataspecer.com/resources/local/package"
  ],
  "userMetadata": {
    "label": {
      "en": "DCAT-AP 3.0.0 based on DCAT 3 DAP",
      "cs": "DCAT-AP 3.0.0 na základě DCAT 3 DAP"
    },
    "description": {},
    "importedFromUrl": "https://mff-uk.github.io/specifications/dcat-ap/",
    "documentBaseUrl": "https://mff-uk.github.io/specifications/dcat-ap/"
  },
  "metadata": {
    "creationDate": "2025-06-24T12:02:23.366Z",
    "modificationDate": "2025-06-24T13:30:03.594Z"
  },
  "_version": 1,
  "_exportVersion": 1,
  "_exportedAt": "2025-06-24T13:30:48.568Z",
  "_exportedBy": "http://localhost:3100"
}