{
  "iri": "d54a372a-b13d-479f-b8d8-2ce4c9a06b25/5f145e56-0f86-4cec-b3ad-f09e505d07e2/4b9668fa-ddbf-46ce-8f81-67fb48eb153c/09f95a19-8bb3-410e-a4c6-90610f4ed5c0",
  "types": [
    "https://dataspecer.com/core/model-descriptor/pim-store-wrapper"
  ],
  "userMetadata": {
    "documentBaseUrl": "https://www.w3.org/2006/vcard/ns",
    "label": {
      "en": "ns"
    }
  },
  "metadata": {
    "creationDate": "2025-03-17T09:57:03.628Z",
    "modificationDate": "2025-03-25T09:29:59.110Z"
  },
  "_version": 1,
  "_exportVersion": 1,
  "_exportedAt": "2025-03-25T09:30:56.938Z",
  "_exportedBy": "http://localhost:3100"
}