{
  "iri": "d54a372a-b13d-479f-b8d8-2ce4c9a06b25/5f145e56-0f86-4cec-b3ad-f09e505d07e2/4b9668fa-ddbf-46ce-8f81-67fb48eb153c/36fa6ef5-1a44-485c-bba2-a61dd83cc35e",
  "types": [
    "https://dataspecer.com/core/model-descriptor/pim-store-wrapper"
  ],
  "userMetadata": {
    "documentBaseUrl": "https://datagov-cz.github.io/cache-slovniku/time.ttl",
    "label": {
      "en": "time"
    }
  },
  "metadata": {
    "creationDate": "2025-03-17T09:57:02.669Z",
    "modificationDate": "2025-04-03T08:41:22.263Z"
  },
  "_version": 1,
  "_exportVersion": 1,
  "_exportedAt": "2025-04-03T08:46:36.948Z",
  "_exportedBy": "http://localhost:3100"
}