{
  "iri": "d54a372a-b13d-479f-b8d8-2ce4c9a06b25/5f145e56-0f86-4cec-b3ad-f09e505d07e2/4b9668fa-ddbf-46ce-8f81-67fb48eb153c/5be4aff5-30d5-4f69-8da2-fdbe9b00e179",
  "types": [
    "https://dataspecer.com/core/model-descriptor/pim-store-wrapper"
  ],
  "userMetadata": {
    "documentBaseUrl": "https://datagov-cz.github.io/cache-slovniku/foaf.ttl",
    "label": {
      "en": "foaf"
    }
  },
  "metadata": {
    "creationDate": "2025-03-17T09:57:01.370Z",
    "modificationDate": "2025-04-01T18:19:35.515Z"
  },
  "_version": 1,
  "_exportVersion": 1,
  "_exportedAt": "2025-04-01T18:20:44.254Z",
  "_exportedBy": "http://localhost:3100"
}