{
  "iri": "d54a372a-b13d-479f-b8d8-2ce4c9a06b25/5f145e56-0f86-4cec-b3ad-f09e505d07e2/4b9668fa-ddbf-46ce-8f81-67fb48eb153c/943c4055-93c4-4717-a624-a89ec642dd0a",
  "types": [
    "https://dataspecer.com/core/model-descriptor/pim-store-wrapper"
  ],
  "userMetadata": {
    "documentBaseUrl": "https://www.w3.org/ns/dcat3.ttl",
    "label": {
      "en": "dcat3"
    }
  },
  "metadata": {
    "creationDate": "2025-03-17T09:57:03.955Z",
    "modificationDate": "2025-04-03T08:41:22.686Z"
  },
  "_version": 1,
  "_exportVersion": 1,
  "_exportedAt": "2025-04-03T08:46:36.957Z",
  "_exportedBy": "http://localhost:3100"
}