{
  "iri": "d54a372a-b13d-479f-b8d8-2ce4c9a06b25/5f145e56-0f86-4cec-b3ad-f09e505d07e2/4b9668fa-ddbf-46ce-8f81-67fb48eb153c/d4c5cc23-79e1-4d34-81a1-daa697ac0c5d",
  "types": [
    "https://dataspecer.com/core/model-descriptor/pim-store-wrapper"
  ],
  "userMetadata": {
    "documentBaseUrl": "https://www.w3.org/ns/legacy_locn.ttl",
    "label": {
      "en": "legacy_locn"
    }
  },
  "metadata": {
    "creationDate": "2025-03-17T09:57:04.597Z",
    "modificationDate": "2025-03-19T14:52:33.208Z"
  },
  "_version": 1,
  "_exportVersion": 1,
  "_exportedAt": "2025-03-19T14:55:01.202Z",
  "_exportedBy": "http://localhost:3100"
}