{
  "iri": "d54a372a-b13d-479f-b8d8-2ce4c9a06b25/b3fc2069-17a8-424e-9c40-5902058118f5",
  "types": [
    "http://dataspecer.com/resources/local/package"
  ],
  "userMetadata": {
    "label": {
      "en": "DataCite"
    },
    "description": {},
    "importedFromUrl": "https://michalmed.github.io/DataCite/en/",
    "documentBaseUrl": "https://michalmed.github.io/DataCite/en/"
  },
  "metadata": {
    "creationDate": "2025-06-24T12:02:22.988Z",
    "modificationDate": "2025-06-24T13:29:59.416Z"
  },
  "_version": 1,
  "_exportVersion": 1,
  "_exportedAt": "2025-06-24T13:30:48.541Z",
  "_exportedBy": "http://localhost:3100"
}