{
  "iri": "d54a372a-b13d-479f-b8d8-2ce4c9a06b25/292640e8-dd82-427c-b17e-d52d7d5413c1/4a0348a7-8ce6-4c68-9ba3-818ae27302a7/62d536ef-f0a1-49b4-9b79-514cdc8a5ea5",
  "types": [
    "https://dataspecer.com/core/model-descriptor/pim-store-wrapper"
  ],
  "userMetadata": {
    "documentBaseUrl": "https://semiceu.github.io/Core-Location-Vocabulary/releases/2.00/voc/core-location-ap.ttl",
    "label": {
      "en": "core-location-ap"
    }
  },
  "metadata": {
    "creationDate": "2025-05-15T12:22:37.843Z",
    "modificationDate": "2025-05-20T09:03:54.648Z"
  },
  "_version": 1,
  "_exportVersion": 1,
  "_exportedAt": "2025-05-20T09:05:51.048Z",
  "_exportedBy": "http://localhost:3100"
}