{
  "iri": "d54a372a-b13d-479f-b8d8-2ce4c9a06b25/292640e8-dd82-427c-b17e-d52d7d5413c1/4a0348a7-8ce6-4c68-9ba3-818ae27302a7/6c0eb6a8-8226-43ef-a69f-6c854f472690",
  "types": [
    "https://dataspecer.com/core/model-descriptor/pim-store-wrapper"
  ],
  "userMetadata": {
    "documentBaseUrl": "https://www.w3.org/ns/prov-o",
    "label": {
      "en": "prov-o"
    }
  },
  "metadata": {
    "creationDate": "2025-05-15T12:22:42.377Z",
    "modificationDate": "2025-05-20T07:34:16.170Z"
  },
  "_version": 1,
  "_exportVersion": 1,
  "_exportedAt": "2025-05-20T07:36:35.987Z",
  "_exportedBy": "http://localhost:3100"
}