{
  "iri": "d54a372a-b13d-479f-b8d8-2ce4c9a06b25/292640e8-dd82-427c-b17e-d52d7d5413c1/4a0348a7-8ce6-4c68-9ba3-818ae27302a7/8e5a4abd-cec7-487d-921b-d9075cff1791",
  "types": [
    "https://dataspecer.com/core/model-descriptor/pim-store-wrapper"
  ],
  "userMetadata": {
    "documentBaseUrl": "https://datagov-cz.github.io/cache-slovniku/spdx-ontology.2.3.1.ttl",
    "label": {
      "en": "spdx-ontology"
    }
  },
  "metadata": {
    "creationDate": "2025-05-15T12:22:45.217Z",
    "modificationDate": "2025-05-20T09:03:55.316Z"
  },
  "_version": 1,
  "_exportVersion": 1,
  "_exportedAt": "2025-05-20T09:05:51.060Z",
  "_exportedBy": "http://localhost:3100"
}