{
  "iri": "d54a372a-b13d-479f-b8d8-2ce4c9a06b25/292640e8-dd82-427c-b17e-d52d7d5413c1/4a0348a7-8ce6-4c68-9ba3-818ae27302a7/a76a5e94-6b8f-402a-a501-fecfa4c2dfe5",
  "types": [
    "https://dataspecer.com/core/model-descriptor/pim-store-wrapper"
  ],
  "userMetadata": {
    "documentBaseUrl": "https://www.w3.org/2006/vcard/ns",
    "label": {
      "en": "ns"
    }
  },
  "metadata": {
    "creationDate": "2025-05-15T12:22:41.435Z",
    "modificationDate": "2025-05-20T09:17:53.534Z"
  },
  "_version": 1,
  "_exportVersion": 1,
  "_exportedAt": "2025-05-20T09:19:47.320Z",
  "_exportedBy": "http://localhost:3100"
}