{
  "iri": "d54a372a-b13d-479f-b8d8-2ce4c9a06b25/292640e8-dd82-427c-b17e-d52d7d5413c1/4a0348a7-8ce6-4c68-9ba3-818ae27302a7/profile",
  "types": [
    "http://dataspecer.com/resources/local/semantic-model"
  ],
  "userMetadata": {
    "label": {
      "en": "DCAT 3 Default Application Profile"
    },
    "documentBaseUrl": "https://mff-uk.github.io/specifications/dcat-dap/"
  },
  "metadata": {
    "creationDate": "2025-05-15T12:22:45.595Z",
    "modificationDate": "2025-05-20T07:34:17.146Z"
  },
  "_version": 1,
  "_exportVersion": 1,
  "_exportedAt": "2025-05-20T07:36:35.992Z",
  "_exportedBy": "http://localhost:3100"
}