{
  "iri": "d54a372a-b13d-479f-b8d8-2ce4c9a06b25/6770a392-c67e-4186-bbb5-01fcb78e2d97/vocabulary",
  "types": [
    "http://dataspecer.com/resources/local/semantic-model"
  ],
  "userMetadata": {
    "label": {
      "en": "DataCite"
    },
    "documentBaseUrl": "https://michalmed.github.io/DataCite/en/"
  },
  "metadata": {
    "creationDate": "2025-06-30T09:16:30.000Z",
    "modificationDate": "2025-06-30T09:36:32.809Z"
  },
  "_version": 1,
  "_exportVersion": 1,
  "_exportedAt": "2025-06-30T09:44:54.894Z",
  "_exportedBy": "http://localhost:3100"
}