{
  "iri": "d54a372a-b13d-479f-b8d8-2ce4c9a06b25/5f145e56-0f86-4cec-b3ad-f09e505d07e2",
  "types": [
    "http://dataspecer.com/resources/local/package"
  ],
  "userMetadata": {
    "label": {
      "en": "DCAT-AP based on DCAT-DAP"
    },
    "description": {},
    "importedFromUrl": "https://mff-uk.github.io/specifications/dcat-ap/",
    "documentBaseUrl": "https://mff-uk.github.io/specifications/dcat-ap/"
  },
  "metadata": {
    "creationDate": "2025-03-17T09:57:01.116Z",
    "modificationDate": "2025-04-02T11:38:20.225Z"
  },
  "_version": 1,
  "_exportVersion": 1,
  "_exportedAt": "2025-04-02T11:39:20.691Z",
  "_exportedBy": "http://localhost:3100"
}