{
  "iri": "d54a372a-b13d-479f-b8d8-2ce4c9a06b25/5f145e56-0f86-4cec-b3ad-f09e505d07e2/1bd4cf32-20b7-43ab-94e6-c3b5c37c4fe8",
  "types": [
    "https://dataspecer.com/core/model-descriptor/pim-store-wrapper"
  ],
  "userMetadata": {
    "documentBaseUrl": "https://op.europa.eu/documents/3938058/11669184/eli.owl/"
  },
  "metadata": {
    "creationDate": "2025-03-17T09:57:05.918Z",
    "modificationDate": "2025-04-02T11:38:19.912Z"
  },
  "_version": 1,
  "_exportVersion": 1,
  "_exportedAt": "2025-04-02T11:39:20.684Z",
  "_exportedBy": "http://localhost:3100"
}