{
  "iri": "d54a372a-b13d-479f-b8d8-2ce4c9a06b25/5f145e56-0f86-4cec-b3ad-f09e505d07e2/913c2858-2326-4212-8fb6-b69cd0ec5fa9",
  "types": [
    "https://dataspecer.com/core/model-descriptor/pim-store-wrapper"
  ],
  "userMetadata": {
    "documentBaseUrl": "https://semiceu.github.io/DCAT-AP/r5r/releases/3.0.0/voc/r5r.jsonld",
    "label": {
      "en": "r5r"
    }
  },
  "metadata": {
    "creationDate": "2025-03-17T09:57:06.187Z",
    "modificationDate": "2025-04-01T18:19:34.908Z"
  },
  "_version": 1,
  "_exportVersion": 1,
  "_exportedAt": "2025-04-01T18:20:44.298Z",
  "_exportedBy": "http://localhost:3100"
}