{
  "iri": "d54a372a-b13d-479f-b8d8-2ce4c9a06b25/292640e8-dd82-427c-b17e-d52d7d5413c1/96259d72-c1e2-4c7f-a67d-102efb931578",
  "types": [
    "https://dataspecer.com/core/model-descriptor/pim-store-wrapper"
  ],
  "userMetadata": {
    "documentBaseUrl": "https://semiceu.github.io/DCAT-AP/r5r/releases/3.0.0/voc/r5r.jsonld",
    "label": {
      "en": "r5r"
    }
  },
  "metadata": {
    "creationDate": "2025-05-15T12:22:25.325Z",
    "modificationDate": "2025-05-20T09:03:55.885Z"
  },
  "_version": 1,
  "_exportVersion": 1,
  "_exportedAt": "2025-05-20T09:05:51.032Z",
  "_exportedBy": "http://localhost:3100"
}