{
  "iri": "d54a372a-b13d-479f-b8d8-2ce4c9a06b25/292640e8-dd82-427c-b17e-d52d7d5413c1/profile",
  "types": [
    "http://dataspecer.com/resources/local/semantic-model"
  ],
  "userMetadata": {
    "label": {
      "en": "DCAT-AP 3.0.0 based on DCAT 3 DAP"
    },
    "documentBaseUrl": "https://mff-uk.github.io/specifications/dcat-ap/"
  },
  "metadata": {
    "creationDate": "2025-05-15T12:22:26.871Z",
    "modificationDate": "2025-05-20T09:02:46.138Z"
  },
  "_version": 1,
  "_exportVersion": 1,
  "_exportedAt": "2025-05-20T09:05:51.038Z",
  "_exportedBy": "http://localhost:3100"
}